time_s,ball_grey,servo_grey,ball_black,servo_black,Kp,Ki,Kd,r_0
0,380,45,380,45,-1.2,-0.01,-0.7,380
4.46557587823925e-06,380,45,379.999999999888,45,-1.2,-0.01,-0.7,380
2.67934552694355e-05,380,45,379.999999995959,45,-1.2,-0.01,-0.7,380
0.000138432852225417,379.999999999989,45,379.999999892135,45,-1.2,-0.01,-0.7,380
0.000696629837005323,379.999999993106,45,379.999997268461,45,-1.2,-0.01,-0.7,380
0.00348761476090486,379.999995757521,45,379.99993153631,45,-1.2,-0.01,-0.7,380
0.00855535014100542,379.999852043046,45,379.999588017406,45,-1.2,-0.01,-0.7,380
0.01,379.999726770571,45,379.999437136235,45,-1.2,-0.01,-0.7,380
0.0172232492949729,379.997721153505,45,379.997053636045,45,-1.2,-0.01,-0.7,380
0.02,379.995941002941,45,379.995301635465,45,-1.2,-0.01,-0.7,380
0.03,379.980924429253,45,379.981311393134,45,-1.2,-0.01,-0.7,380
0.04,379.944050467738,45,379.948403494106,45,-1.2,-0.01,-0.7,380
0.05,379.873273506707,45,379.886097652995,45,-1.2,-0.01,-0.7,380
0.059,379.770386651017,45,379.796070524992,45,-1.2,-0.01,-0.7,380
0.06,379.756261272938,45,379.783800949946,45,-1.2,-0.01,-0.7,380
0.065,379.676688138982,45,379.714293847371,45,-1.2,-0.01,-0.7,380
0.07,379.581196118756,45,379.630734850933,45,-1.2,-0.01,-0.7,380
0.08,379.337282628551,45,379.416110843667,45,-1.2,-0.01,-0.7,380
0.09,379.015014295699,45,379.129358537568,45,-1.2,-0.01,-0.7,380
0.1,378.606259527935,45,378.760536776946,45,-1.2,-0.01,-0.7,380
0.11,378.104226451991,45,378.301211214015,45,-1.2,-0.01,-0.7,380
0.118,377.631665788325,45,377.864207650021,45,-1.2,-0.01,-0.7,380
0.12,377.503355588633,45,377.745001667531,45,-1.2,-0.01,-0.7,380
0.13,376.799177343634,45,377.087367881336,45,-1.2,-0.01,-0.7,380
0.14,375.988159272528,45,376.325167378939,45,-1.2,-0.01,-0.7,380
0.15,375.06755793459,45,375.456280380109,45,-1.2,-0.01,-0.7,380
0.16,374.035283332312,45,374.479282803136,45,-1.2,-0.01,-0.7,380
0.17,372.889779120818,45,373.393211508736,45,-1.2,-0.01,-0.7,380
0.177,372.019936922875,45,372.567699521386,45,-1.2,-0.01,-0.7,380
0.18,371.629919127961,45,372.197408736994,45,-1.2,-0.01,-0.7,380
0.19,370.254919327044,45,370.891419607172,45,-1.2,-0.01,-0.7,380
0.2,368.76426376544,45,369.474925332064,45,-1.2,-0.01,-0.7,380
0.21,367.157642859726,45,367.947699315644,45,-1.2,-0.01,-0.7,380
0.22,365.434902458958,45,366.309578036337,45,-1.2,-0.01,-0.7,380
0.23,363.596002248834,45,364.560441543135,45,-1.2,-0.01,-0.7,380
0.236,362.436919545022,15.5162460803387,363.457633977623,22.3528718794044,-1.2,-0.01,-0.7,380
0.24,361.64098543883,15.5162460803387,362.700200276321,22.3528718794044,-1.2,-0.01,-0.7,380
0.25,359.570389167931,15.5162460803387,360.729236520927,22.3528718794044,-1.2,-0.01,-0.7,380
0.26,357.386659446732,15.5162460803387,358.650036629118,22.3528718794044,-1.2,-0.01,-0.7,380
0.27,355.094182331955,15.5162460803387,356.467975467806,22.3528718794044,-1.2,-0.01,-0.7,380
0.28,352.69867220772,15.5162460803387,354.190303581726,22.3528718794044,-1.2,-0.01,-0.7,380
0.29,350.206651714143,15.5162460803387,351.825160000493,22.3528718794044,-1.2,-0.01,-0.7,380
0.295,348.926598559867,-45,350.612325225232,-37.3139534675339,-1.2,-0.01,-0.7,380
0.3,347.625027633621,-45,349.380601428666,-37.3139534675339,-1.2,-0.01,-0.7,380
0.31,344.962172964869,-45,346.867083094261,-37.3139534675339,-1.2,-0.01,-0.7,380
0.32,342.231469250664,-45,344.298295702289,-37.3139534675339,-1.2,-0.01,-0.7,380
0.33,339.451018063337,-45,341.685497503994,-37.3139534675339,-1.2,-0.01,-0.7,380
0.34,336.641760668148,-45,339.038251700556,-37.3139534675339,-1.2,-0.01,-0.7,380
0.35,333.825659527116,-45,336.367696758315,-37.3139534675339,-1.2,-0.01,-0.7,380
0.354,332.702149189441,-45,335.295407121173,-45,-1.2,-0.01,-0.7,380
0.36,331.024140823014,-45,333.684896443118,-45,-1.2,-0.01,-0.7,380
0.37,328.256955031705,-45,330.996285701402,-45,-1.2,-0.01,-0.7,380
0.38,325.54150004662,-45,328.305633165299,-45,-1.2,-0.01,-0.7,380
0.39,322.892553572928,-45,325.619794309527,-45,-1.2,-0.01,-0.7,380
0.4,320.322304844271,-45,322.947734496608,-45,-1.2,-0.01,-0.7,380
0.41,317.840570690099,-45,320.299127042319,-45,-1.2,-0.01,-0.7,380
0.413,317.114517702757,-45,319.51052803942,-45,-1.2,-0.01,-0.7,380
0.42,315.455100333844,-45,317.683916245052,-45,-1.2,-0.01,-0.7,380
0.43,313.171902761861,-45,315.112219357689,-45,-1.2,-0.01,-0.7,380
0.44,310.995557474541,-45,312.594195110945,-45,-1.2,-0.01,-0.7,380
0.45,308.929490018882,-45,310.13995855252,-45,-1.2,-0.01,-0.7,380
0.46,306.976206372496,-45,307.759347615439,-45,-1.2,-0.01,-0.7,380
0.47,305.137487598449,-45,305.461403174138,-45,-1.2,-0.01,-0.7,380
0.472,304.783607004286,-45,305.012378326123,-45,-1.2,-0.01,-0.7,380
0.48,303.414549309884,-45,303.25375210066,-45,-1.2,-0.01,-0.7,380
0.49,301.808171340255,-45,301.142304082322,-45,-1.2,-0.01,-0.7,380
0.5,300.318802785095,-45,299.131361101597,-45,-1.2,-0.01,-0.7,380
0.51,298.946646724721,-45,297.223917246819,-45,-1.2,-0.01,-0.7,380
0.52,297.69172824242,-45,295.421990958941,-45,-1.2,-0.01,-0.7,380
0.53,296.553948584659,-45,293.726917293205,-45,-1.2,-0.01,-0.7,380
0.531,296.446606837437,-45,293.563319350063,-45,-1.2,-0.01,-0.7,380
0.536,295.927434892148,-45,292.761540115912,-45,-1.2,-0.01,-0.7,380
0.54,295.533127788492,-45,292.139569306459,-45,-1.2,-0.01,-0.7,380
0.55,294.629037675885,-45,290.660513742251,-45,-1.2,-0.01,-0.7,380
0.56,293.841426873815,-45,289.290115980201,-45,-1.2,-0.01,-0.7,380
0.57,293.170039201032,-45,288.028609534215,-45,-1.2,-0.01,-0.7,380
0.58,292.614626680222,-45,286.876141686091,-45,-1.2,-0.01,-0.7,380
0.59,292.174958221011,-5.52674583079553,285.832803402648,-45,-1.2,-0.01,-0.7,380
0.6,291.850661460436,-5.52674583079553,284.898648945549,-45,-1.2,-0.01,-0.7,380
0.61,291.639589468059,-5.52674583079553,284.073708740445,-45,-1.2,-0.01,-0.7,380
0.62,291.536750950445,-5.52674583079553,283.357997827943,-45,-1.2,-0.01,-0.7,380
0.63,291.534996870385,-5.52674583079553,282.751521416082,-45,-1.2,-0.01,-0.7,380
0.64,291.62573912913,-5.52674583079553,282.254278526767,-45,-1.2,-0.01,-0.7,380
0.649,291.778743241537,39.9994505355475,281.90015064701,-13.8128889394755,-1.2,-0.01,-0.7,380
0.65,291.799594403294,39.9994505355475,281.866264387397,-13.8128889394755,-1.2,-0.01,-0.7,380
0.655,291.914648479518,39.9994505355475,281.713079362825,-13.8128889394755,-1.2,-0.01,-0.7,380
0.66,292.046589422236,39.9994505355475,281.586925602651,-13.8128889394755,-1.2,-0.01,-0.7,380
0.67,292.353873092334,39.9994505355475,281.41322031937,-13.8128889394755,-1.2,-0.01,-0.7,380
0.68,292.704759703476,39.9994505355475,281.338708247713,-13.8128889394755,-1.2,-0.01,-0.7,380
0.69,293.080292058292,39.9994505355475,281.355317078764,-13.8128889394755,-1.2,-0.01,-0.7,380
0.7,293.460816146833,39.9994505355475,281.454372404082,-13.8128889394755,-1.2,-0.01,-0.7,380
0.708,293.755975967007,45,281.58676859501,28.7674235606688,-1.2,-0.01,-0.7,380
0.71,293.82727232423,45,281.626740663449,28.7674235606688,-1.2,-0.01,-0.7,380
0.72,294.162054688026,45,281.872633605953,28.7674235606688,-1.2,-0.01,-0.7,380
0.73,294.449230025668,45,282.186934001853,28.7674235606688,-1.2,-0.01,-0.7,380
0.74,294.674720031779,45,282.554851915222,28.7674235606688,-1.2,-0.01,-0.7,380
0.75,294.826486927314,45,282.969740839038,28.7674235606688,-1.2,-0.01,-0.7,380
0.76,294.894514521219,45,283.422106097088,28.7674235606688,-1.2,-0.01,-0.7,380
0.767,294.887876705937,45,283.753849258833,45,-1.2,-0.01,-0.7,380
0.77,294.870654104344,45,283.898887146858,45,-1.2,-0.01,-0.7,380
0.78,294.748402491369,45,284.38855054303,45,-1.2,-0.01,-0.7,380
0.79,294.522659452742,45,284.875368975993,45,-1.2,-0.01,-0.7,380
0.8,294.189492849043,45,285.345056336822,45,-1.2,-0.01,-0.7,380
0.81,293.745926356333,45,285.787052537366,45,-1.2,-0.01,-0.7,380
0.82,293.189755192757,45,286.189018829585,45,-1.2,-0.01,-0.7,380
0.826,292.801319574279,21.239734576114,286.405938136826,45,-1.2,-0.01,-0.7,380
0.83,292.519392716463,21.239734576114,286.539117155877,45,-1.2,-0.01,-0.7,380
0.84,291.734093156069,21.239734576114,286.826599271552,45,-1.2,-0.01,-0.7,380
0.85,290.834985889585,21.239734576114,287.040784406173,45,-1.2,-0.01,-0.7,380
0.86,289.824987562968,21.239734576114,287.171821217226,45,-1.2,-0.01,-0.7,380
0.87,288.708233251948,21.239734576114,287.211505031867,45,-1.2,-0.01,-0.7,380
0.88,287.489617958817,21.239734576114,287.15368270737,45,-1.2,-0.01,-0.7,380
0.885,286.843755737654,-31.8142374437972,287.086796660487,45,-1.2,-0.01,-0.7,380
0.89,286.174436664577,-31.8142374437972,286.993996909084,45,-1.2,-0.01,-0.7,380
0.9,284.76929465029,-31.8142374437972,286.729445524619,45,-1.2,-0.01,-0.7,380
0.91,283.285083463052,-31.8142374437972,286.358006106006,45,-1.2,-0.01,-0.7,380
0.92,281.736772919155,-31.8142374437972,285.878319502895,45,-1.2,-0.01,-0.7,380
0.93,280.141914386755,-31.8142374437972,285.289465744064,45,-1.2,-0.01,-0.7,380
0.94,278.51920066315,-31.8142374437972,284.590815726085,45,-1.2,-0.01,-0.7,380
0.944,277.866504340177,-45,284.280512265476,2.49322018385185,-1.2,-0.01,-0.7,380
0.95,276.887215781972,-45,283.781933770631,2.49322018385185,-1.2,-0.01,-0.7,380
0.96,275.263911724548,-45,282.862981741595,2.49322018385185,-1.2,-0.01,-0.7,380
0.97,273.666791647543,-45,281.836217988744,2.49322018385185,-1.2,-0.01,-0.7,380
0.98,272.112267456221,-45,280.706741581584,2.49322018385185,-1.2,-0.01,-0.7,380
0.99,270.615042877032,-45,279.481378828041,2.49322018385185,-1.2,-0.01,-0.7,380
1,269.187822337658,-45,278.167721910887,2.49322018385185,-1.2,-0.01,-0.7,380
1.003,268.774952782923,-45,277.757562097635,-45,-1.2,-0.01,-0.7,380
1.01,267.841267015212,-45,276.773994526971,-45,-1.2,-0.01,-0.7,380
1.02,266.584112256829,-45,275.305490749784,-45,-1.2,-0.01,-0.7,380
1.03,265.423372574689,-45,273.76325875011,-45,-1.2,-0.01,-0.7,380
1.04,264.364581007629,-45,272.14648429036,-45,-1.2,-0.01,-0.7,380
1.05,263.412028243517,-45,270.459805528524,-45,-1.2,-0.01,-0.7,380
1.06,262.568982959154,-45,268.711592173264,-45,-1.2,-0.01,-0.7,380
1.062,262.413742162058,-45,268.355006694752,-45,-1.2,-0.01,-0.7,380
1.07,261.83788529524,-45,266.907103712221,-45,-1.2,-0.01,-0.7,380
1.08,261.220511829157,-45,265.053466088778,-45,-1.2,-0.01,-0.7,380
1.09,260.718113780534,-45,263.159591395254,-45,-1.2,-0.01,-0.7,380
1.1,260.331531522682,-45,261.233850527347,-45,-1.2,-0.01,-0.7,380
1.11,260.061288791989,-45,259.285450229617,-45,-1.2,-0.01,-0.7,380
1.12,259.907669723672,-45,257.324445767988,-45,-1.2,-0.01,-0.7,380
1.121,259.898727486377,-23.2596873574548,257.127982002748,-45,-1.2,-0.01,-0.7,380
1.126,259.871522239909,-23.2596873574548,256.146078599759,-45,-1.2,-0.01,-0.7,380
1.13,259.870722885623,-23.2596873574548,255.361054385223,-45,-1.2,-0.01,-0.7,380
1.14,259.949518310281,-23.2596873574548,253.405728480751,-45,-1.2,-0.01,-0.7,380
1.15,260.141512125825,-23.2596873574548,251.469036903028,-45,-1.2,-0.01,-0.7,380
1.16,260.442961513509,-23.2596873574548,249.561470070357,-45,-1.2,-0.01,-0.7,380
1.17,260.849365764658,-23.2596873574548,247.6934153174,-45,-1.2,-0.01,-0.7,380
1.18,261.355826761352,25.6184977074837,245.87517310324,-24.5559016060973,-1.2,-0.01,-0.7,380
1.19,261.957102250406,25.6184977074837,244.120893344379,-24.5559016060973,-1.2,-0.01,-0.7,380
1.2,262.645379309254,25.6184977074837,242.435245201757,-24.5559016060973,-1.2,-0.01,-0.7,380
1.21,263.408729375782,25.6184977074837,240.811216765217,-24.5559016060973,-1.2,-0.01,-0.7,380
1.22,264.232250870222,25.6184977074837,239.24602023702,-24.5559016060973,-1.2,-0.01,-0.7,380
1.23,265.099384649658,25.6184977074837,237.739007653261,-24.5559016060973,-1.2,-0.01,-0.7,380
1.239,265.903018055184,45,236.431949184026,-45,-1.2,-0.01,-0.7,380
1.24,265.993109015499,45,236.28959762368,-45,-1.2,-0.01,-0.7,380
1.245,266.444728732196,45,235.586617423995,-45,-1.2,-0.01,-0.7,380
1.25,266.896752099793,45,234.89831526994,-45,-1.2,-0.01,-0.7,380
1.26,267.793451625957,45,233.568431176854,-45,-1.2,-0.01,-0.7,380
1.27,268.666167280129,45,232.306727424637,-45,-1.2,-0.01,-0.7,380
1.28,269.498663603661,45,231.121636893886,-45,-1.2,-0.01,-0.7,380
1.29,270.276208218675,45,230.021483385528,-45,-1.2,-0.01,-0.7,380
1.298,270.849966938828,45,229.20740737061,-45,-1.2,-0.01,-0.7,380
1.3,270.985936063645,45,229.013412496208,-45,-1.2,-0.01,-0.7,380
1.31,271.616952953944,45,228.102880532482,-45,-1.2,-0.01,-0.7,380
1.32,272.160262170388,45,227.293792418061,-45,-1.2,-0.01,-0.7,380
1.33,272.608587939511,45,226.588840107995,-45,-1.2,-0.01,-0.7,380
1.34,272.956153014475,45,225.989827008818,-45,-1.2,-0.01,-0.7,380
1.35,273.198447819052,45,225.497942134829,-45,-1.2,-0.01,-0.7,380
1.357,273.303529610934,45,225.217793604875,-45,-1.2,-0.01,-0.7,380
1.36,273.332012939206,45,225.11396142348,-45,-1.2,-0.01,-0.7,380
1.37,273.354245309386,45,224.838387830022,-45,-1.2,-0.01,-0.7,380
1.38,273.263231275304,45,224.67154499737,-45,-1.2,-0.01,-0.7,380
1.39,273.057605748961,45,224.613639205194,-45,-1.2,-0.01,-0.7,380
1.4,272.736434895917,45,224.664799983956,-45,-1.2,-0.01,-0.7,380
1.41,272.299119226982,45,224.825106760869,-45,-1.2,-0.01,-0.7,380
1.416,271.980828360805,5.4181487120894,224.973701328924,-26.2622702460436,-1.2,-0.01,-0.7,380
1.42,271.745318380096,5.4181487120894,225.094606325005,-26.2622702460436,-1.2,-0.01,-0.7,380
1.43,271.075469964792,5.4181487120894,225.472641935287,-26.2622702460436,-1.2,-0.01,-0.7,380
1.44,270.29266626345,5.4181487120894,225.956198535456,-26.2622702460436,-1.2,-0.01,-0.7,380
1.45,269.40272442515,5.4181487120894,226.539503856639,-26.2622702460436,-1.2,-0.01,-0.7,380
1.46,268.413405526051,5.4181487120894,227.215688848869,-26.2622702460436,-1.2,-0.01,-0.7,380
1.47,267.333722177706,5.4181487120894,227.978176736306,-26.2622702460436,-1.2,-0.01,-0.7,380
1.475,266.762996534434,-45,228.389994806465,21.2537719606773,-1.2,-0.01,-0.7,380
1.48,266.173328653246,-45,228.821379004845,21.2537719606773,-1.2,-0.01,-0.7,380
1.49,264.943241127609,-45,229.747150044141,21.2537719606773,-1.2,-0.01,-0.7,380
1.5,263.658717696964,-45,230.752895803707,21.2537719606773,-1.2,-0.01,-0.7,380
1.51,262.338762512201,-45,231.82740393974,21.2537719606773,-1.2,-0.01,-0.7,380
1.52,261.004277524548,-45,232.964039085959,21.2537719606773,-1.2,-0.01,-0.7,380
1.53,259.676392478126,-45,234.153800018589,21.2537719606773,-1.2,-0.01,-0.7,380
1.534,259.151634694666,-45,234.641880230023,45,-1.2,-0.01,-0.7,380
1.54,258.375146823877,-45,235.384825521008,45,-1.2,-0.01,-0.7,380
1.55,257.118612028251,-45,236.645848828505,45,-1.2,-0.01,-0.7,380
1.56,255.922439836449,-45,237.920321714328,45,-1.2,-0.01,-0.7,380
1.57,254.799753757423,-45,239.193053379531,45,-1.2,-0.01,-0.7,380
1.58,253.761272054264,-45,240.45345734675,45,-1.2,-0.01,-0.7,380
1.59,252.815560679143,-45,241.688487772912,45,-1.2,-0.01,-0.7,380
1.593,252.550984888233,-45,242.052180199817,45,-1.2,-0.01,-0.7,380
1.6,251.969338648476,-45,242.885764817476,45,-1.2,-0.01,-0.7,380
1.61,251.227785830522,-45,244.03454632373,45,-1.2,-0.01,-0.7,380
1.62,250.59482567194,-45,245.12374279042,45,-1.2,-0.01,-0.7,380
1.63,250.073371401235,-45,246.142541721565,45,-1.2,-0.01,-0.7,380
1.64,249.665533527494,-45,247.080820293387,45,-1.2,-0.01,-0.7,380
1.65,249.372791478306,-45,247.929820485658,45,-1.2,-0.01,-0.7,380
1.652,249.328148853051,0.753628679771952,248.088325586246,35.6099655117833,-1.2,-0.01,-0.7,380
1.66,249.19605632197,0.753628679771952,248.682819762985,35.6099655117833,-1.2,-0.01,-0.7,380
1.67,249.134309538446,0.753628679771952,249.335419254491,35.6099655117833,-1.2,-0.01,-0.7,380
1.68,249.182961435336,0.753628679771952,249.886706341265,35.6099655117833,-1.2,-0.01,-0.7,380
1.69,249.334495366585,0.753628679771952,250.338480581765,35.6099655117833,-1.2,-0.01,-0.7,380
1.7,249.579322414479,0.753628679771952,250.692669477669,35.6099655117833,-1.2,-0.01,-0.7,380
1.71,249.906563129281,0.753628679771952,250.950793541743,35.6099655117833,-1.2,-0.01,-0.7,380
1.711,249.943380655842,0.753628679771952,250.971367455093,0.635832289271096,-1.2,-0.01,-0.7,380
1.716,250.1377090799,0.753628679771952,251.060098027839,0.635832289271096,-1.2,-0.01,-0.7,380
1.72,250.304773257288,0.753628679771952,251.114115693233,0.635832289271096,-1.2,-0.01,-0.7,380
1.73,250.762573490979,0.753628679771952,251.184196091636,0.635832289271096,-1.2,-0.01,-0.7,380
1.74,251.269146021698,0.753628679771952,251.16464309626,0.635832289271096,-1.2,-0.01,-0.7,380
1.75,251.814581080975,0.753628679771952,251.061907420423,0.635832289271096,-1.2,-0.01,-0.7,380
1.76,252.390082490052,0.753628679771952,250.884013642769,0.635832289271096,-1.2,-0.01,-0.7,380
1.77,252.988054636169,0.753628679771952,250.639684018168,0.635832289271096,-1.2,-0.01,-0.7,380
1.78,253.602099743618,0.753628679771952,250.338432339837,0.635832289271096,-1.2,-0.01,-0.7,380
1.79,254.22695350582,0.753628679771952,249.990422682203,0.635832289271096,-1.2,-0.01,-0.7,380
1.8,254.858382887214,0.753628679771952,249.605972184337,0.635832289271096,-1.2,-0.01,-0.7,380
1.81,255.493064481385,0.753628679771952,249.194669009891,0.635832289271096,-1.2,-0.01,-0.7,380
1.82,256.128456629452,0.753628679771952,248.764524112145,0.635832289271096,-1.2,-0.01,-0.7,380
1.829,256.699347363813,22.9545939005709,248.366406333409,0.635832289271096,-1.2,-0.01,-0.7,380
1.83,256.762674168523,22.9545939005709,248.321665132077,0.635832289271096,-1.2,-0.01,-0.7,380
1.835,257.078885875834,22.9545939005709,248.096894629599,0.635832289271096,-1.2,-0.01,-0.7,380
1.84,257.394175629014,22.9545939005709,247.870501028067,0.635832289271096,-1.2,-0.01,-0.7,380
1.85,258.020221255907,22.9545939005709,247.414073606366,0.635832289271096,-1.2,-0.01,-0.7,380
1.86,258.636249337304,22.9545939005709,246.954433990888,0.635832289271096,-1.2,-0.01,-0.7,380
1.87,259.236589495295,22.9545939005709,246.492950797267,0.635832289271096,-1.2,-0.01,-0.7,380
1.88,259.815082170988,22.9545939005709,246.03053232576,0.635832289271096,-1.2,-0.01,-0.7,380
1.888,260.257974933043,45,245.660336686466,0.635832289271096,-1.2,-0.01,-0.7,380
1.89,260.365530988454,45,245.567777950725,0.635832289271096,-1.2,-0.01,-0.7,380
1.9,260.881750852041,45,245.10507936033,0.635832289271096,-1.2,-0.01,-0.7,380
1.91,261.356325656365,45,244.64268811409,0.635832289271096,-1.2,-0.01,-0.7,380
1.92,261.780483765257,45,244.180760914361,0.635832289271096,-1.2,-0.01,-0.7,380
1.93,262.144993244096,45,243.719390104667,0.635832289271096,-1.2,-0.01,-0.7,380
1.94,262.440837448175,45,243.258624315597,0.635832289271096,-1.2,-0.01,-0.7,380
1.947,262.602558336555,37.6978947319049,242.936459159259,-26.3231046606121,-1.2,-0.01,-0.7,380
1.95,262.659651013743,37.6978947319049,242.79848249409,-26.3231046606121,-1.2,-0.01,-0.7,380
1.96,262.794064259063,37.6978947319049,242.3396085318,-26.3231046606121,-1.2,-0.01,-0.7,380
1.97,262.838211542219,37.6978947319049,241.885905845324,-26.3231046606121,-1.2,-0.01,-0.7,380
1.98,262.787722963044,37.6978947319049,241.445457133123,-26.3231046606121,-1.2,-0.01,-0.7,380
1.99,262.639429365928,37.6978947319049,241.028209467915,-26.3231046606121,-1.2,-0.01,-0.7,380
2,262.391106985594,37.6978947319049,240.64434444993,-26.3231046606121,-1.2,-0.01,-0.7,380
2.006,262.193455339797,4.54060104879201,240.43405231943,-34.5340950924481,-1.2,-0.01,-0.7,380
2.01,262.04127150326,4.54060104879201,240.303297363299,-34.5340950924481,-1.2,-0.01,-0.7,380
2.02,261.589557422489,4.54060104879201,240.01296843941,-34.5340950924481,-1.2,-0.01,-0.7,380
2.03,261.038373086952,4.54060104879201,239.780793192938,-34.5340950924481,-1.2,-0.01,-0.7,380
2.04,260.392817641641,4.54060104879201,239.614258787743,-34.5340950924481,-1.2,-0.01,-0.7,380
2.05,259.659824792833,4.54060104879201,239.519869733166,-34.5340950924481,-1.2,-0.01,-0.7,380
2.06,258.847450860568,4.54060104879201,239.502662358719,-34.5340950924481,-1.2,-0.01,-0.7,380
2.065,258.414170822079,-39.9755007198017,239.52415033044,-16.7345460394276,-1.2,-0.01,-0.7,380
2.07,257.964291192367,-39.9755007198017,239.56617945778,-16.7345460394276,-1.2,-0.01,-0.7,380
2.08,257.020133228719,-39.9755007198017,239.710432769395,-16.7345460394276,-1.2,-0.01,-0.7,380
2.09,256.028531363732,-39.9755007198017,239.930988434779,-16.7345460394276,-1.2,-0.01,-0.7,380
2.1,255.006296100251,-39.9755007198017,240.220726988687,-16.7345460394276,-1.2,-0.01,-0.7,380
2.11,253.971841875973,-39.9755007198017,240.572238322294,-16.7345460394276,-1.2,-0.01,-0.7,380
2.12,252.943761243031,-39.9755007198017,240.979638833095,-16.7345460394276,-1.2,-0.01,-0.7,380
2.124,252.538321974091,-39.7386339396087,241.157234205848,15.3929425899008,-1.2,-0.01,-0.7,380
2.13,251.939726272005,-39.7386339396087,241.438532896245,15.3929425899008,-1.2,-0.01,-0.7,380
2.14,250.97575185315,-39.7386339396087,241.948694647119,15.3929425899008,-1.2,-0.01,-0.7,380
2.15,250.065797148446,-39.7386339396087,242.508076868692,15.3929425899008,-1.2,-0.01,-0.7,380
2.16,249.221662290858,-39.7386339396087,243.10925106737,15.3929425899008,-1.2,-0.01,-0.7,380
2.17,248.453076561749,-39.7386339396087,243.744037029877,15.3929425899008,-1.2,-0.01,-0.7,380
2.18,247.767893885829,-39.7386339396087,244.402955846427,15.3929425899008,-1.2,-0.01,-0.7,380
2.183,247.579571130774,0.768477508781171,244.603871369799,41.0433738866962,-1.2,-0.01,-0.7,380
2.19,247.172287190142,0.768477508781171,245.075665658963,41.0433738866962,-1.2,-0.01,-0.7,380
2.2,246.66968478465,0.768477508781171,245.755429656161,41.0433738866962,-1.2,-0.01,-0.7,380
2.21,246.259128639629,0.768477508781171,246.433756346144,41.0433738866962,-1.2,-0.01,-0.7,380
2.22,245.93617196179,0.768477508781171,247.098945546673,41.0433738866962,-1.2,-0.01,-0.7,380
2.23,245.693987798193,0.768477508781171,247.741436967586,41.0433738866962,-1.2,-0.01,-0.7,380
2.24,245.524236079041,0.768477508781171,248.350377716636,41.0433738866962,-1.2,-0.01,-0.7,380
2.242,245.498180670054,0.768477508781171,248.467205866518,5.32602039779854,-1.2,-0.01,-0.7,380
2.25,245.417781986512,0.768477508781171,248.914407748469,5.32602039779854,-1.2,-0.01,-0.7,380
2.26,245.365287576014,0.768477508781171,249.426749943386,5.32602039779854,-1.2,-0.01,-0.7,380
2.27,245.357675852723,0.768477508781171,249.893846819913,5.32602039779854,-1.2,-0.01,-0.7,380
2.28,245.386466001528,0.768477508781171,250.324935821171,5.32602039779854,-1.2,-0.01,-0.7,380
2.29,245.443989675596,0.768477508781171,250.724014630335,5.32602039779854,-1.2,-0.01,-0.7,380
2.3,245.523505435779,0.768477508781171,251.095479437442,5.32602039779854,-1.2,-0.01,-0.7,380
2.301,245.532435762755,0.768477508781171,251.131222599639,0.626189192028114,-1.2,-0.01,-0.7,380
2.306,245.579326939605,0.768477508781171,251.306586275578,0.626189192028114,-1.2,-0.01,-0.7,380
2.31,245.619233049462,0.768477508781171,251.442854654272,0.626189192028114,-1.2,-0.01,-0.7,380
2.32,245.726329426177,0.768477508781171,251.76976314696,0.626189192028114,-1.2,-0.01,-0.7,380
2.33,245.840825792299,0.768477508781171,252.080591697105,0.626189192028114,-1.2,-0.01,-0.7,380
2.34,245.959541643079,0.768477508781171,252.380162002163,0.626189192028114,-1.2,-0.01,-0.7,380
2.35,246.079987674448,0.768477508781171,252.672356701953,0.626189192028114,-1.2,-0.01,-0.7,380
2.36,246.200266197086,0.768477508781171,252.95984675551,0.626189192028114,-1.2,-0.01,-0.7,380
2.37,246.31897485475,0.768477508781171,253.244463705586,0.626189192028114,-1.2,-0.01,-0.7,380
2.38,246.435117306209,0.768477508781171,253.527425726187,0.626189192028114,-1.2,-0.01,-0.7,380
2.39,246.548022942826,0.768477508781171,253.809546131368,0.626189192028114,-1.2,-0.01,-0.7,380
2.4,246.657276577804,0.768477508781171,254.091360466766,0.626189192028114,-1.2,-0.01,-0.7,380
2.41,246.762658254598,0.768477508781171,254.373218937441,0.626189192028114,-1.2,-0.01,-0.7,380
2.419,246.854126804333,0.768477508781171,254.627116851713,0.626189192028114,-1.2,-0.01,-0.7,380
2.42,246.864092793257,0.768477508781171,254.655345466984,0.626189192028114,-1.2,-0.01,-0.7,380
2.425,246.913335614139,0.768477508781171,254.796554750457,0.626189192028114,-1.2,-0.01,-0.7,380
2.43,246.961608365402,0.768477508781171,254.937878712261,0.626189192028114,-1.2,-0.01,-0.7,380
2.44,247.055303185918,0.768477508781171,255.220899232974,0.626189192028114,-1.2,-0.01,-0.7,380
2.45,247.145319316898,0.768477508781171,255.504448168922,0.626189192028114,-1.2,-0.01,-0.7,380
2.46,247.231822598585,0.768477508781171,255.788539851729,0.626189192028114,-1.2,-0.01,-0.7,380
2.47,247.31498770378,0.768477508781171,256.073170457228,0.626189192028114,-1.2,-0.01,-0.7,380
2.478,247.379232678684,0.768477508781171,256.301252226114,17.6262775969246,-1.2,-0.01,-0.7,380
2.48,247.394987419818,0.768477508781171,256.358323901666,17.6262775969246,-1.2,-0.01,-0.7,380
2.49,247.471985340301,0.768477508781171,256.642965124898,17.6262775969246,-1.2,-0.01,-0.7,380
2.5,247.546131234772,0.768477508781171,256.922822239488,17.6262775969246,-1.2,-0.01,-0.7,380
2.51,247.617558490591,0.768477508781171,257.190260276017,17.6262775969246,-1.2,-0.01,-0.7,380
2.52,247.686383092984,0.768477508781171,257.436686384381,17.6262775969246,-1.2,-0.01,-0.7,380
2.53,247.752703716857,0.768477508781171,257.654406315591,17.6262775969246,-1.2,-0.01,-0.7,380
2.537,247.797682937714,0.768477508781171,257.786397213371,21.5909978424734,-1.2,-0.01,-0.7,380
2.54,247.816602581075,0.768477508781171,257.837365926898,21.5909978424734,-1.2,-0.01,-0.7,380
2.55,247.878146790534,0.768477508781171,257.9812302103,21.5909978424734,-1.2,-0.01,-0.7,380
2.56,247.937389952053,0.768477508781171,258.081914431385,21.5909978424734,-1.2,-0.01,-0.7,380
2.57,247.994373907462,0.768477508781171,258.135111236786,21.5909978424734,-1.2,-0.01,-0.7,380
2.58,248.049130466806,0.768477508781171,258.137512781369,21.5909978424734,-1.2,-0.01,-0.7,380
2.59,248.101683063047,0.768477508781171,258.086865611395,21.5909978424734,-1.2,-0.01,-0.7,380
2.596,248.132163859059,0.768477508781171,258.030336629031,7.1592013170169,-1.2,-0.01,-0.7,380
2.6,248.152048276924,0.768477508781171,257.981601054614,7.1592013170169,-1.2,-0.01,-0.7,380
2.61,248.200237202261,0.768477508781171,257.821465106068,7.1592013170169,-1.2,-0.01,-0.7,380
2.62,248.246256639343,0.768477508781171,257.609425437118,7.1592013170169,-1.2,-0.01,-0.7,380
2.63,248.290110114395,0.768477508781171,257.351671287403,7.1592013170169,-1.2,-0.01,-0.7,380
2.64,248.331798732934,0.768477508781171,257.055269613575,7.1592013170169,-1.2,-0.01,-0.7,380
2.65,248.371321879311,0.768477508781171,256.726548446155,7.1592013170169,-1.2,-0.01,-0.7,380
2.655,248.390270878156,0.768477508781171,256.551666632726,-15.0511535659595,-1.2,-0.01,-0.7,380
2.66,248.408677778175,0.768477508781171,256.370472516032,-15.0511535659595,-1.2,-0.01,-0.7,380
2.67,248.443863934815,0.768477508781171,255.991133718908,-15.0511535659595,-1.2,-0.01,-0.7,380
2.68,248.476877472223,0.768477508781171,255.594545721045,-15.0511535659595,-1.2,-0.01,-0.7,380
2.69,248.507715380913,0.768477508781171,255.190109015917,-15.0511535659595,-1.2,-0.01,-0.7,380
2.7,248.536374697512,0.768477508781171,254.788447517801,-15.0511535659595,-1.2,-0.01,-0.7,380
2.71,248.562852625891,0.768477508781171,254.399403167655,-15.0511535659595,-1.2,-0.01,-0.7,380
2.714,248.572832427398,0.768477508781171,254.249191570486,-17.7782998299674,-1.2,-0.01,-0.7,380
2.72,248.587146613124,0.768477508781171,254.031240949626,-17.7782998299674,-1.2,-0.01,-0.7,380
2.73,248.609254390758,0.768477508781171,253.690570731122,-17.7782998299674,-1.2,-0.01,-0.7,380
2.74,248.629173990377,0.768477508781171,253.382985832078,-17.7782998299674,-1.2,-0.01,-0.7,380
2.75,248.646903740555,0.768477508781171,253.113211745942,-17.7782998299674,-1.2,-0.01,-0.7,380
2.76,248.662442251215,0.768477508781171,252.884711793816,-17.7782998299674,-1.2,-0.01,-0.7,380
2.77,248.67578838998,0.768477508781171,252.699813759532,-17.7782998299674,-1.2,-0.01,-0.7,380
2.773,248.679364578631,0.768477508781171,252.65308250058,0.631304287121846,-1.2,-0.01,-0.7,380
2.78,248.686941254067,0.768477508781171,252.56004921874,0.631304287121846,-1.2,-0.01,-0.7,380
2.79,248.695900140398,0.768477508781171,252.464760431461,0.631304287121846,-1.2,-0.01,-0.7,380
2.8,248.702664515858,0.768477508781171,252.409482728802,0.631304287121846,-1.2,-0.01,-0.7,380
2.81,248.707233988983,0.768477508781171,252.386437384738,0.631304287121846,-1.2,-0.01,-0.7,380
2.82,248.709608283967,0.768477508781171,252.386897441065,0.631304287121846,-1.2,-0.01,-0.7,380
2.83,248.709787217422,0.768477508781171,252.403239114296,0.631304287121846,-1.2,-0.01,-0.7,380
2.832,248.709559549877,0.768477508781171,252.407895705791,0.631304287121846,-1.2,-0.01,-0.7,380
2.84,248.707770678127,0.768477508781171,252.429458932094,0.631304287121846,-1.2,-0.01,-0.7,380
2.85,248.703558609747,0.768477508781171,252.461220327632,0.631304287121846,-1.2,-0.01,-0.7,380
2.86,248.6971509964,0.768477508781171,252.495482361707,0.631304287121846,-1.2,-0.01,-0.7,380
2.87,248.688547850853,0.768477508781171,252.530153156712,0.631304287121846,-1.2,-0.01,-0.7,380
2.88,248.677749205055,0.768477508781171,252.56380132327,0.631304287121846,-1.2,-0.01,-0.7,380
2.89,248.66475510274,0.768477508781171,252.595454746216,0.631304287121846,-1.2,-0.01,-0.7,380
2.891,248.663334944291,0.768477508781171,252.598486198491,0.631304287121846,-1.2,-0.01,-0.7,380
2.896,248.655904842845,0.768477508781171,252.613207230596,0.631304287121846,-1.2,-0.01,-0.7,380
2.9,248.649565593771,0.768477508781171,252.624460581155,0.631304287121846,-1.2,-0.01,-0.7,380
2.91,248.63218072997,0.768477508781171,252.650390236684,0.631304287121846,-1.2,-0.01,-0.7,380
2.92,248.612600562133,0.768477508781171,252.672973365128,0.631304287121846,-1.2,-0.01,-0.7,380
2.93,248.590825138036,0.768477508781171,252.692051638633,0.631304287121846,-1.2,-0.01,-0.7,380
2.94,248.566854501182,0.768477508781171,252.707545786115,0.631304287121846,-1.2,-0.01,-0.7,380
2.95,248.540688690138,0.768477508781171,252.719431914361,0.631304287121846,-1.2,-0.01,-0.7,380
2.96,248.512327738305,0.768477508781171,252.727724382394,0.631304287121846,-1.2,-0.01,-0.7,380
2.97,248.481771673987,0.768477508781171,252.732463413467,0.631304287121846,-1.2,-0.01,-0.7,380
2.98,248.449020520684,0.768477508781171,252.733706153892,0.631304287121846,-1.2,-0.01,-0.7,380
2.99,248.414074297498,0.768477508781171,252.731520260248,0.631304287121846,-1.2,-0.01,-0.7,380
3,248.376933019632,0.768477508781171,252.725979341097,0.631304287121846,-1.2,-0.01,-0.7,380
3.009,248.341629107624,0.768477508781171,252.718187521475,0.631304287121846,-1.2,-0.01,-0.7,380
3.01,248.337596698896,0.768477508781171,252.717159757542,0.631304287121846,-1.2,-0.01,-0.7,380
3.015,248.317105400342,0.768477508781171,252.711544510429,0.631304287121846,-1.2,-0.01,-0.7,380
3.02,248.296065344222,0.768477508781171,252.705138414616,0.631304287121846,-1.2,-0.01,-0.7,380
3.03,248.252338962148,0.768477508781171,252.689991270814,0.631304287121846,-1.2,-0.01,-0.7,380
3.04,248.20641755726,0.768477508781171,252.671792363852,0.631304287121846,-1.2,-0.01,-0.7,380
3.05,248.158301132587,0.768477508781171,252.650613203946,0.631304287121846,-1.2,-0.01,-0.7,380
3.06,248.107989689945,0.768477508781171,252.626522425653,0.631304287121846,-1.2,-0.01,-0.7,380
3.068,248.066160123522,0.768477508781171,252.605198100838,0.631304287121846,-1.2,-0.01,-0.7,380
3.07,248.055483230232,0.768477508781171,252.599585618984,0.631304287121846,-1.2,-0.01,-0.7,380
3.08,248.000781753668,0.768477508781171,252.569865282538,0.631304287121846,-1.2,-0.01,-0.7,380
3.09,247.943885259997,0.768477508781171,252.537420857661,0.631304287121846,-1.2,-0.01,-0.7,380
3.1,247.884793748647,0.768477508781171,252.502308814555,0.631304287121846,-1.2,-0.01,-0.7,380
3.11,247.823507218851,0.768477508781171,252.464582769948,0.631304287121846,-1.2,-0.01,-0.7,380
3.12,247.760025669747,0.768477508781171,252.424293622201,0.631304287121846,-1.2,-0.01,-0.7,380
3.127,247.714282548408,0.768477508781171,252.394592453306,0.631304287121846,-1.2,-0.01,-0.7,380
3.13,247.694349100443,0.768477508781171,252.381489694251,0.631304287121846,-1.2,-0.01,-0.7,380
3.14,247.626477510068,0.768477508781171,252.336216877988,0.631304287121846,-1.2,-0.01,-0.7,380
3.15,247.556410897805,0.768477508781171,252.288518775912,0.631304287121846,-1.2,-0.01,-0.7,380
3.16,247.484149262915,0.768477508781171,252.238436837512,0.631304287121846,-1.2,-0.01,-0.7,380
3.17,247.409692604741,0.768477508781171,252.186010488889,0.631304287121846,-1.2,-0.01,-0.7,380
3.18,247.333040922716,0.768477508781171,252.13127725488,0.631304287121846,-1.2,-0.01,-0.7,380
3.186,247.28599630185,0.768477508781171,252.097345071378,0.631304287121846,-1.2,-0.01,-0.7,380
3.19,247.254194216361,0.768477508781171,252.074272873434,0.631304287121846,-1.2,-0.01,-0.7,380
3.2,247.17315248528,0.768477508781171,252.015031402302,0.631304287121846,-1.2,-0.01,-0.7,380
3.21,247.08991572915,0.768477508781171,251.953585318323,0.631304287121846,-1.2,-0.01,-0.7,380
3.22,247.004483947714,0.768477508781171,251.889965609665,0.631304287121846,-1.2,-0.01,-0.7,380
3.23,246.916857140776,0.768477508781171,251.824201861482,0.631304287121846,-1.2,-0.01,-0.7,380
3.24,246.827035308184,0.768477508781171,251.756322335434,0.631304287121846,-1.2,-0.01,-0.7,380
3.245,246.781301257233,0.768477508781171,251.721597634907,0.631304287121846,-1.2,-0.01,-0.7,380
3.25,246.73501844983,0.768477508781171,251.686354043542,0.631304287121846,-1.2,-0.01,-0.7,380
3.26,246.640806565638,0.768477508781171,251.61432281683,0.631304287121846,-1.2,-0.01,-0.7,380
3.27,246.544399655557,0.768477508781171,251.540253369157,0.631304287121846,-1.2,-0.01,-0.7,380
3.28,246.445797719559,0.768477508781171,251.464169356657,0.631304287121846,-1.2,-0.01,-0.7,380
3.29,246.345000757628,0.768477508781171,251.38609343314,0.631304287121846,-1.2,-0.01,-0.7,380
3.3,246.242008769763,0.768477508781171,251.306047301785,0.631304287121846,-1.2,-0.01,-0.7,380
3.304,246.200197367356,0.768477508781171,251.273481793605,0.631304287121846,-1.2,-0.01,-0.7,380
3.31,246.136821755967,0.768477508781171,251.22405176344,0.631304287121846,-1.2,-0.01,-0.7,380
3.32,246.029439716251,0.768477508781171,251.140126761798,0.631304287121846,-1.2,-0.01,-0.7,380
3.33,245.919862650629,0.768477508781171,251.054291425701,0.631304287121846,-1.2,-0.01,-0.7,380
3.34,245.808090559116,0.768477508781171,250.966564108815,0.631304287121846,-1.2,-0.01,-0.7,380
3.35,245.694123441726,0.768477508781171,250.876962426858,0.631304287121846,-1.2,-0.01,-0.7,380
3.36,245.577961298475,0.768477508781171,250.785503292595,0.631304287121846,-1.2,-0.01,-0.7,380
3.363,245.542684625458,0.768477508781171,250.757705680874,0.631304287121846,-1.2,-0.01,-0.7,380
3.37,245.459604129376,0.768477508781171,250.692202948753,0.631304287121846,-1.2,-0.01,-0.7,380
3.38,245.339051934443,0.768477508781171,250.597076999022,0.631304287121846,-1.2,-0.01,-0.7,380
3.39,245.216304713686,0.768477508781171,250.500140437276,0.631304287121846,-1.2,-0.01,-0.7,380
3.4,245.091362467116,0.768477508781171,250.401407675145,0.631304287121846,-1.2,-0.01,-0.7,380
3.41,244.964225194739,0.768477508781171,250.300892568057,0.631304287121846,-1.2,-0.01,-0.7,380
3.42,244.834892896563,0.768477508781171,250.198608439857,0.631304287121846,-1.2,-0.01,-0.7,380
3.422,244.808763033833,-1.72992000853461,250.177940366867,0.631304287121846,-1.2,-0.01,-0.7,380
3.43,244.703371880839,-1.72992000853461,250.094568106095,0.631304287121846,-1.2,-0.01,-0.7,380
3.44,244.569793306968,-1.72992000853461,249.98878389608,0.631304287121846,-1.2,-0.01,-0.7,380
3.45,244.43454201798,-1.72992000853461,249.88126767378,0.631304287121846,-1.2,-0.01,-0.7,380
3.46,244.298185837492,-1.72992000853461,249.772030857639,0.631304287121846,-1.2,-0.01,-0.7,380
3.47,244.161392947848,-1.72992000853461,249.661084439384,0.631304287121846,-1.2,-0.01,-0.7,380
3.48,244.02487025854,-1.72992000853461,249.548439001891,0.631304287121846,-1.2,-0.01,-0.7,380
3.481,244.011260083132,-9.88002263636412,249.537081347607,0.631304287121846,-1.2,-0.01,-0.7,380
3.486,243.943382523866,-9.88002263636412,249.480040501888,0.631304287121846,-1.2,-0.01,-0.7,380
3.49,243.889351797613,-9.88002263636412,249.434104736157,0.631304287121846,-1.2,-0.01,-0.7,380
3.5,243.756008153317,-9.88002263636412,249.318091457443,0.631304287121846,-1.2,-0.01,-0.7,380
3.51,243.626778566812,-9.88002263636412,249.200408620631,0.631304287121846,-1.2,-0.01,-0.7,380
3.52,243.504101823167,-9.88002263636412,249.081065334847,0.631304287121846,-1.2,-0.01,-0.7,380
3.53,243.390648680907,-9.88002263636412,248.960070377394,0.631304287121846,-1.2,-0.01,-0.7,380
3.54,243.289126387288,-9.85295492963225,248.837432207023,0.631304287121846,-1.2,-0.01,-0.7,380
3.55,243.202142007659,-9.85295492963225,248.713158976598,0.631304287121846,-1.2,-0.01,-0.7,380
3.56,243.132111480752,-9.85295492963225,248.587258545173,0.631304287121846,-1.2,-0.01,-0.7,380
3.57,243.081206112059,-9.85295492963225,248.459738489524,0.631304287121846,-1.2,-0.01,-0.7,380
3.58,243.05132862551,-9.85295492963225,248.33060611516,0.631304287121846,-1.2,-0.01,-0.7,380
3.59,243.04410933057,-9.85295492963225,248.199868466845,0.631304287121846,-1.2,-0.01,-0.7,380
3.599,243.058120410597,-4.30423247628898,248.080837732965,0.631304287121846,-1.2,-0.01,-0.7,380
3.6,243.060916108697,-4.30423247628898,248.067532338653,0.631304287121846,-1.2,-0.01,-0.7,380
3.605,243.078685101776,-4.30423247628898,248.000766899802,0.631304287121846,-1.2,-0.01,-0.7,380
3.61,243.102825111733,-4.30423247628898,247.933604283583,0.631304287121846,-1.2,-0.01,-0.7,380
3.62,243.17029077377,-4.30423247628898,247.798090622761,0.631304287121846,-1.2,-0.01,-0.7,380
3.63,243.263040816328,-4.30423247628898,247.66099745424,0.631304287121846,-1.2,-0.01,-0.7,380
3.64,243.380296120576,-4.30423247628898,247.522330661431,0.631304287121846,-1.2,-0.01,-0.7,380
3.65,243.520962479771,-4.30423247628898,247.382095921169,0.631304287121846,-1.2,-0.01,-0.7,380
3.658,243.649505778849,6.16146970512964,247.268782935731,0.631304287121846,-1.2,-0.01,-0.7,380
3.66,243.683777211594,6.16146970512964,247.240298711449,0.631304287121846,-1.2,-0.01,-0.7,380
3.67,243.867290013083,6.16146970512964,247.096944318833,0.631304287121846,-1.2,-0.01,-0.7,380
3.68,244.069231989852,6.16146970512964,246.952037845554,0.631304287121846,-1.2,-0.01,-0.7,380
3.69,244.286415686304,6.16146970512964,246.805584216329,0.631304287121846,-1.2,-0.01,-0.7,380
3.7,244.515140406771,6.16146970512964,246.657588184888,0.631304287121846,-1.2,-0.01,-0.7,380
3.71,244.751518108039,6.16146970512964,246.508054340244,0.631304287121846,-1.2,-0.01,-0.7,380
3.717,244.91947266815,15.7356003795957,246.402468057673,0.631304287121846,-1.2,-0.01,-0.7,380
3.72,244.991708505377,15.7356003795957,246.356987112713,0.631304287121846,-1.2,-0.01,-0.7,380
3.73,245.231920649213,15.7356003795957,246.204390779684,0.631304287121846,-1.2,-0.01,-0.7,380
3.74,245.467845305768,15.7356003795957,246.050269471167,0.631304287121846,-1.2,-0.01,-0.7,380
3.75,245.694665809219,15.7356003795957,245.894627175121,0.631304287121846,-1.2,-0.01,-0.7,380
3.76,245.907430995935,15.7356003795957,245.737467742571,0.631304287121846,-1.2,-0.01,-0.7,380
3.77,246.101330469254,15.7356003795957,245.578794892521,0.631304287121846,-1.2,-0.01,-0.7,380
3.776,246.206730906082,1.72019091726002,245.482866254361,0.631304287121846,-1.2,-0.01,-0.7,380
3.78,246.2718795969,1.72019091726002,245.418612216687,0.631304287121846,-1.2,-0.01,-0.7,380
3.79,246.415329874543,1.72019091726002,245.256923184037,0.631304287121846,-1.2,-0.01,-0.7,380
3.8,246.529683469411,1.72019091726002,245.093731145159,0.631304287121846,-1.2,-0.01,-0.7,380
3.81,246.614648804527,1.72019091726002,244.929039336465,0.631304287121846,-1.2,-0.01,-0.7,380
3.82,246.67113186132,1.72019091726002,244.762850884233,0.631304287121846,-1.2,-0.01,-0.7,380
3.83,246.700826232971,1.72019091726002,244.595168808492,0.631304287121846,-1.2,-0.01,-0.7,380
3.835,246.706292415109,0.764781895314662,244.510768576679,-5.76021403653997,-1.2,-0.01,-0.7,380
3.84,246.70589563863,0.764781895314662,244.425996026769,-5.76021403653997,-1.2,-0.01,-0.7,380
3.85,246.688758794252,0.764781895314662,244.255958086697,-5.76021403653997,-1.2,-0.01,-0.7,380
3.86,246.651975869713,0.764781895314662,244.087542896241,-5.76021403653997,-1.2,-0.01,-0.7,380
3.87,246.598111926304,0.764781895314662,243.924669780127,-5.76021403653997,-1.2,-0.01,-0.7,380
3.88,246.529619112967,0.764781895314662,243.770809021263,-5.76021403653997,-1.2,-0.01,-0.7,380
3.89,246.448759692103,0.764781895314662,243.628418771378,-5.76021403653997,-1.2,-0.01,-0.7,380
3.894,246.413415932446,0.764781895314662,243.575077410947,-12.1803120766602,-1.2,-0.01,-0.7,380
3.9,246.357561309083,0.764781895314662,243.499235212063,-12.1803120766602,-1.2,-0.01,-0.7,380
3.91,246.257796786165,0.764781895314662,243.385067632883,-12.1803120766602,-1.2,-0.01,-0.7,380
3.92,246.1509817823,0.764781895314662,243.289181362403,-12.1803120766602,-1.2,-0.01,-0.7,380
3.93,246.038385039627,0.764781895314662,243.21588571546,-12.1803120766602,-1.2,-0.01,-0.7,380
3.94,245.921046770534,0.764781895314662,243.168797849106,-12.1803120766602,-1.2,-0.01,-0.7,380
3.95,245.799801844794,0.764781895314662,243.150407106495,-12.1803120766602,-1.2,-0.01,-0.7,380
3.953,245.762768743016,0.764781895314662,243.150747312277,-6.62335318848299,-1.2,-0.01,-0.7,380
3.96,245.675305210757,0.764781895314662,243.162414132497,-6.62335318848299,-1.2,-0.01,-0.7,380
3.97,245.548057684331,0.764781895314662,243.205184072365,-6.62335318848299,-1.2,-0.01,-0.7,380
3.98,245.418430804014,0.764781895314662,243.27684242492,-6.62335318848299,-1.2,-0.01,-0.7,380
3.99,245.286689901109,0.764781895314662,243.373959925156,-6.62335318848299,-1.2,-0.01,-0.7,380
4,245.153014878493,0.764781895314662,243.493489656798,-6.62335318848299,-1.2,-0.01,-0.7,380
4.01,245.017518457414,0.764781895314662,243.633344926527,-6.62335318848299,-1.2,-0.01,-0.7,380
4.012,244.990206741734,0.63683878563195,243.663623643997,5.11040567715308,-1.2,-0.01,-0.7,380
4.02,244.880262165267,0.63683878563195,243.792035429235,5.11040567715308,-1.2,-0.01,-0.7,380
4.03,244.741275569661,0.63683878563195,243.968054031791,5.11040567715308,-1.2,-0.01,-0.7,380
4.04,244.600573717942,0.63683878563195,244.157580447795,5.11040567715308,-1.2,-0.01,-0.7,380
4.05,244.458162251436,0.63683878563195,244.354179410686,5.11040567715308,-1.2,-0.01,-0.7,380
4.06,244.314040063139,0.63683878563195,244.551616940779,5.11040567715308,-1.2,-0.01,-0.7,380
4.07,244.168201439263,0.63683878563195,244.74513247473,5.11040567715308,-1.2,-0.01,-0.7,380
4.071,244.153522858301,-10.1777543917894,244.764140891034,13.4022487712318,-1.2,-0.01,-0.7,380
4.076,244.079875124416,-10.1777543917894,244.857855482572,13.4022487712318,-1.2,-0.01,-0.7,380
4.08,244.020681148942,-10.1777543917894,244.931234167828,13.4022487712318,-1.2,-0.01,-0.7,380
4.09,243.872139322493,-10.1777543917894,245.107310962731,13.4022487712318,-1.2,-0.01,-0.7,380
4.1,243.724329117127,-10.1777543917894,245.269463536657,13.4022487712318,-1.2,-0.01,-0.7,380
4.11,243.579755269735,-10.1777543917894,245.412049412613,13.4022487712318,-1.2,-0.01,-0.7,380
4.12,243.441325758369,-10.1777543917894,245.530042822962,13.4022487712318,-1.2,-0.01,-0.7,380
4.13,243.31209234425,-11.2442863866356,245.619767821094,3.42648466970914,-1.2,-0.01,-0.7,380
4.14,243.195071135445,-11.2442863866356,245.679298780978,3.42648466970914,-1.2,-0.01,-0.7,380
4.15,243.093179854809,-11.2442863866356,245.710016831428,3.42648466970914,-1.2,-0.01,-0.7,380
4.16,243.009194388842,-11.2442863866356,245.716058895766,3.42648466970914,-1.2,-0.01,-0.7,380
4.17,242.945669591313,-11.2442863866356,245.701749264184,3.42648466970914,-1.2,-0.01,-0.7,380
4.18,242.90489010946,-11.2442863866356,245.67058685414,3.42648466970914,-1.2,-0.01,-0.7,380
4.189,242.889289392101,-6.78587811115228,245.63040012304,0.628156258244457,-1.2,-0.01,-0.7,380
4.19,242.888849276247,-6.78587811115228,245.625284967236,0.628156258244457,-1.2,-0.01,-0.7,380
4.195,242.890645033736,-6.78587811115228,245.598057220119,0.628156258244457,-1.2,-0.01,-0.7,380
4.2,242.89920949309,-6.78587811115228,245.56817550027,0.628156258244457,-1.2,-0.01,-0.7,380
4.21,242.937031245955,-6.78587811115228,245.501961958002,0.628156258244457,-1.2,-0.01,-0.7,380
4.22,243.002689925437,-6.78587811115228,245.429553113599,0.628156258244457,-1.2,-0.01,-0.7,380
4.23,243.096057659604,-6.78587811115228,245.353245066557,0.628156258244457,-1.2,-0.01,-0.7,380
4.24,243.216665000094,-6.78587811115228,245.27457367528,0.628156258244457,-1.2,-0.01,-0.7,380
4.248,243.332308245348,4.0169612914005,245.210656686555,0.628156258244457,-1.2,-0.01,-0.7,380
4.25,243.36382770231,4.0169612914005,245.194587056691,0.628156258244457,-1.2,-0.01,-0.7,380
4.26,243.536612269595,4.0169612914005,245.113974134883,0.628156258244457,-1.2,-0.01,-0.7,380
4.27,243.733179935815,4.0169612914005,245.033191496365,0.628156258244457,-1.2,-0.01,-0.7,380
4.28,243.950680849452,4.0169612914005,244.95253409351,0.628156258244457,-1.2,-0.01,-0.7,380
4.29,244.185670417984,4.0169612914005,244.872189340581,0.628156258244457,-1.2,-0.01,-0.7,380
4.3,244.434446860705,4.0169612914005,244.79227079062,0.628156258244457,-1.2,-0.01,-0.7,380
4.307,244.614800742974,15.5148251481367,244.736617031243,-2.81278598442635,-1.2,-0.01,-0.7,380
4.31,244.693297769757,15.5148251481367,244.712842161718,-2.81278598442635,-1.2,-0.01,-0.7,380
4.32,244.958480763993,15.5148251481367,244.634315756121,-2.81278598442635,-1.2,-0.01,-0.7,380
4.33,245.225530852414,15.5148251481367,244.558183779763,-2.81278598442635,-1.2,-0.01,-0.7,380
4.34,245.489268623837,15.5148251481367,244.486713298712,-2.81278598442635,-1.2,-0.01,-0.7,380
4.35,245.744250116948,15.5148251481367,244.421780642942,-2.81278598442635,-1.2,-0.01,-0.7,380
4.36,245.985105144542,15.5148251481367,244.364604717757,-2.81278598442635,-1.2,-0.01,-0.7,380
4.366,246.120712545551,5.33098498188306,244.334379188463,-4.94305750047012,-1.2,-0.01,-0.7,380
4.37,246.206769370191,5.33098498188306,244.316007271466,-4.94305750047012,-1.2,-0.01,-0.7,380
4.38,246.404847324094,5.33098498188306,244.276760993557,-4.94305750047012,-1.2,-0.01,-0.7,380
4.39,246.576389000594,5.33098498188306,244.248150834706,-4.94305750047012,-1.2,-0.01,-0.7,380
4.4,246.719872105912,5.33098498188306,244.231819721375,-4.94305750047012,-1.2,-0.01,-0.7,380
4.41,246.83483093741,5.33098498188306,244.229077833896,-4.94305750047012,-1.2,-0.01,-0.7,380
4.42,246.921548970075,5.33098498188306,244.240761888691,-4.94305750047012,-1.2,-0.01,-0.7,380
4.425,246.954549771933,0.76082430530624,244.25219385214,-1.24483949287293,-1.2,-0.01,-0.7,380
4.43,246.980815939572,0.76082430530624,244.267420966089,-1.24483949287293,-1.2,-0.01,-0.7,380
4.44,247.013861292157,0.76082430530624,244.308926626372,-1.24483949287293,-1.2,-0.01,-0.7,380
4.45,247.022515678585,0.76082430530624,244.363743568175,-1.24483949287293,-1.2,-0.01,-0.7,380
4.46,247.009052350354,0.76082430530624,244.429316255505,-1.24483949287293,-1.2,-0.01,-0.7,380
4.47,246.975950176807,0.76082430530624,244.503402277838,-1.24483949287293,-1.2,-0.01,-0.7,380
4.48,246.925718322468,0.76082430530624,244.584439442084,-1.24483949287293,-1.2,-0.01,-0.7,380
4.484,246.901375690546,0.76082430530624,244.618539546376,4.51588873442403,-1.2,-0.01,-0.7,380
4.49,246.860772940931,0.76082430530624,244.671301518338,4.51588873442403,-1.2,-0.01,-0.7,380
4.5,246.783355785733,0.76082430530624,244.762703762989,4.51588873442403,-1.2,-0.01,-0.7,380
4.51,246.6954856104,0.76082430530624,244.855818774496,4.51588873442403,-1.2,-0.01,-0.7,380
4.52,246.598934809289,0.76082430530624,244.946525488577,4.51588873442403,-1.2,-0.01,-0.7,380
4.53,246.495224510593,0.76082430530624,245.031324425881,4.51588873442403,-1.2,-0.01,-0.7,380
4.54,246.385632728229,0.76082430530624,245.107825811734,4.51588873442403,-1.2,-0.01,-0.7,380
4.543,246.351771089889,0.76082430530624,245.128899186127,5.15274387087023,-1.2,-0.01,-0.7,380
4.55,246.271211151956,0.76082430530624,245.174337585235,5.15274387087023,-1.2,-0.01,-0.7,380
4.56,246.152807129865,0.76082430530624,245.22965738255,5.15274387087023,-1.2,-0.01,-0.7,380
4.57,246.031088201444,0.76082430530624,245.272742627661,5.15274387087023,-1.2,-0.01,-0.7,380
4.58,245.906567279797,0.76082430530624,245.302647338579,5.15274387087023,-1.2,-0.01,-0.7,380
4.59,245.779627105439,0.76082430530624,245.318667699605,5.15274387087023,-1.2,-0.01,-0.7,380
4.6,245.650543080935,0.76082430530624,245.320342232762,5.15274387087023,-1.2,-0.01,-0.7,380
4.602,245.624486934237,0.76082430530624,245.318928467198,0.626941878719209,-1.2,-0.01,-0.7,380
4.61,245.519503940281,0.76082430530624,245.307367375325,0.626941878719209,-1.2,-0.01,-0.7,380
4.62,245.386629974324,0.76082430530624,245.280008734123,0.626941878719209,-1.2,-0.01,-0.7,380
4.63,245.251988742441,0.76082430530624,245.239990870666,0.626941878719209,-1.2,-0.01,-0.7,380
4.64,245.115608322119,0.76082430530624,245.190200521116,0.626941878719209,-1.2,-0.01,-0.7,380
4.65,244.977488259544,0.76082430530624,245.133255896178,0.626941878719209,-1.2,-0.01,-0.7,380
4.66,244.837608430748,0.76082430530624,245.071055797258,0.626941878719209,-1.2,-0.01,-0.7,380
4.661,244.823522476818,-1.54474984500788,245.064597704859,0.626941878719209,-1.2,-0.01,-0.7,380
4.666,244.75282347181,-1.54474984500788,245.031811895168,0.626941878719209,-1.2,-0.01,-0.7,380
4.67,244.69594530907,-1.54474984500788,245.00498883018,0.626941878719209,-1.2,-0.01,-0.7,380
4.68,244.552601792864,-1.54474984500788,244.936020639341,0.626941878719209,-1.2,-0.01,-0.7,380
4.69,244.407910770495,-1.54474984500788,244.864826099637,0.626941878719209,-1.2,-0.01,-0.7,380
4.7,244.262365198036,-1.54474984500788,244.791868038211,0.626941878719209,-1.2,-0.01,-0.7,380
4.71,244.116545975918,-1.54474984500788,244.717463446049,0.626941878719209,-1.2,-0.01,-0.7,380
4.72,243.971068152327,-10.5878629004795,244.641826583593,-4.05238133087976,-1.2,-0.01,-0.7,380
4.73,243.826597170633,-10.5878629004795,244.565594104622,-4.05238133087976,-1.2,-0.01,-0.7,380
4.74,243.68436348799,-10.5878629004795,244.490793600602,-4.05238133087976,-1.2,-0.01,-0.7,380
4.75,243.546451678235,-10.5878629004795,244.420484781923,-4.05238133087976,-1.2,-0.01,-0.7,380
4.76,243.415483446848,-10.5878629004795,244.357274279823,-4.05238133087976,-1.2,-0.01,-0.7,380
4.77,243.29432977629,-10.5878629004795,244.302930949725,-4.05238133087976,-1.2,-0.01,-0.7,380
4.779,243.196089670342,-10.5992392375724,244.262628671723,-4.75707331395522,-1.2,-0.01,-0.7,380
4.78,243.185900556846,-10.5992392375724,244.258679206914,-4.75707331395522,-1.2,-0.01,-0.7,380
4.785,243.137340372551,-10.5992392375724,244.240620755494,-4.75707331395522,-1.2,-0.01,-0.7,380
4.79,243.092997835264,-10.5992392375724,244.225411483245,-4.75707331395522,-1.2,-0.01,-0.7,380
4.8,243.018220489426,-10.5992392375724,244.203985950109,-4.75707331395522,-1.2,-0.01,-0.7,380
4.81,242.963907970716,-10.5992392375724,244.195236574201,-4.75707331395522,-1.2,-0.01,-0.7,380
4.82,242.932113341834,-10.5992392375724,244.199792336256,-4.75707331395522,-1.2,-0.01,-0.7,380
4.83,242.924598037419,-10.5992392375724,244.218056750139,-4.75707331395522,-1.2,-0.01,-0.7,380
4.838,242.937070301599,-4.78957798597891,244.2427178028,-0.518673777561063,-1.2,-0.01,-0.7,380
4.84,242.942841763968,-4.78957798597891,244.250289581726,-0.518673777561063,-1.2,-0.01,-0.7,380
4.85,242.987991689845,-4.78957798597891,244.29614201203,-0.518673777561063,-1.2,-0.01,-0.7,380
4.86,243.060498204044,-4.78957798597891,244.353771509291,-0.518673777561063,-1.2,-0.01,-0.7,380
4.87,243.160061463924,-4.78957798597891,244.420229825268,-0.518673777561063,-1.2,-0.01,-0.7,380
4.88,243.285865908872,-4.78957798597891,244.492961321497,-0.518673777561063,-1.2,-0.01,-0.7,380
4.89,243.436776275763,-4.78957798597891,244.570206127706,-0.518673777561063,-1.2,-0.01,-0.7,380
4.897,243.556655984241,6.37683543297168,244.626266956162,4.72795223370536,-1.2,-0.01,-0.7,380
4.9,243.611486923585,6.37683543297168,244.650705821293,4.72795223370536,-1.2,-0.01,-0.7,380
4.91,243.808448481313,6.37683543297168,244.733157059708,4.72795223370536,-1.2,-0.01,-0.7,380
4.92,244.025171401785,6.37683543297168,244.814906078326,4.72795223370536,-1.2,-0.01,-0.7,380
4.93,244.258219896724,6.37683543297168,244.892155239998,4.72795223370536,-1.2,-0.01,-0.7,380
4.94,244.503644038867,6.37683543297168,244.961731326474,4.72795223370536,-1.2,-0.01,-0.7,380
4.95,244.75731696977,6.37683543297168,245.021500154598,4.72795223370536,-1.2,-0.01,-0.7,380
4.956,244.911782786766,16.7288950724836,245.052004863914,5.05974906741852,-1.2,-0.01,-0.7,380
4.96,245.01517653093,16.7288950724836,245.069960413807,5.05974906741852,-1.2,-0.01,-0.7,380
4.97,245.27316540634,16.7288950724836,245.10607374605,5.05974906741852,-1.2,-0.01,-0.7,380
4.98,245.526611582513,16.7288950724836,245.12902137856,5.05974906741852,-1.2,-0.01,-0.7,380
4.99,245.770326448201,16.7288950724836,245.138133717279,5.05974906741852,-1.2,-0.01,-0.7,380
5,245.999003630492,16.7288950724836,245.132934399344,5.05974906741852,-1.2,-0.01,-0.7,380
5.01,246.207506865626,16.7288950724836,245.113121369225,5.05974906741852,-1.2,-0.01,-0.7,380
5.015,246.302683087792,1.80357295981714,245.097673379228,0.625628208327633,-1.2,-0.01,-0.7,380
5.02,246.391065643174,1.80357295981714,245.078508708451,0.625628208327633,-1.2,-0.01,-0.7,380
5.03,246.545792415106,1.80357295981714,245.029443571859,0.625628208327633,-1.2,-0.01,-0.7,380
5.04,246.669727601144,1.80357295981714,244.967688844802,0.625628208327633,-1.2,-0.01,-0.7,380
5.05,246.762674607291,1.80357295981714,244.896133820863,0.625628208327633,-1.2,-0.01,-0.7,380
5.06,246.825665274327,1.80357295981714,244.81739506923,0.625628208327633,-1.2,-0.01,-0.7,380
5.07,246.860535270426,1.80357295981714,244.733373315335,0.625628208327633,-1.2,-0.01,-0.7,380
5.074,246.867117248962,0.756928057035775,244.698606870397,-3.31189423740309,-1.2,-0.01,-0.7,380
5.08,246.86959620178,0.756928057035775,244.645459308186,-3.31189423740309,-1.2,-0.01,-0.7,380
5.09,246.855421615205,0.756928057035775,244.555078696164,-3.31189423740309,-1.2,-0.01,-0.7,380
5.1,246.82073012504,0.756928057035775,244.464621278857,-3.31189423740309,-1.2,-0.01,-0.7,380
5.11,246.768237295207,0.756928057035775,244.377157275335,-3.31189423740309,-1.2,-0.01,-0.7,380
5.12,246.700533329847,0.756928057035775,244.295223124091,-3.31189423740309,-1.2,-0.01,-0.7,380
5.13,246.62000363043,0.756928057035775,244.22053020296,-3.31189423740309,-1.2,-0.01,-0.7,380
5.133,246.593669863912,0.756928057035775,244.199715224721,-6.2539447672291,-1.2,-0.01,-0.7,380
5.14,246.528783010542,0.756928057035775,244.154253799514,-6.2539447672291,-1.2,-0.01,-0.7,380
5.15,246.42873548702,0.756928057035775,244.097505892084,-6.2539447672291,-1.2,-0.01,-0.7,380
5.16,246.321452678157,0.756928057035775,244.052082056813,-6.2539447672291,-1.2,-0.01,-0.7,380
5.17,246.208265267087,0.756928057035775,244.020255531767,-6.2539447672291,-1.2,-0.01,-0.7,380
5.18,246.09026288108,0.756928057035775,244.003854276177,-6.2539447672291,-1.2,-0.01,-0.7,380
5.19,245.968318889169,0.756928057035775,244.004067031126,-6.2539447672291,-1.2,-0.01,-0.7,380
5.192,245.943520323348,0.756928057035775,244.006174154071,-2.86386278750899,-1.2,-0.01,-0.7,380
5.2,245.843117439145,0.756928057035775,244.021685654902,-2.86386278750899,-1.2,-0.01,-0.7,380
5.21,245.715180790008,0.756928057035775,244.056779539488,-2.86386278750899,-1.2,-0.01,-0.7,380
5.22,245.584895588645,0.756928057035775,244.108070297511,-2.86386278750899,-1.2,-0.01,-0.7,380
5.23,245.452537211494,0.756928057035775,244.173311490568,-2.86386278750899,-1.2,-0.01,-0.7,380
5.24,245.318291652784,0.756928057035775,244.250523395695,-2.86386278750899,-1.2,-0.01,-0.7,380
5.25,245.182274717897,0.756928057035775,244.338333911701,-2.86386278750899,-1.2,-0.01,-0.7,380
5.251,245.168578375504,0.756928057035775,244.347661327549,3.89312819034609,-1.2,-0.01,-0.7,380
5.256,245.099841922514,0.756928057035775,244.395680454469,3.89312819034609,-1.2,-0.01,-0.7,380
5.26,245.044548479084,0.756928057035775,244.435754213227,3.89312819034609,-1.2,-0.01,-0.7,380
5.27,244.905135085044,0.756928057035775,244.541528684389,3.89312819034609,-1.2,-0.01,-0.7,380
5.28,244.764028122711,0.756928057035775,244.652594518589,3.89312819034609,-1.2,-0.01,-0.7,380
5.29,244.621201757889,0.756928057035775,244.764348182138,3.89312819034609,-1.2,-0.01,-0.7,380
5.3,244.476617934011,0.756928057035775,244.872825518617,3.89312819034609,-1.2,-0.01,-0.7,380
5.31,244.330231898376,-7.99319487061984,244.975303636973,8.04097501680326,-1.2,-0.01,-0.7,380
5.32,244.182049481965,-7.99319487061984,245.069588391613,8.04097501680326,-1.2,-0.01,-0.7,380
5.33,244.032653690227,-7.99319487061984,245.152866213723,8.04097501680326,-1.2,-0.01,-0.7,380
5.34,243.883503161473,-7.99319487061984,245.221642469349,8.04097501680326,-1.2,-0.01,-0.7,380
5.35,243.736636599281,-7.99319487061984,245.273113455437,8.04097501680326,-1.2,-0.01,-0.7,380
5.36,243.59439941058,-7.99319487061984,245.305402408335,8.04097501680326,-1.2,-0.01,-0.7,380
5.369,243.472368570933,-11.2546642991684,245.31696629548,0.917000107373273,-1.2,-0.01,-0.7,380
5.37,243.459240688759,-11.2546642991684,245.317200670852,0.917000107373273,-1.2,-0.01,-0.7,380
5.375,243.395075399506,-11.2546642991684,245.315280509578,0.917000107373273,-1.2,-0.01,-0.7,380
5.38,243.333596955633,-11.2546642991684,245.308226773005,0.917000107373273,-1.2,-0.01,-0.7,380
5.39,243.220004475641,-11.2546642991684,245.280453846882,0.917000107373273,-1.2,-0.01,-0.7,380
5.4,243.121115501894,-11.2546642991684,245.237761216561,0.917000107373273,-1.2,-0.01,-0.7,380
5.41,243.039549593568,-11.2546642991684,245.183904723654,0.917000107373273,-1.2,-0.01,-0.7,380
5.42,242.977782451837,-11.2546642991684,245.121760285421,0.917000107373273,-1.2,-0.01,-0.7,380
5.428,242.944152311359,-7.97835820627109,245.067556852457,0.623992410443722,-1.2,-0.01,-0.7,380
5.43,242.938076229429,-7.97835820627109,245.053481508288,0.623992410443722,-1.2,-0.01,-0.7,380
5.44,242.92240174189,-7.97835820627109,244.980630703236,0.623992410443722,-1.2,-0.01,-0.7,380
5.45,242.932203909108,-7.97835820627109,244.904417456309,0.623992410443722,-1.2,-0.01,-0.7,380
5.46,242.968358818988,-7.97835820627109,244.825788150695,0.623992410443722,-1.2,-0.01,-0.7,380
5.47,243.031304517788,-7.97835820627109,244.745424766937,0.623992410443722,-1.2,-0.01,-0.7,380
5.48,243.121157128612,-7.97835820627109,244.663787701933,0.623992410443722,-1.2,-0.01,-0.7,380
5.487,243.200010770599,1.63004040433957,244.606056399494,-4.52264703480452,-1.2,-0.01,-0.7,380
5.49,243.237804907855,1.63004040433957,244.581188667303,-4.52264703480452,-1.2,-0.01,-0.7,380
5.5,243.380825450443,1.63004040433957,244.498370603252,-4.52264703480452,-1.2,-0.01,-0.7,380
5.51,243.548880254767,1.63004040433957,244.417570760371,-4.52264703480452,-1.2,-0.01,-0.7,380
5.52,243.73970884393,1.63004040433957,244.342123519893,-4.52264703480452,-1.2,-0.01,-0.7,380
5.53,243.950502094533,1.63004040433957,244.274849733546,-4.52264703480452,-1.2,-0.01,-0.7,380
5.54,244.178196960295,1.63004040433957,244.217650590193,-4.52264703480452,-1.2,-0.01,-0.7,380
5.546,244.321633535671,13.246705628481,244.18873301775,-5.301054754664,-1.2,-0.01,-0.7,380
5.55,244.419691286316,13.246705628481,244.171832967563,-5.301054754664,-1.2,-0.01,-0.7,380
5.56,244.67174309458,13.246705628481,244.138347434623,-5.301054754664,-1.2,-0.01,-0.7,380
5.57,244.930258231652,13.246705628481,244.118114684898,-5.301054754664,-1.2,-0.01,-0.7,380
5.58,245.190391513142,13.246705628481,244.112034632551,-5.301054754664,-1.2,-0.01,-0.7,380
5.59,245.44699534532,13.246705628481,244.120785407241,-5.301054754664,-1.2,-0.01,-0.7,380
5.6,245.694953325473,13.246705628481,244.144800115493,-5.301054754664,-1.2,-0.01,-0.7,380
5.605,245.814158159337,8.80137208979305,244.162622657322,-0.691355412297467,-1.2,-0.01,-0.7,380
5.61,245.92941188563,8.80137208979305,244.18435629278,-0.691355412297467,-1.2,-0.01,-0.7,380
5.62,246.146048298035,8.80137208979305,244.23907123309,-0.691355412297467,-1.2,-0.01,-0.7,380
5.63,246.341450336044,8.80137208979305,244.306947352852,-0.691355412297467,-1.2,-0.01,-0.7,380
5.64,246.513094097968,8.80137208979305,244.384789393207,-0.691355412297467,-1.2,-0.01,-0.7,380
5.65,246.659183171203,8.80137208979305,244.469819620218,-0.691355412297467,-1.2,-0.01,-0.7,380
5.66,246.778503579094,8.80137208979305,244.560120607412,-0.691355412297467,-1.2,-0.01,-0.7,380
5.664,246.818554027561,0.752956411317068,244.597398612847,5.29802441335916,-1.2,-0.01,-0.7,380
5.67,246.870304061332,0.752956411317068,244.654320824947,5.29802441335916,-1.2,-0.01,-0.7,380
5.68,246.934458112254,0.752956411317068,244.75100903091,5.29802441335916,-1.2,-0.01,-0.7,380
5.69,246.971884125476,0.752956411317068,244.847268338539,5.29802441335916,-1.2,-0.01,-0.7,380
5.7,246.984329650818,0.752956411317068,244.938868166601,5.29802441335916,-1.2,-0.01,-0.7,380
5.71,246.974039143994,0.752956411317068,245.022243428989,5.29802441335916,-1.2,-0.01,-0.7,380
5.72,246.943500446602,0.752956411317068,245.094981756391,5.29802441335916,-1.2,-0.01,-0.7,380
5.723,246.930771823567,0.752956411317068,245.114468496683,5.39917637598286,-1.2,-0.01,-0.7,380
5.73,246.89525757593,0.752956411317068,245.155382367107,5.39917637598286,-1.2,-0.01,-0.7,380
5.74,246.831778025454,0.752956411317068,245.202289308887,5.39917637598286,-1.2,-0.01,-0.7,380
5.75,246.755363891397,0.752956411317068,245.234880258794,5.39917637598286,-1.2,-0.01,-0.7,380
5.76,246.668097858601,0.752956411317068,245.252570332948,5.39917637598286,-1.2,-0.01,-0.7,380
5.77,246.571815758217,0.752956411317068,245.254965691563,5.39917637598286,-1.2,-0.01,-0.7,380
5.78,246.468098910477,0.752956411317068,245.241819459699,5.39917637598286,-1.2,-0.01,-0.7,380
5.782,246.446584904887,0.752956411317068,245.237311833368,0.622549748749296,-1.2,-0.01,-0.7,380
5.79,246.358280513707,0.752956411317068,245.212985781294,0.622549748749296,-1.2,-0.01,-0.7,380
5.8,246.243461458157,0.752956411317068,245.168871301897,0.622549748749296,-1.2,-0.01,-0.7,380
5.81,246.12453189,0.752956411317068,245.111384814062,0.622549748749296,-1.2,-0.01,-0.7,380
5.82,246.002195779121,0.752956411317068,245.043630697623,0.622549748749296,-1.2,-0.01,-0.7,380
5.83,245.876996399217,0.752956411317068,244.968420283273,0.622549748749296,-1.2,-0.01,-0.7,380
5.84,245.749341273782,0.752956411317068,244.887795660467,0.622549748749296,-1.2,-0.01,-0.7,380
5.841,245.736452915112,0.752956411317068,244.879490114815,-0.951840412277245,-1.2,-0.01,-0.7,380
5.846,245.671696262953,0.752956411317068,244.837464580177,-0.951840412277245,-1.2,-0.01,-0.7,380
5.85,245.619525605828,0.752956411317068,244.803246784816,-0.951840412277245,-1.2,-0.01,-0.7,380
5.86,245.487753582779,0.752956411317068,244.716006497914,-0.951840412277245,-1.2,-0.01,-0.7,380
5.87,245.354157247245,0.752956411317068,244.627525147416,-0.951840412277245,-1.2,-0.01,-0.7,380
5.88,245.218812814146,0.752956411317068,244.539399061991,-0.951840412277245,-1.2,-0.01,-0.7,380
5.89,245.081754485945,0.752956411317068,244.452897728911,-0.951840412277245,-1.2,-0.01,-0.7,380
5.9,244.942985907065,0.0081011090353682,244.368872367423,-6.19305117514584,-1.2,-0.01,-0.7,380
5.91,244.802493990972,0.0081011090353682,244.288458698033,-6.19305117514584,-1.2,-0.01,-0.7,380
5.92,244.660300884291,0.0081011090353682,244.214178538192,-6.19305117514584,-1.2,-0.01,-0.7,380
5.93,244.516494931776,0.0081011090353682,244.149561181079,-6.19305117514584,-1.2,-0.01,-0.7,380
5.94,244.371209746362,0.0081011090353682,244.097539971565,-6.19305117514584,-1.2,-0.01,-0.7,380
5.95,244.224604078158,0.0081011090353682,244.060074903781,-6.19305117514584,-1.2,-0.01,-0.7,380
5.959,244.091669490744,-10.4374380995366,244.039917601055,-4.43284575642731,-1.2,-0.01,-0.7,380
5.96,244.076846778329,-10.4374380995366,244.03849818704,-4.43284575642731,-1.2,-0.01,-0.7,380
5.965,244.002597504433,-10.4374380995366,244.03389082034,-4.43284575642731,-1.2,-0.01,-0.7,380
5.97,243.928198095889,-10.4374380995366,244.0334425741,-4.43284575642731,-1.2,-0.01,-0.7,380
5.98,243.779678470082,-10.4374380995366,244.044632512432,-4.43284575642731,-1.2,-0.01,-0.7,380
5.99,243.63331539985,-10.4374380995366,244.071156039473,-4.43284575642731,-1.2,-0.01,-0.7,380
6,243.491771312759,-10.4374380995366,244.112156246024,-4.43284575642731,-1.2,-0.01,-0.7,380
6.01,243.358023781488,-10.4374380995366,244.167033235366,-4.43284575642731,-1.2,-0.01,-0.7,380
6.018,243.258695535227,-11.2199203448439,244.220621498342,1.83023017609582,-1.2,-0.01,-0.7,380
6.02,243.235129928329,-11.2199203448439,244.23534405352,1.83023017609582,-1.2,-0.01,-0.7,380
6.03,243.126069794596,-11.2199203448439,244.316154122719,1.83023017609582,-1.2,-0.01,-0.7,380
6.04,243.033688742232,-11.2199203448439,244.406667980096,1.83023017609582,-1.2,-0.01,-0.7,380
6.05,242.960641566469,-11.2199203448439,244.502603525363,1.83023017609582,-1.2,-0.01,-0.7,380
6.06,242.909330600202,-11.2199203448439,244.600261417291,1.83023017609582,-1.2,-0.01,-0.7,380
6.07,242.88187354079,-11.2199203448439,244.697100818264,1.83023017609582,-1.2,-0.01,-0.7,380
6.077,242.877835211156,-6.31392006925461,244.763403125683,6.77694577080544,-1.2,-0.01,-0.7,380
6.08,242.880094415114,-6.31392006925461,244.791316678185,6.77694577080544,-1.2,-0.01,-0.7,380
6.09,242.905450558563,-6.31392006925461,244.881320551558,6.77694577080544,-1.2,-0.01,-0.7,380
6.1,242.958713320046,-6.31392006925461,244.964415809538,6.77694577080544,-1.2,-0.01,-0.7,380
6.11,243.039969628585,-6.31392006925461,245.036905133524,6.77694577080544,-1.2,-0.01,-0.7,380
6.12,243.148824815211,-6.31392006925461,245.095751619831,6.77694577080544,-1.2,-0.01,-0.7,380
6.13,243.284569432997,-6.31392006925461,245.138930587107,6.77694577080544,-1.2,-0.01,-0.7,380
6.136,243.37855545101,4.74512256079137,245.156704980954,3.42802196821817,-1.2,-0.01,-0.7,380
6.14,243.44630682399,4.74512256079137,245.165025644816,3.42802196821817,-1.2,-0.01,-0.7,380
6.15,243.632812311903,4.74512256079137,245.173385800313,3.42802196821817,-1.2,-0.01,-0.7,380
6.16,243.841837919123,4.74512256079137,245.164675414648,3.42802196821817,-1.2,-0.01,-0.7,380
6.17,244.070197777919,4.74512256079137,245.140622927874,3.42802196821817,-1.2,-0.01,-0.7,380
6.18,244.314191591427,4.74512256079137,245.102874414367,3.42802196821817,-1.2,-0.01,-0.7,380
6.19,244.569929676773,4.74512256079137,245.052642305208,3.42802196821817,-1.2,-0.01,-0.7,380
6.195,244.700995034567,16.0803059611883,245.023142844347,0.620940408526614,-1.2,-0.01,-0.7,380
6.2,244.833563960759,16.0803059611883,244.990848271908,0.620940408526614,-1.2,-0.01,-0.7,380
6.21,245.101136372304,16.0803059611883,244.91848914592,0.620940408526614,-1.2,-0.01,-0.7,380
6.22,245.367909964941,16.0803059611883,244.837303314732,0.620940408526614,-1.2,-0.01,-0.7,380
6.23,245.628557977792,16.0803059611883,244.749571199369,0.620940408526614,-1.2,-0.01,-0.7,380
6.24,245.877593416788,16.0803059611883,244.657215820976,0.620940408526614,-1.2,-0.01,-0.7,380
6.25,246.109677976542,16.0803059611883,244.561569180819,0.620940408526614,-1.2,-0.01,-0.7,380
6.254,246.196634047372,4.29649088496017,244.522607725831,-5.61590645468808,-1.2,-0.01,-0.7,380
6.26,246.319837422307,4.29649088496017,244.463573718243,-5.61590645468808,-1.2,-0.01,-0.7,380
6.27,246.503979980293,4.29649088496017,244.364504938415,-5.61590645468808,-1.2,-0.01,-0.7,380
6.28,246.659698020609,4.29649088496017,244.26727541606,-5.61590645468808,-1.2,-0.01,-0.7,380
6.29,246.786064624342,4.29649088496017,244.175998261461,-5.61590645468808,-1.2,-0.01,-0.7,380
6.3,246.883215103388,4.29649088496017,244.094168530305,-5.61590645468808,-1.2,-0.01,-0.7,380
6.31,246.952011800446,4.29649088496017,244.02418443087,-5.61590645468808,-1.2,-0.01,-0.7,380
6.313,246.967311721457,0.748974345928632,244.005753334979,-6.70460798986256,-1.2,-0.01,-0.7,380
6.32,246.993786211744,0.748974345928632,243.967700496745,-6.70460798986256,-1.2,-0.01,-0.7,380
6.33,247.010279084202,0.748974345928632,243.925942822798,-6.70460798986256,-1.2,-0.01,-0.7,380
6.34,247.003694933222,0.748974345928632,243.900131448511,-6.70460798986256,-1.2,-0.01,-0.7,380
6.35,246.976509700335,0.748974345928632,243.891480622348,-6.70460798986256,-1.2,-0.01,-0.7,380
6.36,246.931275673863,0.748974345928632,243.900911786345,-6.70460798986256,-1.2,-0.01,-0.7,380
6.37,246.870482225055,0.748974345928632,243.929017387417,-6.70460798986256,-1.2,-0.01,-0.7,380
6.372,246.856665181232,0.748974345928632,243.936913977225,-1.47236922862375,-1.2,-0.01,-0.7,380
6.38,246.796461849279,0.748974345928632,243.976181061398,-1.47236922862375,-1.2,-0.01,-0.7,380
6.39,246.711332131942,0.748974345928632,244.04201560367,-1.47236922862375,-1.2,-0.01,-0.7,380
6.4,246.616965294301,0.748974345928632,244.124311332324,-1.47236922862375,-1.2,-0.01,-0.7,380
6.41,246.51497843222,0.748974345928632,244.219505625572,-1.47236922862375,-1.2,-0.01,-0.7,380
6.42,246.406738447712,0.748974345928632,244.324486097654,-1.47236922862375,-1.2,-0.01,-0.7,380
6.43,246.293376949833,0.748974345928632,244.437101399029,-1.47236922862375,-1.2,-0.01,-0.7,380
6.431,246.281796164588,0.748974345928632,244.448725935955,6.03026131701823,-1.2,-0.01,-0.7,380
6.436,246.223291557463,0.748974345928632,244.507670851882,6.03026131701823,-1.2,-0.01,-0.7,380
6.44,246.175811342957,0.748974345928632,244.555813462183,6.03026131701823,-1.2,-0.01,-0.7,380
6.45,246.054769212642,0.748974345928632,244.679066190759,6.03026131701823,-1.2,-0.01,-0.7,380
6.46,245.930813849743,0.748974345928632,244.803527391077,6.03026131701823,-1.2,-0.01,-0.7,380
6.47,245.804369398288,0.748974345928632,244.924200064582,6.03026131701823,-1.2,-0.01,-0.7,380
6.48,245.675744575686,0.748974345928632,245.036762474764,6.03026131701823,-1.2,-0.01,-0.7,380
6.49,245.545154324302,0.748974345928632,245.138229251371,7.15965941200741,-1.2,-0.01,-0.7,380
6.5,245.412739042507,0.748974345928632,245.226399028431,7.15965941200741,-1.2,-0.01,-0.7,380
6.51,245.278581264955,0.748974345928632,245.299398479923,7.15965941200741,-1.2,-0.01,-0.7,380
6.52,245.142719819462,0.748974345928632,245.355512732555,7.15965941200741,-1.2,-0.01,-0.7,380
6.53,245.005161595029,0.748974345928632,245.393467202871,7.15965941200741,-1.2,-0.01,-0.7,380
6.54,244.865891123231,0.748974345928632,245.412411101575,7.15965941200741,-1.2,-0.01,-0.7,380
6.549,244.739058977994,-2.6600653110589,245.412724510449,0.619119669101267,-1.2,-0.01,-0.7,380
6.55,244.724878214992,-2.6600653110589,245.411768724893,0.619119669101267,-1.2,-0.01,-0.7,380
6.555,244.653709138518,-2.6600653110589,245.404130657022,0.619119669101267,-1.2,-0.01,-0.7,380
6.56,244.582113970787,-2.6600653110589,245.391764917725,0.619119669101267,-1.2,-0.01,-0.7,380
6.57,244.437835972676,-2.6600653110589,245.354635356833,0.619119669101267,-1.2,-0.01,-0.7,380
6.58,244.292613754066,-2.6600653110589,245.304276267612,0.619119669101267,-1.2,-0.01,-0.7,380
6.59,244.147230753302,-2.6600653110589,245.244346010375,0.619119669101267,-1.2,-0.01,-0.7,380
6.6,244.002582219736,-2.6600653110589,245.177583328319,0.619119669101267,-1.2,-0.01,-0.7,380
6.608,243.888018412632,-10.6826489675673,245.120640924812,0.619119669101267,-1.2,-0.01,-0.7,380
6.61,243.859599710508,-10.6826489675673,245.106006586917,0.619119669101267,-1.2,-0.01,-0.7,380
6.62,243.719296397278,-10.6826489675673,245.031025440963,0.619119669101267,-1.2,-0.01,-0.7,380
6.63,243.583277681811,-10.6826489675673,244.953619854647,0.619119669101267,-1.2,-0.01,-0.7,380
6.64,243.4538332224,-10.6826489675673,244.874458626922,0.619119669101267,-1.2,-0.01,-0.7,380
6.65,243.333634580433,-10.6826489675673,244.793996398556,0.619119669101267,-1.2,-0.01,-0.7,380
6.66,243.225492974404,-10.6826489675673,244.712538297907,0.619119669101267,-1.2,-0.01,-0.7,380
6.667,243.15846017326,-10.1174591918622,244.655037114038,-3.88761579699496,-1.2,-0.01,-0.7,380
6.67,243.132185614397,-10.1174591918622,244.630286754275,-3.88761579699496,-1.2,-0.01,-0.7,380
6.68,243.056328373936,-10.1174591918622,244.547852425357,-3.88761579699496,-1.2,-0.01,-0.7,380
6.69,243.000262446555,-10.1174591918622,244.467192691441,-3.88761579699496,-1.2,-0.01,-0.7,380
6.7,242.966011550391,-10.1174591918622,244.391254369831,-3.88761579699496,-1.2,-0.01,-0.7,380
6.71,242.955287153413,-10.1174591918622,244.322525930032,-3.88761579699496,-1.2,-0.01,-0.7,380
6.72,242.969507194099,-10.1174591918622,244.262676164457,-3.88761579699496,-1.2,-0.01,-0.7,380
6.726,242.990501506596,-3.65705032246387,244.231524942136,-5.32797461201624,-1.2,-0.01,-0.7,380
6.73,243.009821464563,-3.65705032246387,244.212851851558,-5.32797461201624,-1.2,-0.01,-0.7,380
6.74,243.077003132212,-3.65705032246387,244.17397532357,-5.32797461201624,-1.2,-0.01,-0.7,380
6.75,243.17103516086,-3.65705032246387,244.147191413172,-5.32797461201624,-1.2,-0.01,-0.7,380
6.76,243.291164738582,-3.65705032246387,244.133800969174,-5.32797461201624,-1.2,-0.01,-0.7,380
6.77,243.436160522818,-3.65705032246387,244.134824983249,-5.32797461201624,-1.2,-0.01,-0.7,380
6.78,243.604515639736,-3.65705032246387,244.150922587618,-5.32797461201624,-1.2,-0.01,-0.7,380
6.785,243.696945242999,7.56376235621534,244.164765971179,-1.1758736814965,-1.2,-0.01,-0.7,380
6.79,243.794596280876,7.56376235621534,244.182526728978,-1.1758736814965,-1.2,-0.01,-0.7,380
6.8,244.004445244462,7.56376235621534,244.22939695191,-1.1758736814965,-1.2,-0.01,-0.7,380
6.81,244.231099188834,7.56376235621534,244.289779576155,-1.1758736814965,-1.2,-0.01,-0.7,380
6.82,244.470762933303,7.56376235621534,244.360811807072,-1.1758736814965,-1.2,-0.01,-0.7,380
6.83,244.719233297036,7.56376235621534,244.439997513322,-1.1758736814965,-1.2,-0.01,-0.7,380
6.84,244.972216536144,7.56376235621534,244.525610871787,-1.1758736814965,-1.2,-0.01,-0.7,380
6.844,245.073733482029,16.2050950999018,244.561368903991,4.7970711623155,-1.2,-0.01,-0.7,380
6.85,245.225546713834,16.2050950999018,244.616414462356,4.7970711623155,-1.2,-0.01,-0.7,380
6.86,245.475042161456,16.2050950999018,244.711066760743,4.7970711623155,-1.2,-0.01,-0.7,380
6.87,245.716042495021,16.2050950999018,244.80668041924,4.7970711623155,-1.2,-0.01,-0.7,380
6.88,245.9436153767,16.2050950999018,244.899042177451,4.7970711623155,-1.2,-0.01,-0.7,380
6.89,246.152872879436,16.2050950999018,244.984589421626,4.7970711623155,-1.2,-0.01,-0.7,380
6.9,246.339188397091,16.2050950999018,245.060905380215,4.7970711623155,-1.2,-0.01,-0.7,380
6.903,246.389965187993,0.745123406673585,245.081738749285,5.82180890954777,-1.2,-0.01,-0.7,380
6.91,246.498355435239,0.745123406673585,245.126283984145,5.82180890954777,-1.2,-0.01,-0.7,380
6.92,246.627277516376,0.745123406673585,245.179485500286,5.82180890954777,-1.2,-0.01,-0.7,380
6.93,246.724878990138,0.745123406673585,245.219313281863,5.82180890954777,-1.2,-0.01,-0.7,380
6.94,246.791734782188,0.745123406673585,245.244570268049,5.82180890954777,-1.2,-0.01,-0.7,380
6.95,246.829535149047,0.745123406673585,245.254342969541,5.82180890954777,-1.2,-0.01,-0.7,380
6.96,246.84066799336,0.745123406673585,245.248031728371,5.82180890954777,-1.2,-0.01,-0.7,380
6.962,246.839934095761,0.745123406673585,245.244803680019,0.61771116029076,-1.2,-0.01,-0.7,380
6.97,246.827898507068,0.745123406673585,245.225236655522,0.61771116029076,-1.2,-0.01,-0.7,380
6.98,246.794129399096,0.745123406673585,245.186212175046,0.61771116029076,-1.2,-0.01,-0.7,380
6.99,246.742227379019,0.745123406673585,245.132868071534,0.61771116029076,-1.2,-0.01,-0.7,380
7,246.674904023549,0.745123406673585,245.06845392523,0.61771116029076,-1.2,-0.01,-0.7,380
7.01,246.594639893645,0.745123406673585,244.995960419576,0.61771116029076,-1.2,-0.01,-0.7,380
7.02,246.503642436901,0.745123406673585,244.917587707967,0.61771116029076,-1.2,-0.01,-0.7,380
7.021,246.49402871444,0.745123406673585,244.909486314308,-0.564796448717056,-1.2,-0.01,-0.7,380
7.026,246.444701825266,0.745123406673585,244.868439076441,-0.564796448717056,-1.2,-0.01,-0.7,380
7.03,246.403829346126,0.745123406673585,244.834952962661,-0.564796448717056,-1.2,-0.01,-0.7,380
7.04,246.296830385434,0.745123406673585,244.74933751921,-0.564796448717056,-1.2,-0.01,-0.7,380
7.05,246.184001850973,0.745123406673585,244.662085854977,-0.564796448717056,-1.2,-0.01,-0.7,380
7.06,246.066449172038,0.745123406673585,244.574576955537,-0.564796448717056,-1.2,-0.01,-0.7,380
7.07,245.945054016166,0.745123406673585,244.487890091055,-0.564796448717056,-1.2,-0.01,-0.7,380
7.08,245.820503269312,0.745123406673585,244.402750821663,-6.11115727121558,-1.2,-0.01,-0.7,380
7.09,245.693317965293,0.745123406673585,244.320231866905,-6.11115727121558,-1.2,-0.01,-0.7,380
7.1,245.563880846788,0.745123406673585,244.24290044004,-6.11115727121558,-1.2,-0.01,-0.7,380
7.11,245.432461715151,0.745123406673585,244.174417235221,-6.11115727121558,-1.2,-0.01,-0.7,380
7.12,245.299240091494,0.745123406673585,244.117852997176,-6.11115727121558,-1.2,-0.01,-0.7,380
7.13,245.164324984242,0.745123406673585,244.075276745104,-6.11115727121558,-1.2,-0.01,-0.7,380
7.139,245.041500089598,0.745123406673585,244.050102120978,-4.70653970987856,-1.2,-0.01,-0.7,380
7.14,245.027771755521,0.745123406673585,244.04810262559,-4.70653970987856,-1.2,-0.01,-0.7,380
7.145,244.958886998766,0.745123406673585,244.040544641396,-4.70653970987856,-1.2,-0.01,-0.7,380
7.15,244.889596212522,0.745123406673585,244.037067957615,-4.70653970987856,-1.2,-0.01,-0.7,380
7.16,244.74978614051,0.745123406673585,244.042107992434,-4.70653970987856,-1.2,-0.01,-0.7,380
7.17,244.608310546025,0.745123406673585,244.06259749414,-4.70653970987856,-1.2,-0.01,-0.7,380
7.18,244.465126889893,0.745123406673585,244.097920073799,-4.70653970987856,-1.2,-0.01,-0.7,380
7.19,244.320186609157,0.745123406673585,244.147639931013,-4.70653970987856,-1.2,-0.01,-0.7,380
7.198,244.202935664008,-9.66804930828655,244.19755682005,1.40327565587545,-1.2,-0.01,-0.7,380
7.2,244.173439310342,-9.66804930828655,244.2114297147,1.40327565587545,-1.2,-0.01,-0.7,380
7.21,244.024964350764,-9.66804930828655,244.288429691375,1.40327565587545,-1.2,-0.01,-0.7,380
7.22,243.875683090594,-9.66804930828655,244.3759231756,1.40327565587545,-1.2,-0.01,-0.7,380
7.23,243.727509788482,-9.66804930828655,244.46972856987,1.40327565587545,-1.2,-0.01,-0.7,380
7.24,243.582976526006,-9.66804930828655,244.566231886753,1.40327565587545,-1.2,-0.01,-0.7,380
7.25,243.444925068841,-9.66804930828655,244.662951505102,1.40327565587545,-1.2,-0.01,-0.7,380
7.257,243.353713428431,-11.3064087963913,244.729808557586,6.60689289139501,-1.2,-0.01,-0.7,380
7.26,243.316279623713,-11.3064087963913,244.758123799045,6.60689289139501,-1.2,-0.01,-0.7,380
7.27,243.199913399113,-11.3064087963913,244.850171059619,6.60689289139501,-1.2,-0.01,-0.7,380
7.28,243.098655413367,-11.3064087963913,244.936329261973,6.60689289139501,-1.2,-0.01,-0.7,380
7.29,243.015232913798,-11.3064087963913,245.012763500093,6.60689289139501,-1.2,-0.01,-0.7,380
7.3,242.952178611711,-11.3064087963913,245.076310190793,6.60689289139501,-1.2,-0.01,-0.7,380
7.31,242.911774234585,-11.3064087963913,245.124856210009,6.60689289139501,-1.2,-0.01,-0.7,380
7.316,242.899248974757,-7.16917054593621,245.146143428879,3.82177326720437,-1.2,-0.01,-0.7,380
7.32,242.896022857681,-7.16917054593621,245.15692144517,3.82177326720437,-1.2,-0.01,-0.7,380
7.33,242.906554372126,-7.16917054593621,245.17176046187,3.82177326720437,-1.2,-0.01,-0.7,380
7.34,242.944349948029,-7.16917054593621,245.169793385741,3.82177326720437,-1.2,-0.01,-0.7,380
7.35,243.009777088295,-7.16917054593621,245.152375433801,3.82177326720437,-1.2,-0.01,-0.7,380
7.36,243.102761046273,-7.16917054593621,245.120812810676,3.82177326720437,-1.2,-0.01,-0.7,380
7.37,243.222925234067,-7.16917054593621,245.076066048315,3.82177326720437,-1.2,-0.01,-0.7,380
7.375,243.293027422952,3.36602298452684,245.048986539398,0.616112086025166,-1.2,-0.01,-0.7,380
7.38,243.369697590007,3.36602298452684,245.018871587112,0.616112086025166,-1.2,-0.01,-0.7,380
7.39,243.542107948635,3.36602298452684,244.950134764968,0.616112086025166,-1.2,-0.01,-0.7,380
7.4,243.738141725185,3.36602298452684,244.871660092969,0.616112086025166,-1.2,-0.01,-0.7,380
7.41,243.954900593782,3.36602298452684,244.785920943074,0.616112086025166,-1.2,-0.01,-0.7,380
7.42,244.189000124812,3.36602298452684,244.695031453498,0.616112086025166,-1.2,-0.01,-0.7,380
7.43,244.43687159735,3.36602298452684,244.600466794056,0.616112086025166,-1.2,-0.01,-0.7,380
7.434,244.539079715278,14.9720021959322,244.561855268996,-5.10798890817998,-1.2,-0.01,-0.7,380
7.44,244.694971459806,14.9720021959322,244.503276150231,-5.10798890817998,-1.2,-0.01,-0.7,380
7.45,244.959537585107,14.9720021959322,244.404775068677,-5.10798890817998,-1.2,-0.01,-0.7,380
7.46,245.225939210908,14.9720021959322,244.307773610911,-5.10798890817998,-1.2,-0.01,-0.7,380
7.47,245.488943004445,14.9720021959322,244.216167460236,-5.10798890817998,-1.2,-0.01,-0.7,380
7.48,245.743142560729,14.9720021959322,244.133239902233,-5.10798890817998,-1.2,-0.01,-0.7,380
7.49,245.98326631228,14.9720021959322,244.061227250433,-5.10798890817998,-1.2,-0.01,-0.7,380
7.493,246.051810139647,6.20970908068335,244.041988397327,-6.701672379323,-1.2,-0.01,-0.7,380
7.5,246.204396797073,6.20970908068335,244.001667644316,-6.701672379323,-1.2,-0.01,-0.7,380
7.51,246.402447984637,6.20970908068335,243.955766546971,-6.701672379323,-1.2,-0.01,-0.7,380
7.52,246.574732152029,6.20970908068335,243.924912727075,-6.701672379323,-1.2,-0.01,-0.7,380
7.53,246.719765186273,6.20970908068335,243.910620645994,-6.701672379323,-1.2,-0.01,-0.7,380
7.54,246.836958360798,6.20970908068335,243.914067238857,-6.701672379323,-1.2,-0.01,-0.7,380
7.55,246.926366547741,6.20970908068335,243.936012136341,-6.701672379323,-1.2,-0.01,-0.7,380
7.552,246.940951829061,0.741163329744786,243.942665616224,-1.8319187842294,-1.2,-0.01,-0.7,380
7.56,246.988499888254,0.741163329744786,243.976952878733,-1.8319187842294,-1.2,-0.01,-0.7,380
7.57,247.024420758169,0.741163329744786,244.036605797119,-1.8319187842294,-1.2,-0.01,-0.7,380
7.58,247.035900672284,0.741163329744786,244.112940291457,-1.8319187842294,-1.2,-0.01,-0.7,380
7.59,247.025177970122,0.741163329744786,244.202641547654,-1.8319187842294,-1.2,-0.01,-0.7,380
7.6,246.994713703451,0.741163329744786,244.302809698359,-1.8319187842294,-1.2,-0.01,-0.7,380
7.61,246.947011899377,0.741163329744786,244.41143849073,-1.8319187842294,-1.2,-0.01,-0.7,380
7.611,246.941388069062,0.741163329744786,244.422713559716,5.61740487348213,-1.2,-0.01,-0.7,380
7.616,246.911129814121,0.741163329744786,244.480056306105,5.61740487348213,-1.2,-0.01,-0.7,380
7.62,246.884492614244,0.741163329744786,244.527091384965,5.61740487348213,-1.2,-0.01,-0.7,380
7.63,246.809407601156,0.741163329744786,244.648261899966,5.61740487348213,-1.2,-0.01,-0.7,380
7.64,246.723789378285,0.741163329744786,244.771642738232,5.61740487348213,-1.2,-0.01,-0.7,380
7.65,246.629426081609,0.741163329744786,244.892265900712,5.61740487348213,-1.2,-0.01,-0.7,380
7.66,246.527855225529,0.741163329744786,245.005832015299,5.61740487348213,-1.2,-0.01,-0.7,380
7.67,246.420370903875,0.741163329744786,245.109370935017,7.46348508341681,-1.2,-0.01,-0.7,380
7.68,246.30803993839,0.741163329744786,245.200643854208,7.46348508341681,-1.2,-0.01,-0.7,380
7.69,246.191723457119,0.741163329744786,245.277516279215,7.46348508341681,-1.2,-0.01,-0.7,380
7.7,246.072101221656,0.741163329744786,245.337820233176,7.46348508341681,-1.2,-0.01,-0.7,380
7.71,245.949696728016,0.741163329744786,245.379900351626,7.46348508341681,-1.2,-0.01,-0.7,380
7.72,245.824901685378,0.741163329744786,245.402651565712,7.46348508341681,-1.2,-0.01,-0.7,380
7.729,245.710777908025,0.741163329744786,245.405967424358,0.614323927502101,-1.2,-0.01,-0.7,380
7.73,245.697998941069,0.741163329744786,245.405316622291,0.614323927502101,-1.2,-0.01,-0.7,380
7.735,245.633820971488,0.741163329744786,245.399107263234,0.614323927502101,-1.2,-0.01,-0.7,380
7.74,245.569183280857,0.741163329744786,245.388006437533,0.614323927502101,-1.2,-0.01,-0.7,380
7.75,245.438579810196,0.741163329744786,245.35294046148,0.614323927502101,-1.2,-0.01,-0.7,380
7.76,245.306259829179,0.741163329744786,245.304097450139,0.614323927502101,-1.2,-0.01,-0.7,380
7.77,245.172254243603,0.741163329744786,245.245254800586,0.614323927502101,-1.2,-0.01,-0.7,380
7.78,245.036564669113,0.741163329744786,245.179266459242,0.614323927502101,-1.2,-0.01,-0.7,380
7.788,244.926788480397,-0.215301743302305,245.122783031564,0.614323927502101,-1.2,-0.01,-0.7,380
7.79,244.899172443133,-0.215301743302305,245.108245746545,0.614323927502101,-1.2,-0.01,-0.7,380
7.8,244.760057581877,-0.215301743302305,245.033673666285,0.614323927502101,-1.2,-0.01,-0.7,380
7.81,244.619269549624,-0.215301743302305,244.956581244639,0.614323927502101,-1.2,-0.01,-0.7,380
7.82,244.476945167604,-0.215301743302305,244.877673042381,0.614323927502101,-1.2,-0.01,-0.7,380
7.83,244.333277169229,-0.215301743302305,244.797428463224,0.614323927502101,-1.2,-0.01,-0.7,380
7.84,244.188488070038,-0.215301743302305,244.716169707567,0.614323927502101,-1.2,-0.01,-0.7,380
7.847,244.086593389575,-10.3233841293563,244.65880365441,-3.84320392301861,-1.2,-0.01,-0.7,380
7.85,244.042811294865,-10.3233841293563,244.63411093893,-3.84320392301861,-1.2,-0.01,-0.7,380
7.86,243.896646179635,-10.3233841293563,244.551866695861,-3.84320392301861,-1.2,-0.01,-0.7,380
7.87,243.751256441115,-10.3233841293563,244.471382449251,-3.84320392301861,-1.2,-0.01,-0.7,380
7.88,243.608814571663,-10.3233841293563,244.39558103953,-3.84320392301861,-1.2,-0.01,-0.7,380
7.89,243.472031692827,-10.3233841293563,244.326928911392,-3.84320392301861,-1.2,-0.01,-0.7,380
7.9,243.343865294058,-10.3233841293563,244.267079110699,-3.84320392301861,-1.2,-0.01,-0.7,380
7.906,243.272348877834,-10.9931282269445,244.235886401441,-5.32047601997725,-1.2,-0.01,-0.7,380
7.91,243.227305976083,-10.9931282269445,244.217167257254,-5.32047601997725,-1.2,-0.01,-0.7,380
7.92,243.125243347422,-10.9931282269445,244.178112351858,-5.32047601997725,-1.2,-0.01,-0.7,380
7.93,243.040415447673,-10.9931282269445,244.151070235385,-5.32047601997725,-1.2,-0.01,-0.7,380
7.94,242.975349286943,-10.9931282269445,244.137362869953,-5.32047601997725,-1.2,-0.01,-0.7,380
7.95,242.932310246643,-10.9931282269445,244.138029324652,-5.32047601997725,-1.2,-0.01,-0.7,380
7.96,242.913279187418,-10.9931282269445,244.153740520985,-5.32047601997725,-1.2,-0.01,-0.7,380
7.965,242.913306953881,-6.02428918119643,244.167382513756,-1.19822717833304,-1.2,-0.01,-0.7,380
7.97,242.919948069595,-6.02428918119643,244.18493745236,-1.19822717833304,-1.2,-0.01,-0.7,380
7.98,242.953596325498,-6.02428918119643,244.231387772474,-1.19822717833304,-1.2,-0.01,-0.7,380
7.99,243.014778937946,-6.02428918119643,244.291353222327,-1.19822717833304,-1.2,-0.01,-0.7,380
8,243.103409155381,-6.02428918119643,244.36199248323,-1.19822717833304,-1.2,-0.01,-0.7,380
8.01,243.21895982819,-6.02428918119643,244.440827631625,-1.19822717833304,-1.2,-0.01,-0.7,380
8.02,243.360623392126,-6.02428918119643,244.526145182955,-1.19822717833304,-1.2,-0.01,-0.7,380
8.024,243.424387316448,4.91126086031796,244.561802227801,4.7668991530221,-1.2,-0.01,-0.7,380
8.03,243.527426258383,4.91126086031796,244.616716345506,4.7668991530221,-1.2,-0.01,-0.7,380
8.04,243.717953243747,4.91126086031796,244.711204366647,4.7668991530221,-1.2,-0.01,-0.7,380
8.05,243.929716732465,4.91126086031796,244.806725623215,4.7668991530221,-1.2,-0.01,-0.7,380
8.06,244.159395065871,4.91126086031796,244.899071377499,4.7668991530221,-1.2,-0.01,-0.7,380
8.07,244.403236204804,4.91126086031796,244.984682289035,4.7668991530221,-1.2,-0.01,-0.7,380
8.08,244.657359892594,4.91126086031796,245.061143444156,4.7668991530221,-1.2,-0.01,-0.7,380
8.083,244.735030073376,15.969436049573,245.082036452926,5.81187863294279,-1.2,-0.01,-0.7,380
8.09,244.917957783212,15.969436049573,245.126749947858,5.81187863294279,-1.2,-0.01,-0.7,380
8.1,245.180990018745,15.969436049573,245.180261027857,5.81187863294279,-1.2,-0.01,-0.7,380
8.11,245.441627290872,15.969436049573,245.22047226644,5.81187863294279,-1.2,-0.01,-0.7,380
8.12,245.694565177604,15.969436049573,245.246173390946,5.81187863294279,-1.2,-0.01,-0.7,380
8.13,245.934420561531,15.969436049573,245.256439650788,5.81187863294279,-1.2,-0.01,-0.7,380
8.14,246.156010333348,15.969436049573,245.250663741959,5.81187863294279,-1.2,-0.01,-0.7,380
8.142,246.197705804275,3.88095581209139,245.247547286869,0.612922013632571,-1.2,-0.01,-0.7,380
8.15,246.354563806813,3.88095581209139,245.228440236608,0.612922013632571,-1.2,-0.01,-0.7,380
8.16,246.526393056276,3.88095581209139,245.19001898464,0.612922013632571,-1.2,-0.01,-0.7,380
8.17,246.669548633693,3.88095581209139,245.137304725115,0.612922013632571,-1.2,-0.01,-0.7,380
8.18,246.783484504967,3.88095581209139,245.073541761028,0.612922013632571,-1.2,-0.01,-0.7,380
8.19,246.868646097096,3.88095581209139,245.001716360704,0.612922013632571,-1.2,-0.01,-0.7,380
8.2,246.926143652953,3.88095581209139,244.924025573886,0.612922013632571,-1.2,-0.01,-0.7,380
8.201,246.930428000873,0.737244818248778,244.915993055231,-0.484578885144135,-1.2,-0.01,-0.7,380
8.20600000000001,246.947986246039,0.737244818248778,244.875291832271,-0.484578885144135,-1.2,-0.01,-0.7,380
8.21,246.95750990537,0.737244818248778,244.842084498278,-0.484578885144135,-1.2,-0.01,-0.7,380
8.22,246.964673248872,0.737244818248778,244.757162476381,-0.484578885144135,-1.2,-0.01,-0.7,380
8.23,246.94994821248,0.737244818248778,244.670564061153,-0.484578885144135,-1.2,-0.01,-0.7,380
8.24,246.915834989938,0.737244818248778,244.583608763578,-0.484578885144135,-1.2,-0.01,-0.7,380
8.25,246.864849210317,0.737244818248778,244.497325772638,-0.484578885144135,-1.2,-0.01,-0.7,380
8.26,246.799402878922,0.737244818248778,244.412407245988,-6.06698574461048,-1.2,-0.01,-0.7,380
8.27,246.721726381828,0.737244818248778,244.329905353434,-6.06698574461048,-1.2,-0.01,-0.7,380
8.28,246.633822679034,0.737244818248778,244.252383872367,-6.06698574461048,-1.2,-0.01,-0.7,380
8.29,246.537445994132,0.737244818248778,244.183514160642,-6.06698574461048,-1.2,-0.01,-0.7,380
8.3,246.434098484264,0.737244818248778,244.126381624284,-6.06698574461048,-1.2,-0.01,-0.7,380
8.31,246.325039510884,0.737244818248778,244.083068331735,-6.06698574461048,-1.2,-0.01,-0.7,380
8.319,246.222862130173,0.737244818248778,244.057094886126,-4.73453073807991,-1.2,-0.01,-0.7,380
8.32,246.211303188381,0.737244818248778,244.054998948034,-4.73453073807991,-1.2,-0.01,-0.7,380
8.325,246.152948059562,0.737244818248778,244.046938891934,-4.73453073807991,-1.2,-0.01,-0.7,380
8.33,246.09372083743,0.737244818248778,244.042928104246,-4.73453073807991,-1.2,-0.01,-0.7,380
8.34,245.972945778352,0.737244818248778,244.046831294057,-4.73453073807991,-1.2,-0.01,-0.7,380
8.35,245.849478599435,0.737244818248778,244.066139690609,-4.73453073807991,-1.2,-0.01,-0.7,380
8.36,245.723691591056,0.737244818248778,244.100284448528,-4.73453073807991,-1.2,-0.01,-0.7,380
8.37,245.595851477018,0.737244818248778,244.148862166303,-4.73453073807991,-1.2,-0.01,-0.7,380
8.378,245.492225618974,0.737244818248778,244.197906746501,1.3201067424922,-1.2,-0.01,-0.7,380
8.38,245.466139932056,0.737244818248778,244.211568316307,1.3201067424922,-1.2,-0.01,-0.7,380
8.39,245.334671628242,0.737244818248778,244.287560050865,1.3201067424922,-1.2,-0.01,-0.7,380
8.4,245.201509757237,0.737244818248778,244.374144767399,1.3201067424922,-1.2,-0.01,-0.7,380
8.41,245.066679091855,0.737244818248778,244.467174831955,1.3201067424922,-1.2,-0.01,-0.7,380
8.42,244.930176758311,0.737244818248778,244.56306613305,1.3201067424922,-1.2,-0.01,-0.7,380
8.43,244.791980933838,0.737244818248778,244.659357987279,1.3201067424922,-1.2,-0.01,-0.7,380
8.437,244.694218393556,-3.25761047407961,244.726033399351,6.54864574058003,-1.2,-0.01,-0.7,380
8.44,244.652057922615,-3.25761047407961,244.754301543536,6.54864574058003,-1.2,-0.01,-0.7,380
8.45,244.5104341777,-3.25761047407961,244.846326335521,6.54864574058003,-1.2,-0.01,-0.7,380
8.46,244.367480026186,-3.25761047407961,244.932665076081,6.54864574058003,-1.2,-0.01,-0.7,380
8.47,244.223932502972,-3.25761047407961,245.009471597786,6.54864574058003,-1.2,-0.01,-0.7,380
8.48,244.080752602139,-3.25761047407961,245.07357113149,6.54864574058003,-1.2,-0.01,-0.7,380
8.49,243.939011942544,-3.25761047407961,245.122842660269,6.54864574058003,-1.2,-0.01,-0.7,380
8.496,243.85511630904,-10.5922444824007,245.144645583762,3.86178577462224,-1.2,-0.01,-0.7,380
8.5,243.79981064947,-10.5922444824007,245.155800322278,3.86178577462224,-1.2,-0.01,-0.7,380
8.51,243.664378722168,-10.5922444824007,245.171686043638,3.86178577462224,-1.2,-0.01,-0.7,380
8.52,243.534550002273,-10.5922444824007,245.170879865084,3.86178577462224,-1.2,-0.01,-0.7,380
8.53,243.412710396558,-10.5922444824007,245.154673520874,3.86178577462224,-1.2,-0.01,-0.7,380
8.54,243.30152067608,-10.5922444824007,245.124315690491,3.86178577462224,-1.2,-0.01,-0.7,380
8.55,243.203707906773,-10.5922444824007,245.080724696425,3.86178577462224,-1.2,-0.01,-0.7,380
8.555,243.160650997085,-9.71024883317834,245.054194629358,0.611334580479158,-1.2,-0.01,-0.7,380
8.56,243.121918216486,-9.71024883317834,245.024605946595,0.611334580479158,-1.2,-0.01,-0.7,380
8.57,243.058595305176,-9.71024883317834,244.956846906967,0.611334580479158,-1.2,-0.01,-0.7,380
8.58,243.01586235569,-9.71024883317834,244.87925359718,0.611334580479158,-1.2,-0.01,-0.7,380
8.59,242.995503330442,-9.71024883317834,244.794317108851,0.611334580479158,-1.2,-0.01,-0.7,380
8.6,242.998986504034,-9.71024883317834,244.704171060342,0.611334580479158,-1.2,-0.01,-0.7,380
8.61,243.027495477512,-9.71024883317834,244.610306107371,0.611334580479158,-1.2,-0.01,-0.7,380
8.614,243.046122961803,-2.96815593428381,244.571964979675,-4.98068904099284,-1.2,-0.01,-0.7,380
8.62,243.081958206928,-2.96815593428381,244.513783455331,-4.98068904099284,-1.2,-0.01,-0.7,380
8.63,243.162856178731,-2.96815593428381,244.415917474431,-4.98068904099284,-1.2,-0.01,-0.7,380
8.64,243.269831304281,-2.96815593428381,244.319482510368,-4.98068904099284,-1.2,-0.01,-0.7,380
8.65,243.401838030945,-2.96815593428381,244.22831144313,-4.98068904099284,-1.2,-0.01,-0.7,380
8.66,243.557401673727,-2.96815593428381,244.145629162352,-4.98068904099284,-1.2,-0.01,-0.7,380
8.67,243.734817091987,-2.96815593428381,244.073628663421,-4.98068904099284,-1.2,-0.01,-0.7,380
8.673,243.792035722804,8.13440620838202,244.054343324906,-6.66497984042888,-1.2,-0.01,-0.7,380
8.68,243.932280351116,8.13440620838202,244.013817441348,-6.66497984042888,-1.2,-0.01,-0.7,380
8.69,244.147545984728,8.13440620838202,243.967390461792,-6.66497984042888,-1.2,-0.01,-0.7,380
8.7,244.37734917063,8.13440620838202,243.935761804461,-6.66497984042888,-1.2,-0.01,-0.7,380
8.71,244.617710992092,8.13440620838202,243.920496244921,-6.66497984042888,-1.2,-0.01,-0.7,380
8.72,244.864338362305,8.13440620838202,243.922814053614,-6.66497984042888,-1.2,-0.01,-0.7,380
8.73,245.112917608171,8.13440620838202,243.943503185556,-6.66497984042888,-1.2,-0.01,-0.7,380
8.732,245.16249936842,15.0652177833853,243.949892001631,-1.8888584836698,-1.2,-0.01,-0.7,380
8.74,245.359302246875,15.0652177833853,243.983080536687,-1.8888584836698,-1.2,-0.01,-0.7,380
8.75,245.5993181859,15.0652177833853,244.041283976796,-1.8888584836698,-1.2,-0.01,-0.7,380
8.76,245.82848602605,15.0652177833853,244.116127422557,-1.8888584836698,-1.2,-0.01,-0.7,380
8.77,246.042255506033,15.0652177833853,244.204359784363,-1.8888584836698,-1.2,-0.01,-0.7,380
8.78,246.236241452351,15.0652177833853,244.303136392819,-1.8888584836698,-1.2,-0.01,-0.7,380
8.79,246.406378128272,15.0652177833853,244.410488921235,-1.8888584836698,-1.2,-0.01,-0.7,380
8.791,246.421935490363,0.733438223435508,244.421643692155,5.51293092460722,-1.2,-0.01,-0.7,380
8.796,246.495478592934,0.733438223435508,244.478407836367,5.51293092460722,-1.2,-0.01,-0.7,380
8.8,246.549066109737,0.733438223435508,244.525007499274,5.51293092460722,-1.2,-0.01,-0.7,380
8.81,246.661972257054,0.733438223435508,244.645199942316,5.51293092460722,-1.2,-0.01,-0.7,380
8.82,246.744638560412,0.733438223435508,244.767773334394,5.51293092460722,-1.2,-0.01,-0.7,380
8.83,246.798020489307,0.733438223435508,244.887783081001,5.51293092460722,-1.2,-0.01,-0.7,380
8.84,246.824008477722,0.733438223435508,245.000952521794,5.51293092460722,-1.2,-0.01,-0.7,380
8.85,246.825056638352,0.733438223435508,245.104328958889,7.47141780829765,-1.2,-0.01,-0.7,380
8.86,246.803900029356,0.733438223435508,245.195678826118,7.47141780829765,-1.2,-0.01,-0.7,380
8.87,246.763345214257,0.733438223435508,245.272834823121,7.47141780829765,-1.2,-0.01,-0.7,380
8.88,246.706121109051,0.733438223435508,245.333563729496,7.47141780829765,-1.2,-0.01,-0.7,380
8.89,246.634778684125,0.733438223435508,245.376154401168,7.47141780829765,-1.2,-0.01,-0.7,380
8.9,246.551629388966,0.733438223435508,245.399464676313,7.47141780829765,-1.2,-0.01,-0.7,380
8.909,246.468392175783,0.733438223435508,245.403302992804,0.609563308438194,-1.2,-0.01,-0.7,380
8.91,246.458713412787,0.733438223435508,245.402710814668,0.609563308438194,-1.2,-0.01,-0.7,380
8.915,246.409153615213,0.733438223435508,245.396794210761,0.609563308438194,-1.2,-0.01,-0.7,380
8.92,246.357790169862,0.733438223435508,245.385984838152,0.609563308438194,-1.2,-0.01,-0.7,380
8.93,246.250344615674,0.733438223435508,245.35149415234,0.609563308438194,-1.2,-0.01,-0.7,380
8.94,246.137604215875,0.733438223435508,245.303212927714,0.609563308438194,-1.2,-0.01,-0.7,380
8.95,246.020562516469,0.733438223435508,245.24491864495,0.609563308438194,-1.2,-0.01,-0.7,380
8.96,245.900006136408,0.733438223435508,245.179467890011,0.609563308438194,-1.2,-0.01,-0.7,380
8.968,245.801444210024,0.733438223435508,245.12340905645,0.609563308438194,-1.2,-0.01,-0.7,380
8.97,245.776542890818,0.733438223435508,245.108977346546,0.609563308438194,-1.2,-0.01,-0.7,380
8.98,245.65062939149,0.733438223435508,245.034931117451,0.609563308438194,-1.2,-0.01,-0.7,380
8.99,245.52259701833,0.733438223435508,244.958362752644,0.609563308438194,-1.2,-0.01,-0.7,380
9,245.392675572423,0.733438223435508,244.879978757988,0.609563308438194,-1.2,-0.01,-0.7,380
9.01,245.261014245608,0.733438223435508,244.800260000715,0.609563308438194,-1.2,-0.01,-0.7,380
9.02,245.127699778071,0.733438223435508,244.719529775116,0.609563308438194,-1.2,-0.01,-0.7,380
9.027,245.033418773137,0.733438223435508,244.662535755351,-3.79920685724254,-1.2,-0.01,-0.7,380
9.03,244.992771845195,0.733438223435508,244.638003064856,-3.79920685724254,-1.2,-0.01,-0.7,380
9.04,244.856235824913,0.733438223435508,244.556290596073,-3.79920685724254,-1.2,-0.01,-0.7,380
9.05,244.718073182318,0.733438223435508,244.476320539332,-3.79920685724254,-1.2,-0.01,-0.7,380
9.06,244.578249724019,0.733438223435508,244.400988518018,-3.79920685724254,-1.2,-0.01,-0.7,380
9.07,244.436722013,0.733438223435508,244.332737466179,-3.79920685724254,-1.2,-0.01,-0.7,380
9.08,244.293442217748,0.733438223435508,244.273204274776,-3.79920685724254,-1.2,-0.01,-0.7,380
9.086,244.206613044405,-9.63169169813401,244.242156184343,-5.28760260655908,-1.2,-0.01,-0.7,380
9.09,244.148363344406,-9.63169169813401,244.223513465015,-5.28760260655908,-1.2,-0.01,-0.7,380
9.1,244.00166803854,-9.63169169813401,244.1845779438,-5.28760260655908,-1.2,-0.01,-0.7,380
9.11,243.854495947182,-9.63169169813401,244.157553531568,-5.28760260655908,-1.2,-0.01,-0.7,380
9.12,243.708906238051,-9.63169169813401,244.143766510708,-5.28760260655908,-1.2,-0.01,-0.7,380
9.13,243.567504432464,-9.63169169813401,244.144260167169,-5.28760260655908,-1.2,-0.01,-0.7,380
9.14,243.433152942791,-9.63169169813401,244.159708265886,-5.28760260655908,-1.2,-0.01,-0.7,380
9.145,243.369532287824,-11.1550577329866,244.17318551752,-1.20155634934673,-1.2,-0.01,-0.7,380
9.15,243.308759717805,-11.1550577329866,244.190553856906,-1.20155634934673,-1.2,-0.01,-0.7,380
9.16,243.197171899788,-11.1550577329866,244.236570048108,-1.20155634934673,-1.2,-0.01,-0.7,380
9.17,243.101181327223,-11.1550577329866,244.296034984675,-1.20155634934673,-1.2,-0.01,-0.7,380
9.18,243.02344880367,-11.1550577329866,244.366132166568,-1.20155634934673,-1.2,-0.01,-0.7,380
9.19,242.966422204636,-11.1550577329866,244.444405306011,-1.20155634934673,-1.2,-0.01,-0.7,380
9.2,242.932289776412,-11.1550577329866,244.529155843402,-1.20155634934673,-1.2,-0.01,-0.7,380
9.204,242.925484218916,-7.02577770735836,244.564587132729,4.72968179247503,-1.2,-0.01,-0.7,380
9.21,242.922956909848,-7.02577770735836,244.619165548047,4.72968179247503,-1.2,-0.01,-0.7,380
9.22,242.93990714314,-7.02577770735836,244.71310515442,4.72968179247503,-1.2,-0.01,-0.7,380
9.23,242.98395376436,-7.02577770735836,244.808103377989,4.72968179247503,-1.2,-0.01,-0.7,380
9.24,243.055335739836,-7.02577770735836,244.899970770697,4.72968179247503,-1.2,-0.01,-0.7,380
9.25,243.153884631976,-7.02577770735836,244.985165172331,4.72968179247503,-1.2,-0.01,-0.7,380
9.26,243.279158399012,-7.02577770735836,245.061283716117,4.72968179247503,-1.2,-0.01,-0.7,380
9.263,243.32186347146,3.41982504181642,245.082089655938,5.77408773694422,-1.2,-0.01,-0.7,380
9.27,243.430530699411,3.41982504181642,245.126630058807,5.77408773694422,-1.2,-0.01,-0.7,380
9.28,243.606850981315,3.41982504181642,245.179969204052,5.77408773694422,-1.2,-0.01,-0.7,380
9.29,243.805895773762,3.41982504181642,245.220100794105,5.77408773694422,-1.2,-0.01,-0.7,380
9.3,244.024652423717,3.41982504181642,245.245817507577,5.77408773694422,-1.2,-0.01,-0.7,380
9.31,244.259695853869,3.41982504181642,245.256196583948,5.77408773694422,-1.2,-0.01,-0.7,380
9.32,244.507469992193,3.41982504181642,245.250632027273,5.77408773694422,-1.2,-0.01,-0.7,380
9.322,244.558242845329,14.8685933242857,245.247569743604,0.608172362546261,-1.2,-0.01,-0.7,380
9.33,244.764461067061,14.8685933242857,245.228719278223,0.608172362546261,-1.2,-0.01,-0.7,380
9.34,245.026791949109,14.8685933242857,245.190706068415,0.608172362546261,-1.2,-0.01,-0.7,380
9.35,245.289717151609,14.8685933242857,245.138486305092,0.608172362546261,-1.2,-0.01,-0.7,380
9.36,245.54799396941,14.8685933242857,245.075285802315,0.608172362546261,-1.2,-0.01,-0.7,380
9.37,245.796281616827,14.8685933242857,245.004072658039,0.608172362546261,-1.2,-0.01,-0.7,380
9.38,246.029422884348,14.8685933242857,244.927029723959,0.608172362546261,-1.2,-0.01,-0.7,380
9.381,246.051715725627,5.97072002843417,244.91906356729,-0.449214117673938,-1.2,-0.01,-0.7,380
9.386,246.160029948511,5.97072002843417,244.878697280975,-0.449214117673938,-1.2,-0.01,-0.7,380
9.39,246.242665060796,5.97072002843417,244.845761648362,-0.449214117673938,-1.2,-0.01,-0.7,380
9.4,246.432243168021,5.97072002843417,244.761525368076,-0.449214117673938,-1.2,-0.01,-0.7,380
9.41,246.595805720097,5.97072002843417,244.67560184052,-0.449214117673938,-1.2,-0.01,-0.7,380
9.42,246.732142030459,5.97072002843417,244.58927928937,-0.449214117673938,-1.2,-0.01,-0.7,380
9.43,246.84088126328,5.97072002843417,244.503561162589,-0.449214117673938,-1.2,-0.01,-0.7,380
9.44,246.922248344999,0.729533447597589,244.419122524834,-6.02043225369365,-1.2,-0.01,-0.7,380
9.45,246.976900736234,0.729533447597589,244.337002780275,-6.02043225369365,-1.2,-0.01,-0.7,380
9.46,247.006085799547,0.729533447597589,244.259754369494,-6.02043225369365,-1.2,-0.01,-0.7,380
9.47,247.011701233896,0.729533447597589,244.191039021177,-6.02043225369365,-1.2,-0.01,-0.7,380
9.48,246.996035156231,0.729533447597589,244.13393620116,-6.02043225369365,-1.2,-0.01,-0.7,380
9.49,246.961542999129,0.729533447597589,244.090524974165,-6.02043225369365,-1.2,-0.01,-0.7,380
9.499,246.916438886085,0.729533447597589,244.064353092518,-4.72412325461663,-1.2,-0.01,-0.7,380
9.5,246.910684861997,0.729533447597589,244.062228635161,-4.72412325461663,-1.2,-0.01,-0.7,380
9.505,246.879859884913,0.729533447597589,244.054007741498,-4.72412325461663,-1.2,-0.01,-0.7,380
9.51,246.845812250738,0.729533447597589,244.049806104595,-4.72412325461663,-1.2,-0.01,-0.7,380
9.52,246.769094355911,0.729533447597589,244.053250139656,-4.72412325461663,-1.2,-0.01,-0.7,380
9.53,246.682475223668,0.729533447597589,244.072018201577,-4.72412325461663,-1.2,-0.01,-0.7,380
9.54,246.587654474837,0.729533447597589,244.105563942895,-4.72412325461663,-1.2,-0.01,-0.7,380
9.55,246.486085142708,0.729533447597589,244.153499312317,-4.72412325461663,-1.2,-0.01,-0.7,380
9.558,246.400795567216,0.729533447597589,244.202006280866,1.2828108187803,-1.2,-0.01,-0.7,380
9.56,246.378983504865,0.729533447597589,244.215530627454,1.2828108187803,-1.2,-0.01,-0.7,380
9.57,246.26734674663,0.729533447597589,244.290824788657,1.2828108187803,-1.2,-0.01,-0.7,380
9.58,246.151975192453,0.729533447597589,244.376707805156,1.2828108187803,-1.2,-0.01,-0.7,380
9.59,246.033496689771,0.729533447597589,244.469060193191,1.2828108187803,-1.2,-0.01,-0.7,380
9.6,245.912391332033,0.729533447597589,244.564323131926,1.2828108187803,-1.2,-0.01,-0.7,380
9.61,245.789015286816,0.729533447597589,244.660053762964,1.2828108187803,-1.2,-0.01,-0.7,380
9.617,245.701440686061,0.729533447597589,244.72638325154,6.49984063218211,-1.2,-0.01,-0.7,380
9.62,245.663622911355,0.729533447597589,244.754515875027,6.49984063218211,-1.2,-0.01,-0.7,380
9.63,245.536386669109,0.729533447597589,244.846146858927,6.49984063218211,-1.2,-0.01,-0.7,380
9.64,245.407414624378,0.729533447597589,244.932186700007,6.49984063218211,-1.2,-0.01,-0.7,380
9.65,245.276765455677,0.729533447597589,245.00879798981,6.49984063218211,-1.2,-0.01,-0.7,380
9.66,245.144461076468,0.729533447597589,245.072813068468,6.49984063218211,-1.2,-0.01,-0.7,380
9.67,245.010497025325,0.729533447597589,245.122115845715,6.49984063218211,-1.2,-0.01,-0.7,380
9.676,244.929313148671,-0.193948332141422,245.143994553796,3.85289801594358,-1.2,-0.01,-0.7,380
9.68,244.874850992594,-0.193948332141422,245.15522393417,3.85289801594358,-1.2,-0.01,-0.7,380
9.69,244.737509585321,-0.193948332141422,245.171378292906,3.85289801594358,-1.2,-0.01,-0.7,380
9.7,244.598538062998,-0.193948332141422,245.170945726055,3.85289801594358,-1.2,-0.01,-0.7,380
9.71,244.45808070485,-0.193948332141422,245.155194401981,3.85289801594358,-1.2,-0.01,-0.7,380
9.72,244.316330296329,-0.193948332141422,245.125351430369,3.85289801594358,-1.2,-0.01,-0.7,380
9.73,244.173504291206,-0.193948332141422,245.082319395215,3.85289801594358,-1.2,-0.01,-0.7,380
9.735,244.101758202835,-10.1668469241628,245.056081587615,0.606597610489319,-1.2,-0.01,-0.7,380
9.74,244.02983115879,-10.1668469241628,245.026792114798,0.606597610489319,-1.2,-0.01,-0.7,380
9.75,243.885813734006,-10.1668469241628,244.959648195217,0.606597610489319,-1.2,-0.01,-0.7,380
9.76,243.742899889341,-10.1668469241628,244.882685736265,0.606597610489319,-1.2,-0.01,-0.7,380
9.77,243.603362316974,-10.1668469241628,244.798389167032,0.606597610489319,-1.2,-0.01,-0.7,380
9.78,243.46994110289,-10.1668469241628,244.70888762442,0.606597610489319,-1.2,-0.01,-0.7,380
9.79,243.345572177888,-10.1668469241628,244.615669280932,0.606597610489319,-1.2,-0.01,-0.7,380
9.794,243.299020157036,-10.8362247447273,244.577587066413,-4.91197678287781,-1.2,-0.01,-0.7,380
9.8,243.233191191431,-10.8362247447273,244.519794016133,-4.91197678287781,-1.2,-0.01,-0.7,380
9.81,243.135620641893,-10.8362247447273,244.422569774539,-4.91197678287781,-1.2,-0.01,-0.7,380
9.82,243.055525458302,-10.8362247447273,244.326746733707,-4.91197678287781,-1.2,-0.01,-0.7,380
9.83,242.995351250666,-10.8362247447273,244.23612000228,-4.91197678287781,-1.2,-0.01,-0.7,380
9.84,242.957279799174,-10.8362247447273,244.153880438131,-4.91197678287781,-1.2,-0.01,-0.7,380
9.85,242.943210754911,-10.8362247447273,244.082196259504,-4.91197678287781,-1.2,-0.01,-0.7,380
9.853,242.94391959677,-5.9523957769695,244.062978525021,-6.62360245048752,-1.2,-0.01,-0.7,380
9.86,242.954755034412,-5.9523957769695,244.022557643212,-6.62360245048752,-1.2,-0.01,-0.7,380
9.87,242.993052539349,-5.9523957769695,243.976150938775,-6.62360245048752,-1.2,-0.01,-0.7,380
9.88,243.058511926608,-5.9523957769695,243.944394240095,-6.62360245048752,-1.2,-0.01,-0.7,380
9.89,243.150951839357,-5.9523957769695,243.928865231441,-6.62360245048752,-1.2,-0.01,-0.7,380
9.9,243.269791658824,-5.9523957769695,243.930795826508,-6.62360245048752,-1.2,-0.01,-0.7,380
9.91,243.414201175012,-5.9523957769695,243.950981637003,-6.62360245048752,-1.2,-0.01,-0.7,380
9.912,243.446067836544,4.81971749836702,243.957256330161,-1.89982798507546,-1.2,-0.01,-0.7,380
9.92,243.583188376649,4.81971749836702,243.989944884941,-1.89982798507546,-1.2,-0.01,-0.7,380
9.93,243.775179048502,4.81971749836702,244.047432400182,-1.89982798507546,-1.2,-0.01,-0.7,380
9.94,243.987525397844,4.81971749836702,244.121481427519,-1.89982798507546,-1.2,-0.01,-0.7,380
9.95,244.216844816238,4.81971749836702,244.208875650991,-1.89982798507546,-1.2,-0.01,-0.7,380
9.96,244.459397490248,4.81971749836702,244.306800857913,-1.89982798507546,-1.2,-0.01,-0.7,380
9.97,244.711365920699,4.81971749836702,244.413309746759,-1.89982798507546,-1.2,-0.01,-0.7,380
9.971,244.736936451057,15.7255423771248,244.424381130139,5.45659632539767,-1.2,-0.01,-0.7,380
9.976,244.865515009289,15.7255423771248,244.480732615526,5.45659632539767,-1.2,-0.01,-0.7,380
9.98,244.969009571631,15.7255423771248,244.52700728602,5.45659632539767,-1.2,-0.01,-0.7,380
9.99,245.228208694829,15.7255423771248,244.646409974698,5.45659632539767,-1.2,-0.01,-0.7,380
10,245.484074348522,15.7255423771248,244.768237395919,5.45659632539767,-1.2,-0.01,-0.7,380
10.01,245.731336245566,15.7255423771248,244.887566972767,5.45659632539767,-1.2,-0.01,-0.7,380
10.02,245.964709047565,15.7255423771248,245.000144203247,5.45659632539767,-1.2,-0.01,-0.7,380
10.03,246.179146473834,3.84676604024138,245.103033664677,7.43421713237207,-1.2,-0.01,-0.7,380
10.04,246.370075768119,3.84676604024138,245.194012860471,7.43421713237207,-1.2,-0.01,-0.7,380
10.05,246.534188792057,3.84676604024138,245.270915957456,7.43421713237207,-1.2,-0.01,-0.7,380
10.06,246.669869883775,3.84676604024138,245.331503598277,7.43421713237207,-1.2,-0.01,-0.7,380
10.07,246.776796376172,3.84676604024138,245.374058493551,7.43421713237207,-1.2,-0.01,-0.7,380
10.08,246.85555141781,3.84676604024138,245.397434506024,7.43421713237207,-1.2,-0.01,-0.7,380
10.089,246.903313582701,0.725673086679407,245.401416371072,0.604840710289842,-1.2,-0.01,-0.7,380
10.09,246.907317824717,0.725673086679407,245.400845018722,0.604840710289842,-1.2,-0.01,-0.7,380
10.095,246.923556616579,0.725673086679407,245.395046359921,0.604840710289842,-1.2,-0.01,-0.7,380
10.1,246.93366733942,0.725673086679407,245.384377688819,0.604840710289842,-1.2,-0.01,-0.7,380
10.11,246.93657966188,0.725673086679407,245.350228714168,0.604840710289842,-1.2,-0.01,-0.7,380
10.12,246.91838443897,0.725673086679407,245.302354766229,0.604840710289842,-1.2,-0.01,-0.7,380
10.13,246.881558536974,0.725673086679407,245.244515647476,0.604840710289842,-1.2,-0.01,-0.7,380
10.14,246.828568539757,0.725673086679407,245.179553689645,0.604840710289842,-1.2,-0.01,-0.7,380
10.148,246.77612174073,0.725673086679407,245.123902962464,0.604840710289842,-1.2,-0.01,-0.7,380
10.15,246.76176173766,0.725673086679407,245.109575173233,0.604840710289842,-1.2,-0.01,-0.7,380
10.16,246.683295901092,0.725673086679407,245.036057044989,0.604840710289842,-1.2,-0.01,-0.7,380
10.17,246.595099177916,0.725673086679407,244.960028098749,0.604840710289842,-1.2,-0.01,-0.7,380
10.18,246.498852917796,0.725673086679407,244.882191726474,0.604840710289842,-1.2,-0.01,-0.7,380
10.19,246.39599108314,0.725673086679407,244.803026784788,0.604840710289842,-1.2,-0.01,-0.7,380
10.2,246.287711204898,0.725673086679407,244.722855288803,0.604840710289842,-1.2,-0.01,-0.7,380
10.207,246.209224182409,0.725673086679407,244.666254863397,-3.75534151502973,-1.2,-0.01,-0.7,380
10.21,246.174992799575,0.725673086679407,244.641891429498,-3.75534151502973,-1.2,-0.01,-0.7,380
10.22,246.058620088801,0.725673086679407,244.560740978719,-3.75534151502973,-1.2,-0.01,-0.7,380
10.23,245.939206624816,0.725673086679407,244.481313992794,-3.75534151502973,-1.2,-0.01,-0.7,380
10.24,245.81722011333,0.725673086679407,244.40647839574,-3.75534151502973,-1.2,-0.01,-0.7,380
10.25,245.693006216506,0.725673086679407,244.338653445483,-3.75534151502973,-1.2,-0.01,-0.7,380
10.26,245.566810565218,0.725673086679407,244.279459908243,-3.75534151502973,-1.2,-0.01,-0.7,380
10.266,245.490213527973,0.725673086679407,244.248569350457,-5.25266381028109,-1.2,-0.01,-0.7,380
10.27,245.438798526191,0.725673086679407,244.230011298436,-5.25266381028109,-1.2,-0.01,-0.7,380
10.28,245.309072510848,0.725673086679407,244.191214279298,-5.25266381028109,-1.2,-0.01,-0.7,380
10.29,245.177686804683,0.725673086679407,244.164223783357,-5.25266381028109,-1.2,-0.01,-0.7,380
10.3,245.044659996054,0.725673086679407,244.150369047487,-5.25266381028109,-1.2,-0.01,-0.7,380
10.31,244.909985187866,0.725673086679407,244.150696458485,-5.25266381028109,-1.2,-0.01,-0.7,380
10.32,244.773638209417,0.725673086679407,244.165881923682,-5.25266381028109,-1.2,-0.01,-0.7,380
10.325,244.704827000904,-3.13058704387986,244.179192232539,-1.20388721255299,-1.2,-0.01,-0.7,380
10.33,244.635585592379,-3.13058704387986,244.196370091968,-1.20388721255299,-1.2,-0.01,-0.7,380
10.34,244.495896159393,-3.13058704387986,244.241939421574,-1.20388721255299,-1.2,-0.01,-0.7,380
10.35,244.355007276588,-3.13058704387986,244.30088487038,-1.20388721255299,-1.2,-0.01,-0.7,380
10.36,244.2136831146,-3.13058704387986,244.370415509114,-1.20388721255299,-1.2,-0.01,-0.7,380
10.37,244.072879588952,-3.13058704387986,244.448097387196,-1.20388721255299,-1.2,-0.01,-0.7,380
10.38,243.933641236346,-3.13058704387986,244.532247387912,-1.20388721255299,-1.2,-0.01,-0.7,380
10.384,243.878621984535,-10.4225870815444,244.567438405222,4.69095278961356,-1.2,-0.01,-0.7,380
10.39,243.797031873922,-10.4225870815444,244.621658223735,4.69095278961356,-1.2,-0.01,-0.7,380
10.4,243.664329996516,-10.4225870815444,244.715008536266,4.69095278961356,-1.2,-0.01,-0.7,380
10.41,243.537462514336,-10.4225870815444,244.809440370773,4.69095278961356,-1.2,-0.01,-0.7,380
10.42,243.418850342038,-10.4225870815444,244.900785127267,4.69095278961356,-1.2,-0.01,-0.7,380
10.43,243.311143982602,-10.4225870815444,244.985519239541,4.69095278961356,-1.2,-0.01,-0.7,380
10.44,243.217029531013,-10.4225870815444,245.061252902742,4.69095278961356,-1.2,-0.01,-0.7,380
10.443,243.19183660306,-9.59325989089939,245.081959498433,5.73554768635849,-1.2,-0.01,-0.7,380
10.45,243.139092064746,-9.59325989089939,245.12629905518,5.73554768635849,-1.2,-0.01,-0.7,380
10.46,243.079693688046,-9.59325989089939,245.179428911062,5.73554768635849,-1.2,-0.01,-0.7,380
10.47,243.040873314274,-9.59325989089939,245.219446211958,5.73554768635849,-1.2,-0.01,-0.7,380
10.48,243.024342143304,-9.59325989089939,245.245146325724,5.73554768635849,-1.2,-0.01,-0.7,380
10.49,243.031507177017,-9.59325989089939,245.255608223788,5.73554768635849,-1.2,-0.01,-0.7,380
10.5,243.063501456823,-9.59325989089939,245.250227049895,5.73554768635849,-1.2,-0.01,-0.7,380
10.502,243.072962208525,-2.99904901703801,245.247213576046,0.603460968652295,-1.2,-0.01,-0.7,380
10.51,243.12120103147,-2.99904901703801,245.228598992229,0.603460968652295,-1.2,-0.01,-0.7,380
10.52,243.204950483527,-2.99904901703801,245.190969501907,0.603460968652295,-1.2,-0.01,-0.7,380
10.53,243.314260404552,-2.99904901703801,245.139221283688,0.603460968652295,-1.2,-0.01,-0.7,380
10.54,243.448020938851,-2.99904901703801,245.076561135799,0.603460968652295,-1.2,-0.01,-0.7,380
10.55,243.60474308473,-2.99904901703801,245.005938532703,0.603460968652295,-1.2,-0.01,-0.7,380
10.56,243.782742701931,-2.99904901703801,244.929521817314,0.603460968652295,-1.2,-0.01,-0.7,380
10.561,243.801645751382,7.93000642063221,244.921619855733,-0.420529119500881,-1.2,-0.01,-0.7,380
10.566,243.89902562832,7.93000642063221,244.881577639538,-0.420529119500881,-1.2,-0.01,-0.7,380
10.57,243.980233307862,7.93000642063221,244.848904976634,-0.420529119500881,-1.2,-0.01,-0.7,380
10.58,244.194836761164,7.93000642063221,244.765333244513,-0.420529119500881,-1.2,-0.01,-0.7,380
10.59,244.423176781649,7.93000642063221,244.680066971571,-0.420529119500881,-1.2,-0.01,-0.7,380
10.6,244.661259705473,7.93000642063221,244.594367677834,-0.420529119500881,-1.2,-0.01,-0.7,380
10.61,244.904846183972,7.93000642063221,244.509216951619,-0.420529119500881,-1.2,-0.01,-0.7,380
10.62,245.149721448667,14.9396887956162,244.425275357726,-5.97508787356232,-1.2,-0.01,-0.7,380
10.63,245.391839535611,14.9396887956162,244.343570914324,-5.97508787356232,-1.2,-0.01,-0.7,380
10.64,245.627023972007,14.9396887956162,244.266644104581,-5.97508787356232,-1.2,-0.01,-0.7,380
10.65,245.850799837293,14.9396887956162,244.198144815968,-5.97508787356232,-1.2,-0.01,-0.7,380
10.66,246.058662525654,14.9396887956162,244.141144216936,-5.97508787356232,-1.2,-0.01,-0.7,380
10.67,246.246298649921,14.9396887956162,244.09771649161,-5.97508787356232,-1.2,-0.01,-0.7,380
10.679,246.394580019549,0.721926523872967,244.071425921869,-4.70942690269403,-1.2,-0.01,-0.7,380
10.68,246.409728705541,0.721926523872967,244.06928215265,-4.70942690269403,-1.2,-0.01,-0.7,380
10.685,246.481246553199,0.721926523872967,244.060947214579,-4.70942690269403,-1.2,-0.01,-0.7,380
10.69,246.545511887057,0.721926523872967,244.056602687358,-4.70942690269403,-1.2,-0.01,-0.7,380
10.7,246.651683892883,0.721926523872967,244.059684784073,-4.70942690269403,-1.2,-0.01,-0.7,380
10.71,246.728091138764,0.721926523872967,244.078007714862,-4.70942690269403,-1.2,-0.01,-0.7,380
10.72,246.775879816045,0.721926523872967,244.111043885783,-4.70942690269403,-1.2,-0.01,-0.7,380
10.73,246.797044328902,0.721926523872967,244.158418045026,-4.70942690269403,-1.2,-0.01,-0.7,380
10.738,246.796472379559,0.721926523872967,244.206445095839,1.25218429616465,-1.2,-0.01,-0.7,380
10.74,246.794077922545,0.721926523872967,244.219845561621,1.25218429616465,-1.2,-0.01,-0.7,380
10.75,246.769707919732,0.721926523872967,244.294501955848,1.25218429616465,-1.2,-0.01,-0.7,380
10.76,246.726700699825,0.721926523872967,244.379730721307,1.25218429616465,-1.2,-0.01,-0.7,380
10.77,246.667724253472,0.721926523872967,244.471439071315,1.25218429616465,-1.2,-0.01,-0.7,380
10.78,246.595256953431,0.721926523872967,244.566092204695,1.25218429616465,-1.2,-0.01,-0.7,380
10.79,246.511532867871,0.721926523872967,244.661264184287,1.25218429616465,-1.2,-0.01,-0.7,380
10.797,246.447290598437,0.721926523872967,244.727239686786,6.45366608051549,-1.2,-0.01,-0.7,380
10.8,246.418515038163,0.721926523872967,244.755230802083,6.45366608051549,-1.2,-0.01,-0.7,380
10.81,246.317889448414,0.721926523872967,244.846437149601,6.45366608051549,-1.2,-0.01,-0.7,380
10.82,246.211073544685,0.721926523872967,244.932131546499,6.45366608051549,-1.2,-0.01,-0.7,380
10.83,246.099234504198,0.721926523872967,245.008487494188,6.45366608051549,-1.2,-0.01,-0.7,380
10.84,245.983313322654,0.721926523872967,245.072346419191,6.45366608051549,-1.2,-0.01,-0.7,380
10.85,245.864051824621,0.721926523872967,245.121598532622,6.45366608051549,-1.2,-0.01,-0.7,380
10.856,245.791135181911,0.721926523872967,245.143499401764,3.83803796146262,-1.2,-0.01,-0.7,380
10.86,245.742020437157,0.721926523872967,245.154765909655,3.83803796146262,-1.2,-0.01,-0.7,380
10.87,245.617645207266,0.721926523872967,245.171089992091,3.83803796146262,-1.2,-0.01,-0.7,380
10.88,245.491233058525,0.721926523872967,245.170928101604,3.83803796146262,-1.2,-0.01,-0.7,380
10.89,245.362994669792,0.721926523872967,245.155530570491,3.83803796146262,-1.2,-0.01,-0.7,380
10.9,245.233064666455,0.721926523872967,245.126108111244,3.83803796146262,-1.2,-0.01,-0.7,380
10.91,245.101519032331,0.721926523872967,245.083551370325,3.83803796146262,-1.2,-0.01,-0.7,380
10.915,245.035151734304,0.721926523872967,245.057568900222,0.601898652143887,-1.2,-0.01,-0.7,380
10.92,244.968389807669,0.721926523872967,245.02854536783,0.601898652143887,-1.2,-0.01,-0.7,380
10.93,244.833677238197,0.721926523872967,244.961961251365,0.601898652143887,-1.2,-0.01,-0.7,380
10.94,244.69735961896,0.721926523872967,244.885588262739,0.601898652143887,-1.2,-0.01,-0.7,380
10.95,244.559401085437,0.721926523872967,244.801901311508,0.601898652143887,-1.2,-0.01,-0.7,380
10.96,244.41975764035,0.721926523872967,244.713022173426,0.601898652143887,-1.2,-0.01,-0.7,380
10.97,244.27838168419,0.721926523872967,244.620434344243,0.601898652143887,-1.2,-0.01,-0.7,380
10.974,244.221335419735,-9.45086429762673,244.582605906763,-4.85110756933232,-1.2,-0.01,-0.7,380
10.98,244.135233554003,-9.45086429762673,244.525194729898,-4.85110756933232,-1.2,-0.01,-0.7,380
10.99,243.990629794103,-9.45086429762673,244.428604203234,-4.85110756933232,-1.2,-0.01,-0.7,380
11,243.845898558123,-9.45086429762673,244.333390285693,-4.85110756933232,-1.2,-0.01,-0.7,380
11.01,243.703194633776,-9.45086429762673,244.243313580447,-4.85110756933232,-1.2,-0.01,-0.7,380
11.02,243.565145465664,-9.45086429762673,244.161534126938,-4.85110756933232,-1.2,-0.01,-0.7,380
11.03,243.434583481506,-9.45086429762673,244.090197847092,-4.85110756933232,-1.2,-0.01,-0.7,380
11.033,243.397302210362,-10.9784354317432,244.071060227988,-6.58226135615414,-1.2,-0.01,-0.7,380
11.04,243.314353913274,-10.9784354317432,244.030779388789,-6.58226135615414,-1.2,-0.01,-0.7,380
11.05,243.207242119646,-10.9784354317432,243.984456824503,-6.58226135615414,-1.2,-0.01,-0.7,380
11.06,243.115975464839,-10.9784354317432,243.952649711249,-6.58226135615414,-1.2,-0.01,-0.7,380
11.07,243.043136413798,-10.9784354317432,243.936944082882,-6.58226135615414,-1.2,-0.01,-0.7,380
11.08,242.991088281179,-10.9784354317432,243.938579626976,-6.58226135615414,-1.2,-0.01,-0.7,380
11.09,242.961934443717,-10.9784354317432,243.958357091045,-6.58226135615414,-1.2,-0.01,-0.7,380
11.092,242.959016696898,-6.92865606102126,243.964536840986,-1.90528827058908,-1.2,-0.01,-0.7,380
11.1,242.957492384437,-6.92865606102126,243.996802312492,-1.90528827058908,-1.2,-0.01,-0.7,380
11.11,242.979106275106,-6.92865606102126,244.053669505103,-1.90528827058908,-1.2,-0.01,-0.7,380
11.12,243.027455814371,-6.92865606102126,244.127016502623,-1.90528827058908,-1.2,-0.01,-0.7,380
11.13,243.102691289648,-6.92865606102126,244.213657976789,-1.90528827058908,-1.2,-0.01,-0.7,380
11.14,243.204590950981,-6.92865606102126,244.310806911577,-1.90528827058908,-1.2,-0.01,-0.7,380
11.15,243.332686248886,-6.92865606102126,244.41653479665,-1.90528827058908,-1.2,-0.01,-0.7,380
11.151,243.346913613793,3.33778048709851,244.427528310942,5.40664650010659,-1.2,-0.01,-0.7,380
11.156,243.421860195397,3.33778048709851,244.483492527305,5.40664650010659,-1.2,-0.01,-0.7,380
11.16,243.486318745936,3.33778048709851,244.529459874273,5.40664650010659,-1.2,-0.01,-0.7,380
11.17,243.664166759812,3.33778048709851,244.648106610707,5.40664650010659,-1.2,-0.01,-0.7,380
11.18,243.863859297913,3.33778048709851,244.769206814048,5.40664650010659,-1.2,-0.01,-0.7,380
11.19,244.082331043868,3.33778048709851,244.887859561391,5.40664650010659,-1.2,-0.01,-0.7,380
11.2,244.316173147071,3.33778048709851,244.999832141567,5.40664650010659,-1.2,-0.01,-0.7,380
11.21,244.561893113059,14.6076247628702,245.102206085923,7.39219262242244,-1.2,-0.01,-0.7,380
11.22,244.816031299291,14.6076247628702,245.192770432097,7.39219262242244,-1.2,-0.01,-0.7,380
11.23,245.074610581465,14.6076247628702,245.269364747518,7.39219262242244,-1.2,-0.01,-0.7,380
11.24,245.332829696097,14.6076247628702,245.329750502686,7.39219262242244,-1.2,-0.01,-0.7,380
11.25,245.585485829654,14.6076247628702,245.372210130406,7.39219262242244,-1.2,-0.01,-0.7,380
11.26,245.827342538346,14.6076247628702,245.395597427502,7.39219262242244,-1.2,-0.01,-0.7,380
11.269,246.031628938612,5.91596185553473,245.399680473772,0.600155633603027,-1.2,-0.01,-0.7,380
11.27,246.053386376945,5.91596185553473,245.399125686628,0.600155633603027,-1.2,-0.01,-0.7,380
11.275,246.159022140016,5.91596185553473,245.393425166304,0.600155633603027,-1.2,-0.01,-0.7,380
11.28,246.25906893679,5.91596185553473,245.382879935732,0.600155633603027,-1.2,-0.01,-0.7,380
11.29,246.440957019626,5.91596185553473,245.349045361588,0.600155633603027,-1.2,-0.01,-0.7,380
11.3,246.596975679069,5.91596185553473,245.30155979607,0.600155633603027,-1.2,-0.01,-0.7,380
11.31,246.726104824262,5.91596185553473,245.244163490255,0.600155633603027,-1.2,-0.01,-0.7,380
11.32,246.828096760675,5.91596185553473,245.179682732585,0.600155633603027,-1.2,-0.01,-0.7,380
11.328,246.890337117513,0.718083535894736,245.124436449771,0.600155633603027,-1.2,-0.01,-0.7,380
11.33,246.903247697656,0.718083535894736,245.110211930152,0.600155633603027,-1.2,-0.01,-0.7,380
11.34,246.952279433801,0.718083535894736,245.037219772054,0.600155633603027,-1.2,-0.01,-0.7,380
11.35,246.976547928233,0.718083535894736,244.961729509326,0.600155633603027,-1.2,-0.01,-0.7,380
11.36,246.97801109868,0.718083535894736,244.884440870944,0.600155633603027,-1.2,-0.01,-0.7,380
11.37,246.958965846373,0.718083535894736,244.805830324388,0.600155633603027,-1.2,-0.01,-0.7,380
11.38,246.921840194623,0.718083535894736,244.726218346289,0.600155633603027,-1.2,-0.01,-0.7,380
11.387,246.886388387204,0.718083535894736,244.670012093597,-3.71094060801491,-1.2,-0.01,-0.7,380
11.39,246.869042873361,0.718083535894736,244.645818158245,-3.71094060801491,-1.2,-0.01,-0.7,380
11.4,246.802859720071,0.718083535894736,244.565230386655,-3.71094060801491,-1.2,-0.01,-0.7,380
11.41,246.725387262246,0.718083535894736,244.486346634504,-3.71094060801491,-1.2,-0.01,-0.7,380
11.42,246.638495433631,0.718083535894736,244.412006690363,-3.71094060801491,-1.2,-0.01,-0.7,380
11.43,246.54381209821,0.718083535894736,244.344605801418,-3.71094060801491,-1.2,-0.01,-0.7,380
11.44,246.442723463521,0.718083535894736,244.285748410622,-3.71094060801491,-1.2,-0.01,-0.7,380
11.446,246.379485665921,0.718083535894736,244.255012521332,-5.21774777240369,-1.2,-0.01,-0.7,380
11.45,246.336385455736,0.718083535894736,244.236536899272,-5.21774777240369,-1.2,-0.01,-0.7,380
11.46,246.225742149549,0.718083535894736,244.197871673962,-5.21774777240369,-1.2,-0.01,-0.7,380
11.47,246.111548191912,0.718083535894736,244.170906973665,-5.21774777240369,-1.2,-0.01,-0.7,380
11.48,245.994392977194,0.718083535894736,244.156975333102,-5.21774777240369,-1.2,-0.01,-0.7,380
11.49,245.874724892582,0.718083535894736,244.157126537673,-5.21774777240369,-1.2,-0.01,-0.7,380
11.5,245.752874506788,0.718083535894736,244.172038839078,-5.21774777240369,-1.2,-0.01,-0.7,380
11.505,245.691207347224,0.718083535894736,244.185176772884,-1.20682620175634,-1.2,-0.01,-0.7,380
11.51,245.629075964264,0.718083535894736,244.202158627433,-1.20682620175634,-1.2,-0.01,-0.7,380
11.52,245.503486156963,0.718083535894736,244.247269882491,-1.20682620175634,-1.2,-0.01,-0.7,380
11.53,245.376201493073,0.718083535894736,244.305684735535,-1.20682620175634,-1.2,-0.01,-0.7,380
11.54,245.247272229812,0.718083535894736,244.37463832819,-1.20682620175634,-1.2,-0.01,-0.7,380
11.55,245.116714476808,0.718083535894736,244.451719467822,-1.20682620175634,-1.2,-0.01,-0.7,380
11.56,244.984520040486,0.718083535894736,244.53526077176,-1.20682620175634,-1.2,-0.01,-0.7,380
11.564,244.931178886016,-0.181023492220553,244.570208669943,4.65146610620042,-1.2,-0.01,-0.7,380
11.57,244.850665058206,-0.181023492220553,244.624066103229,4.65146610620042,-1.2,-0.01,-0.7,380
11.58,244.715146780433,-0.181023492220553,244.716822172958,4.65146610620042,-1.2,-0.01,-0.7,380
11.59,244.578046113186,-0.181023492220553,244.81068454461,4.65146610620042,-1.2,-0.01,-0.7,380
11.6,244.439514724158,-0.181023492220553,244.901505658915,4.65146610620042,-1.2,-0.01,-0.7,380
11.61,244.299746292759,-0.181023492220553,244.985780655801,4.65146610620042,-1.2,-0.01,-0.7,380
11.62,244.158954643504,-0.181023492220553,245.061132838285,4.65146610620042,-1.2,-0.01,-0.7,380
11.623,244.116550311717,-10.0071814743282,245.081741547805,5.69800624570743,-1.2,-0.01,-0.7,380
11.63,244.017372383947,-10.0071814743282,245.125884450305,5.69800624570743,-1.2,-0.01,-0.7,380
11.64,243.875639582059,-10.0071814743282,245.178812777561,5.69800624570743,-1.2,-0.01,-0.7,380
11.65,243.735373115405,-10.0071814743282,245.218724958493,5.69800624570743,-1.2,-0.01,-0.7,380
11.66,243.598927346964,-10.0071814743282,245.244417888956,5.69800624570743,-1.2,-0.01,-0.7,380
11.67,243.469057390661,-10.0071814743282,245.254971290246,5.69800624570743,-1.2,-0.01,-0.7,380
11.68,243.348667509138,-10.0071814743282,245.249780783046,5.69800624570743,-1.2,-0.01,-0.7,380
11.682,243.325982050606,-10.6709232800505,245.246817366159,0.598787075537103,-1.2,-0.01,-0.7,380
11.69,243.240632110423,-10.6709232800505,245.228442826131,0.598787075537103,-1.2,-0.01,-0.7,380
11.7,243.147704037624,-10.6709232800505,245.191200306462,0.598787075537103,-1.2,-0.01,-0.7,380
11.71,243.072470854724,-10.6709232800505,245.139924744623,0.598787075537103,-1.2,-0.01,-0.7,380
11.72,243.017293485194,-10.6709232800505,245.077804234339,0.598787075537103,-1.2,-0.01,-0.7,380
11.73,242.984267889964,-10.6709232800505,245.007770021712,0.598787075537103,-1.2,-0.01,-0.7,380
11.74,242.975211123149,-10.6709232800505,244.931976296803,0.598787075537103,-1.2,-0.01,-0.7,380
11.741,242.975685401673,-5.86870542896516,244.924138158324,-0.392302883170751,-1.2,-0.01,-0.7,380
11.746,242.981932584377,-5.86870542896516,244.884418051393,-0.392302883170751,-1.2,-0.01,-0.7,380
11.75,242.991645724205,-5.86870542896516,244.852006668402,-0.392302883170751,-1.2,-0.01,-0.7,380
11.76,243.034559547432,-5.86870542896516,244.769094939235,-0.392302883170751,-1.2,-0.01,-0.7,380
11.77,243.10422450914,-5.86870542896516,244.684481222238,-0.392302883170751,-1.2,-0.01,-0.7,380
11.78,243.200372521852,-5.86870542896516,244.599400757776,-0.392302883170751,-1.2,-0.01,-0.7,380
11.79,243.322374790623,-5.86870542896516,244.514813608489,-0.392302883170751,-1.2,-0.01,-0.7,380
11.8,243.469381742271,4.73601198113663,244.431366056253,-5.93006708408324,-1.2,-0.01,-0.7,380
11.81,243.640365982203,4.73601198113663,244.350074857543,-5.93006708408324,-1.2,-0.01,-0.7,380
11.82,243.83357280746,4.73601198113663,244.273468560192,-5.93006708408324,-1.2,-0.01,-0.7,380
11.83,244.046217118654,4.73601198113663,244.205185159933,-5.93006708408324,-1.2,-0.01,-0.7,380
11.84,244.274873144301,4.73601198113663,244.148287468719,-5.93006708408324,-1.2,-0.01,-0.7,380
11.85,244.515825595217,4.73601198113663,244.104844749522,-5.93006708408324,-1.2,-0.01,-0.7,380
11.859,244.74009701237,15.4788358955663,244.078437520595,-4.6947558634554,-1.2,-0.01,-0.7,380
11.86,244.765327617203,15.4788358955663,244.076274703837,-4.6947558634554,-1.2,-0.01,-0.7,380
11.865,244.892142410168,15.4788358955663,244.067827147094,-4.6947558634554,-1.2,-0.01,-0.7,380
11.87,245.019687156218,15.4788358955663,244.063341324665,-4.6947558634554,-1.2,-0.01,-0.7,380
11.88,245.274690432127,15.4788358955663,244.066065072103,-4.6947558634554,-1.2,-0.01,-0.7,380
11.89,245.525413865607,15.4788358955663,244.083946800627,-4.6947558634554,-1.2,-0.01,-0.7,380
11.9,245.766639722647,15.4788358955663,244.11647747234,-4.6947558634554,-1.2,-0.01,-0.7,380
11.91,245.99319295694,15.4788358955663,244.163294497934,-4.6947558634554,-1.2,-0.01,-0.7,380
11.918,246.160564094181,3.79787804087736,244.210844829152,1.22181106545776,-1.2,-0.01,-0.7,380
11.92,246.20017205394,3.79787804087736,244.224122200614,1.22181106545776,-1.2,-0.01,-0.7,380
11.93,246.38323670398,3.79787804087736,244.298144695238,1.22181106545776,-1.2,-0.01,-0.7,380
11.94,246.539469916871,3.79787804087736,244.382722974964,1.22181106545776,-1.2,-0.01,-0.7,380
11.95,246.667565915384,3.79787804087736,244.4737909236,1.22181106545776,-1.2,-0.01,-0.7,380
11.96,246.767408527243,3.79787804087736,244.56783768785,1.22181106545776,-1.2,-0.01,-0.7,380
11.97,246.839707292071,3.79787804087736,244.662454175465,1.22181106545776,-1.2,-0.01,-0.7,380
11.977,246.874581643808,0.714283272383481,244.728077706341,6.40775200200254,-1.2,-0.01,-0.7,380
11.98,246.885710687206,0.714283272383481,244.75592812247,6.40775200200254,-1.2,-0.01,-0.7,380
11.99,246.907034934602,0.714283272383481,244.846712290423,6.40775200200254,-1.2,-0.01,-0.7,380
12,246.905709777508,0.714283272383481,244.932063323804,6.40775200200254,-1.2,-0.01,-0.7,380
12.01,246.884071885369,0.714283272383481,245.008165621676,6.40775200200254,-1.2,-0.01,-0.7,380
12.02,246.844568468655,0.714283272383481,245.071869672716,6.40775200200254,-1.2,-0.01,-0.7,380
12.03,246.789612287822,0.714283272383481,245.121071958769,6.40775200200254,-1.2,-0.01,-0.7,380
12.036,246.750177014809,0.714283272383481,245.142995267344,3.82343376988699,-1.2,-0.01,-0.7,380
12.04,246.721482453005,0.714283272383481,245.154298992321,3.82343376988699,-1.2,-0.01,-0.7,380
12.05,246.642261707105,0.714283272383481,245.170792674277,3.82343376988699,-1.2,-0.01,-0.7,380
12.06,246.55380185298,0.714283272383481,245.170900813694,3.82343376988699,-1.2,-0.01,-0.7,380
12.07,246.457710490663,0.714283272383481,245.155855873206,3.82343376988699,-1.2,-0.01,-0.7,380
12.08,246.355353011499,0.714283272383481,245.126852146337,3.82343376988699,-1.2,-0.01,-0.7,380
12.09,246.247865100804,0.714283272383481,245.084768330473,3.82343376988699,-1.2,-0.01,-0.7,380
12.095,246.192493956328,0.714283272383481,245.0590397894,0.597237065456796,-1.2,-0.01,-0.7,380
12.1,246.136171911386,0.714283272383481,245.030280638437,0.597237065456796,-1.2,-0.01,-0.7,380
12.11,246.02101095871,0.714283272383481,244.964252773776,0.597237065456796,-1.2,-0.01,-0.7,380
12.12,245.902956514765,0.714283272383481,244.888465198694,0.597237065456796,-1.2,-0.01,-0.7,380
12.13,245.782443928574,0.714283272383481,244.80538342888,0.597237065456796,-1.2,-0.01,-0.7,380
12.14,245.659792764734,0.714283272383481,244.717121986938,0.597237065456796,-1.2,-0.01,-0.7,380
12.15,245.535228070043,0.714283272383481,244.625159764735,0.597237065456796,-1.2,-0.01,-0.7,380
12.154,245.484902042089,0.714283272383481,244.587583097338,-4.79074511372357,-1.2,-0.01,-0.7,380
12.16,245.408899373519,0.714283272383481,244.530550744748,-4.79074511372357,-1.2,-0.01,-0.7,380
12.17,245.280897248668,0.714283272383481,244.434588754856,-4.79074511372357,-1.2,-0.01,-0.7,380
12.18,245.151267444597,0.714283272383481,244.339978712358,-4.79074511372357,-1.2,-0.01,-0.7,380
12.19,245.020022682008,0.714283272383481,244.250446827941,-4.79074511372357,-1.2,-0.01,-0.7,380
12.2,244.887152306126,0.714283272383481,244.169122513656,-4.79074511372357,-1.2,-0.01,-0.7,380
12.21,244.752630016503,0.714283272383481,244.098129615391,-4.79074511372357,-1.2,-0.01,-0.7,380
12.213,244.711946005132,-3.04897129107801,244.079070871211,-6.54131711826405,-1.2,-0.01,-0.7,380
12.22,244.616425528004,-3.04897129107801,244.038927429078,-6.54131711826405,-1.2,-0.01,-0.7,380
12.23,244.478662335681,-3.04897129107801,243.992685869319,-6.54131711826405,-1.2,-0.01,-0.7,380
12.24,244.3398420423,-3.04897129107801,243.960825996001,-6.54131711826405,-1.2,-0.01,-0.7,380
12.25,244.200756982633,-3.04897129107801,243.944942179628,-6.54131711826405,-1.2,-0.01,-0.7,380
12.26,244.062364061791,-3.04897129107801,243.946281864171,-6.54131711826405,-1.2,-0.01,-0.7,380
12.27,243.925690003015,-3.04897129107801,243.96565092582,-6.54131711826405,-1.2,-0.01,-0.7,380
12.272,243.89865248682,-10.2567488278026,243.971735811296,-1.91093344769987,-1.2,-0.01,-0.7,380
12.28,243.791780935518,-10.2567488278026,244.003578814312,-1.91093344769987,-1.2,-0.01,-0.7,380
12.29,243.661996884904,-10.2567488278026,244.059827131683,-1.91093344769987,-1.2,-0.01,-0.7,380
12.3,243.538352294326,-10.2567488278026,244.132474307617,-1.91093344769987,-1.2,-0.01,-0.7,380
12.31,243.423293554366,-10.2567488278026,244.218365986471,-1.91093344769987,-1.2,-0.01,-0.7,380
12.32,243.319451858862,-10.2567488278026,244.314742314974,-1.91093344769987,-1.2,-0.01,-0.7,380
12.33,243.22946405138,-10.2567488278026,244.419693547985,-1.91093344769987,-1.2,-0.01,-0.7,380
12.331,243.221325720936,-9.457025882584,244.430609665476,5.35684138053516,-1.2,-0.01,-0.7,380
12.336,243.183176280797,-9.457025882584,244.486189073488,5.35684138053516,-1.2,-0.01,-0.7,380
12.34,243.155845708823,-9.457025882584,244.531851184571,5.35684138053516,-1.2,-0.01,-0.7,380
12.35,243.100868746763,-9.457025882584,244.649747698297,5.35684138053516,-1.2,-0.01,-0.7,380
12.36,243.066481836434,-9.457025882584,244.77012717974,5.35684138053516,-1.2,-0.01,-0.7,380
12.37,243.054315901515,-9.457025882584,244.888110321166,5.35684138053516,-1.2,-0.01,-0.7,380
12.38,243.065708248577,-9.457025882584,244.999486045864,5.35684138053516,-1.2,-0.01,-0.7,380
12.39,243.101732699164,-2.98440691164666,245.101352644052,7.3509863203336,-1.2,-0.01,-0.7,380
12.4,243.163193627276,-2.98440691164666,245.191510485995,7.3509863203336,-1.2,-0.01,-0.7,380
12.41,243.250277097018,-2.98440691164666,245.267804166861,7.3509863203336,-1.2,-0.01,-0.7,380
12.42,243.362366223862,-2.98440691164666,245.327995465192,7.3509863203336,-1.2,-0.01,-0.7,380
12.43,243.49828606666,-2.98440691164666,245.370366109642,7.3509863203336,-1.2,-0.01,-0.7,380
12.44,243.65652866898,-2.98440691164666,245.393769542426,7.3509863203336,-1.2,-0.01,-0.7,380
12.449,243.816653731887,7.77339255578073,245.397956737711,0.595507775129535,-1.2,-0.01,-0.7,380
12.45,243.835423787279,7.77339255578073,245.397418759372,0.595507775129535,-1.2,-0.01,-0.7,380
12.455,243.932072783926,7.77339255578073,245.391817329993,0.595507775129535,-1.2,-0.01,-0.7,380
12.46,244.033170275684,7.77339255578073,245.381396047506,0.595507775129535,-1.2,-0.01,-0.7,380
12.47,244.247231875057,7.77339255578073,245.347875648765,0.595507775129535,-1.2,-0.01,-0.7,380
12.48,244.474134900969,7.77339255578073,245.300776807199,0.595507775129535,-1.2,-0.01,-0.7,380
12.49,244.709879232734,7.77339255578073,245.243820550137,0.595507775129535,-1.2,-0.01,-0.7,380
12.5,244.950282753756,7.77339255578073,245.179817430644,0.595507775129535,-1.2,-0.01,-0.7,380
12.508,245.143187429181,14.7502974417551,245.12497233329,0.595507775129535,-1.2,-0.01,-0.7,380
12.51,245.191229526184,14.7502974417551,245.110850223177,0.595507775129535,-1.2,-0.01,-0.7,380
12.52,245.428752954849,14.7502974417551,245.038379533408,0.595507775129535,-1.2,-0.01,-0.7,380
12.53,245.658667125345,14.7502974417551,244.963423189124,0.595507775129535,-1.2,-0.01,-0.7,380
12.54,245.876526484373,14.7502974417551,244.886677337424,0.595507775129535,-1.2,-0.01,-0.7,380
12.55,246.077901515578,14.7502974417551,244.808616111158,0.595507775129535,-1.2,-0.01,-0.7,380
12.56,246.258581704862,14.7502974417551,244.729558485175,0.595507775129535,-1.2,-0.01,-0.7,380
12.567,246.370659589969,0.710595955663405,244.673742748681,-3.66684967091476,-1.2,-0.01,-0.7,380
12.57,246.414705180261,0.710595955663405,244.649716736342,-3.66684967091476,-1.2,-0.01,-0.7,380
12.58,246.543060642601,0.710595955663405,244.569686373638,-3.66684967091476,-1.2,-0.01,-0.7,380
12.59,246.642079473371,0.710595955663405,244.491340617902,-3.66684967091476,-1.2,-0.01,-0.7,380
12.6,246.711898460731,0.710595955663405,244.417491228991,-3.66684967091476,-1.2,-0.01,-0.7,380
12.61,246.753840857305,0.710595955663405,244.350509553728,-3.66684967091476,-1.2,-0.01,-0.7,380
12.62,246.769992137277,0.710595955663405,244.291983808595,-3.66684967091476,-1.2,-0.01,-0.7,380
12.626,246.768341489423,0.710595955663405,244.261400084039,-5.1832057217255,-1.2,-0.01,-0.7,380
12.63,246.76287282535,0.710595955663405,244.243005312352,-5.1832057217255,-1.2,-0.01,-0.7,380
12.64,246.735191849044,0.710595955663405,244.204468272108,-5.1832057217255,-1.2,-0.01,-0.7,380
12.65,246.689666140816,0.710595955663405,244.177526293423,-5.1832057217255,-1.2,-0.01,-0.7,380
12.66,246.62889486269,0.710595955663405,244.163515273752,-5.1832057217255,-1.2,-0.01,-0.7,380
12.67,246.555277214653,0.710595955663405,244.163488450593,-5.1832057217255,-1.2,-0.01,-0.7,380
12.68,246.470964537297,0.710595955663405,244.178126458552,-5.1832057217255,-1.2,-0.01,-0.7,380
12.685,246.425396289202,0.710595955663405,244.191091720878,-1.20997744610156,-1.2,-0.01,-0.7,380
12.69,246.377838478653,0.710595955663405,244.207877456879,-1.20997744610156,-1.2,-0.01,-0.7,380
12.7,246.277508292923,0.710595955663405,244.252530960179,-1.20997744610156,-1.2,-0.01,-0.7,380
12.71,246.171321446116,0.710595955663405,244.31041626417,-1.20997744610156,-1.2,-0.01,-0.7,380
12.72,246.060383012632,0.710595955663405,244.37879454551,-1.20997744610156,-1.2,-0.01,-0.7,380
12.73,245.945580174732,0.710595955663405,244.455277326329,-1.20997744610156,-1.2,-0.01,-0.7,380
12.74,245.827609133421,0.710595955663405,244.538212928094,-1.20997744610156,-1.2,-0.01,-0.7,380
12.744,245.779657797143,0.710595955663405,244.572919072601,4.61206016108089,-1.2,-0.01,-0.7,380
12.75,245.707002435336,0.710595955663405,244.62641634499,4.61206016108089,-1.2,-0.01,-0.7,380
12.76,245.584155325251,0.710595955663405,244.718582371044,4.61206016108089,-1.2,-0.01,-0.7,380
12.77,245.459350219254,0.710595955663405,244.811880091044,4.61206016108089,-1.2,-0.01,-0.7,380
12.78,245.332778753726,0.710595955663405,244.902182912862,4.61206016108089,-1.2,-0.01,-0.7,380
12.79,245.204561153977,0.710595955663405,244.986004566056,4.61206016108089,-1.2,-0.01,-0.7,380
12.8,245.074762865988,0.710595955663405,245.060981350089,4.61206016108089,-1.2,-0.01,-0.7,380
12.803,245.035519687746,0.710595955663405,245.081494045735,5.66121212626632,-1.2,-0.01,-0.7,380
12.81,244.943408539269,0.710595955663405,245.125444727929,5.66121212626632,-1.2,-0.01,-0.7,380
12.82,244.810493538862,0.710595955663405,245.178177935249,5.66121212626632,-1.2,-0.01,-0.7,380
12.83,244.675993234081,0.710595955663405,245.217991191106,5.66121212626632,-1.2,-0.01,-0.7,380
12.84,244.539870317835,0.710595955663405,245.24368244248,5.66121212626632,-1.2,-0.01,-0.7,380
12.85,244.40208043974,0.710595955663405,245.254331761798,5.66121212626632,-1.2,-0.01,-0.7,380
12.86,244.262576415202,0.710595955663405,245.249334975952,5.66121212626632,-1.2,-0.01,-0.7,380
12.862,244.234465748357,-9.29065491156195,245.246422046593,0.594150275768993,-1.2,-0.01,-0.7,380
12.87,244.12133651326,-9.29065491156195,245.228288618755,0.594150275768993,-1.2,-0.01,-0.7,380
12.88,243.978841099365,-9.29065491156195,245.191432918034,0.594150275768993,-1.2,-0.01,-0.7,380
12.89,243.836589727665,-9.29065491156195,245.140628309524,0.594150275768993,-1.2,-0.01,-0.7,380
12.9,243.696818664708,-9.29065491156195,245.079044465804,0.594150275768993,-1.2,-0.01,-0.7,380
12.91,243.562169829234,-9.29065491156195,245.009594724743,0.594150275768993,-1.2,-0.01,-0.7,380
12.92,243.435443186363,-9.29065491156195,244.934419395599,0.594150275768993,-1.2,-0.01,-0.7,380
12.921,243.423314172879,-10.8057109535324,244.926644591048,-0.364194626266241,-1.2,-0.01,-0.7,380
12.926,243.364371614962,-10.8057109535324,244.887244090275,-0.364194626266241,-1.2,-0.01,-0.7,380
12.93,243.319424438561,-10.8057109535324,244.855091916031,-0.364194626266241,-1.2,-0.01,-0.7,380
12.94,243.216844407428,-10.8057109535324,244.772834824458,-0.364194626266241,-1.2,-0.01,-0.7,380
12.95,243.130366160974,-10.8057109535324,244.688868159769,-0.364194626266241,-1.2,-0.01,-0.7,380
12.96,243.062493728187,-10.8057109535324,244.604401033472,-0.364194626266241,-1.2,-0.01,-0.7,380
12.97,243.015505901985,-10.8057109535324,244.520372088911,-0.364194626266241,-1.2,-0.01,-0.7,380
12.98,242.99142131357,-6.82523294596717,244.437413387626,-5.88543494547753,-1.2,-0.01,-0.7,380
12.99,242.991962721804,-6.82523294596717,244.356530471181,-5.88543494547753,-1.2,-0.01,-0.7,380
13,243.018326728662,-6.82523294596717,244.280240033735,-5.88543494547753,-1.2,-0.01,-0.7,380
13.01,243.071067021447,-6.82523294596717,244.21216829565,-5.88543494547753,-1.2,-0.01,-0.7,380
13.02,243.150249964968,-6.82523294596717,244.155369821349,-5.88543494547753,-1.2,-0.01,-0.7,380
13.03,243.255602681787,-6.82523294596717,244.111909041145,-5.88543494547753,-1.2,-0.01,-0.7,380
13.039,243.372389432961,3.27485704248215,244.08538298115,-4.68039729388143,-1.2,-0.01,-0.7,380
13.04,243.386630431569,3.27485704248215,244.083200911425,-4.68039729388143,-1.2,-0.01,-0.7,380
13.045,243.461571983375,3.27485704248215,244.074639817966,-4.68039729388143,-1.2,-0.01,-0.7,380
13.05,243.542619665283,3.27485704248215,244.070011964563,-4.68039729388143,-1.2,-0.01,-0.7,380
13.06,243.722060163558,3.27485704248215,244.072376424298,-4.68039729388143,-1.2,-0.01,-0.7,380
13.07,243.922451312328,3.27485704248215,244.089816691048,-4.68039729388143,-1.2,-0.01,-0.7,380
13.08,244.140686172393,3.27485704248215,244.121842243952,-4.68039729388143,-1.2,-0.01,-0.7,380
13.09,244.373377511915,3.27485704248215,244.16810312696,-4.68039729388143,-1.2,-0.01,-0.7,380
13.098,244.56763255886,14.3690784110519,244.215177956192,1.19138937521683,-1.2,-0.01,-0.7,380
13.1,244.617097498133,14.3690784110519,244.228332595763,1.19138937521683,-1.2,-0.01,-0.7,380
13.11,244.868409491964,14.3690784110519,244.301723376743,1.19138937521683,-1.2,-0.01,-0.7,380
13.12,245.123222861583,14.3690784110519,244.385654000971,1.19138937521683,-1.2,-0.01,-0.7,380
13.13,245.376699334621,14.3690784110519,244.476085014294,1.19138937521683,-1.2,-0.01,-0.7,380
13.14,245.62368716009,14.3690784110519,244.569529452545,1.19138937521683,-1.2,-0.01,-0.7,380
13.15,245.859059516896,14.3690784110519,244.663595001371,1.19138937521683,-1.2,-0.01,-0.7,380
13.157,246.014286515261,5.83659679733122,244.728870022343,6.36206806004498,-1.2,-0.01,-0.7,380
13.16,246.077948084688,5.83659679733122,244.75658128795,6.36206806004498,-1.2,-0.01,-0.7,380
13.17,246.276032154379,5.83659679733122,244.846948702787,6.36206806004498,-1.2,-0.01,-0.7,380
13.18,246.450209584214,5.83659679733122,244.931962123498,6.36206806004498,-1.2,-0.01,-0.7,380
13.19,246.598665695272,5.83659679733122,245.007816683071,6.36206806004498,-1.2,-0.01,-0.7,380
13.2,246.720562957217,5.83659679733122,245.071371771143,6.36206806004498,-1.2,-0.01,-0.7,380
13.21,246.81577476458,5.83659679733122,245.120530014343,6.36206806004498,-1.2,-0.01,-0.7,380
13.216,246.860231289421,0.706813597367115,245.142479132119,3.80940877932446,-1.2,-0.01,-0.7,380
13.22,246.884671461226,0.706813597367115,245.153822268821,3.80940877932446,-1.2,-0.01,-0.7,380
13.23,246.928060732742,0.706813597367115,245.170490791105,3.80940877932446,-1.2,-0.01,-0.7,380
13.24,246.947410601129,0.706813597367115,245.170873677035,3.80940877932446,-1.2,-0.01,-0.7,380
13.25,246.944732532593,0.706813597367115,245.156185237741,3.80940877932446,-1.2,-0.01,-0.7,380
13.26,246.922326928744,0.706813597367115,245.127603104294,3.80940877932446,-1.2,-0.01,-0.7,380
13.27,246.882590328886,0.706813597367115,245.085993851175,3.80940877932446,-1.2,-0.01,-0.7,380
13.275,246.856963114464,0.706813597367115,245.060519557724,0.592612434242624,-1.2,-0.01,-0.7,380
13.28,246.827877062346,0.706813597367115,245.032024755869,0.592612434242624,-1.2,-0.01,-0.7,380
13.29,246.76040511527,0.706813597367115,244.966552039642,0.592612434242624,-1.2,-0.01,-0.7,380
13.3,246.68219692755,0.706813597367115,244.891347530933,0.592612434242624,-1.2,-0.01,-0.7,380
13.31,246.595047418452,0.706813597367115,244.808867642095,0.592612434242624,-1.2,-0.01,-0.7,380
13.32,246.500512236559,0.706813597367115,244.721219911432,0.592612434242624,-1.2,-0.01,-0.7,380
13.33,246.399910623377,0.706813597367115,244.629878820127,0.592612434242624,-1.2,-0.01,-0.7,380
13.334,246.358223906811,0.706813597367115,244.592552027096,-4.73045362532439,-1.2,-0.01,-0.7,380
13.34,246.294338238917,0.706813597367115,244.535895566521,-4.73045362532439,-1.2,-0.01,-0.7,380
13.35,246.184686281957,0.706813597367115,244.440556990947,-4.73045362532439,-1.2,-0.01,-0.7,380
13.36,246.071664050253,0.706813597367115,244.34654536433,-4.73045362532439,-1.2,-0.01,-0.7,380
13.37,245.955822860986,0.706813597367115,244.257552423171,-4.73045362532439,-1.2,-0.01,-0.7,380
13.38,245.837579786562,0.706813597367115,244.176676954469,-4.73045362532439,-1.2,-0.01,-0.7,380
13.39,245.717240180943,0.706813597367115,244.106020804915,-4.73045362532439,-1.2,-0.01,-0.7,380
13.393,245.680763565318,0.706813597367115,244.087038890097,-6.50079478176612,-1.2,-0.01,-0.7,380
13.4,245.595018337005,0.706813597367115,244.04702799237,-6.50079478176612,-1.2,-0.01,-0.7,380
13.41,245.47105590445,0.706813597367115,244.000860374195,-6.50079478176612,-1.2,-0.01,-0.7,380
13.42,245.345437926872,0.706813597367115,243.968940703596,-6.50079478176612,-1.2,-0.01,-0.7,380
13.43,245.21820649268,0.706813597367115,243.952871943525,-6.50079478176612,-1.2,-0.01,-0.7,380
13.44,245.089372121588,0.706813597367115,243.953909505121,-6.50079478176612,-1.2,-0.01,-0.7,380
13.45,244.958923065401,0.706813597367115,243.972864535126,-6.50079478176612,-1.2,-0.01,-0.7,380
13.452,244.932637343631,-0.1732395472001,243.978853515075,-1.91709768590073,-1.2,-0.01,-0.7,380
13.46,244.826834967079,-0.1732395472001,244.010270193839,-1.91709768590073,-1.2,-0.01,-0.7,380
13.47,244.693118427234,-0.1732395472001,244.065895569219,-1.91709768590073,-1.2,-0.01,-0.7,380
13.48,244.557868808449,-0.1732395472001,244.137839854686,-1.91709768590073,-1.2,-0.01,-0.7,380
13.49,244.421244586692,-0.1732395472001,244.22297987213,-1.91709768590073,-1.2,-0.01,-0.7,380
13.5,244.283440559978,-0.1732395472001,244.31858308534,-1.91709768590073,-1.2,-0.01,-0.7,380
13.51,244.14466769342,-0.1732395472001,244.422758617421,-1.91709768590073,-1.2,-0.01,-0.7,380
13.511,244.130745349195,-9.85030454290413,244.433597516278,5.3068157468839,-1.2,-0.01,-0.7,380
13.516,244.06103140269,-9.85030454290413,244.488793241184,5.3068157468839,-1.2,-0.01,-0.7,380
13.52,244.005177306674,-9.85030454290413,244.534151297852,5.3068157468839,-1.2,-0.01,-0.7,380
13.53,243.865773108077,-9.85030454290413,244.651301691566,5.3068157468839,-1.2,-0.01,-0.7,380
13.54,243.728222085882,-9.85030454290413,244.770966247186,5.3068157468839,-1.2,-0.01,-0.7,380
13.55,243.594944297697,-9.85030454290413,244.888287250536,5.3068157468839,-1.2,-0.01,-0.7,380
13.56,243.468698848554,-9.85030454290413,244.999075115663,5.3068157468839,-1.2,-0.01,-0.7,380
13.57,243.352351227308,-10.5061020310404,245.100444705822,7.31092620687688,-1.2,-0.01,-0.7,380
13.58,243.248711721002,-10.5061020310404,245.190207484324,7.31092620687688,-1.2,-0.01,-0.7,380
13.59,243.160463096027,-10.5061020310404,245.26621245041,7.31092620687688,-1.2,-0.01,-0.7,380
13.6,243.090113808347,-10.5061020310404,245.326220734681,7.31092620687688,-1.2,-0.01,-0.7,380
13.61,243.039939583273,-10.5061020310404,245.368512568234,7.31092620687688,-1.2,-0.01,-0.7,380
13.62,243.011950990357,-10.5061020310404,245.39194050524,7.31092620687688,-1.2,-0.01,-0.7,380
13.629,243.007169987331,-5.78147777861922,245.396237520085,0.590896738992266,-1.2,-0.01,-0.7,380
13.63,243.007883528668,-5.78147777861922,245.39571686371,0.590896738992266,-1.2,-0.01,-0.7,380
13.635,243.015284814109,-5.78147777861922,245.390216724086,0.590896738992266,-1.2,-0.01,-0.7,380
13.64,243.029162503294,-5.78147777861922,245.379920971437,0.590896738992266,-1.2,-0.01,-0.7,380
13.65,243.076618197286,-5.78147777861922,245.346716187926,0.590896738992266,-1.2,-0.01,-0.7,380
13.66,243.150397187797,-5.78147777861922,245.30000351836,0.590896738992266,-1.2,-0.01,-0.7,380
13.67,243.250153000239,-5.78147777861922,245.243485222604,0.590896738992266,-1.2,-0.01,-0.7,380
13.68,243.37521436701,-5.78147777861922,245.179956545715,0.590896738992266,-1.2,-0.01,-0.7,380
13.688,243.492905824885,4.65856766473713,245.125509510989,0.590896738992266,-1.2,-0.01,-0.7,380
13.69,243.524715882936,4.65856766473713,245.111488967131,0.590896738992266,-1.2,-0.01,-0.7,380
13.7,243.697569484967,4.65856766473713,245.039535255288,0.590896738992266,-1.2,-0.01,-0.7,380
13.71,243.891831594384,4.65856766473713,244.965107985448,0.590896738992266,-1.2,-0.01,-0.7,380
13.72,244.104601787271,4.65856766473713,244.888899839544,0.590896738992266,-1.2,-0.01,-0.7,380
13.73,244.332426224555,4.65856766473713,244.811382694792,0.590896738992266,-1.2,-0.01,-0.7,380
13.74,244.571623703425,4.65856766473713,244.732874077688,0.590896738992266,-1.2,-0.01,-0.7,380
13.747,244.743857384266,15.2376509483734,244.677445074881,-3.62309201154573,-1.2,-0.01,-0.7,380
13.75,244.818522714293,15.2376509483734,244.653585356388,-3.62309201154573,-1.2,-0.01,-0.7,380
13.76,245.069449592566,15.2376509483734,244.57410696121,-3.62309201154573,-1.2,-0.01,-0.7,380
13.77,245.320094177316,15.2376509483734,244.496293818053,-3.62309201154573,-1.2,-0.01,-0.7,380
13.78,245.565518739395,15.2376509483734,244.422929783706,-3.62309201154573,-1.2,-0.01,-0.7,380
13.79,245.800571283415,15.2376509483734,244.356362428608,-3.62309201154573,-1.2,-0.01,-0.7,380
13.8,246.020194457982,15.2376509483734,244.29816384697,-3.62309201154573,-1.2,-0.01,-0.7,380
13.806,246.142567675176,3.74205298764226,244.267729827384,-5.1490461356847,-1.2,-0.01,-0.7,380
13.81,246.219636150041,3.74205298764226,244.249414369855,-5.1490461356847,-1.2,-0.01,-0.7,380
13.82,246.394825650994,3.74205298764226,244.211002062602,-5.1490461356847,-1.2,-0.01,-0.7,380
13.83,246.543230942568,3.74205298764226,244.184079952195,-5.1490461356847,-1.2,-0.01,-0.7,380
13.84,246.663831510207,3.74205298764226,244.169987354326,-5.1490461356847,-1.2,-0.01,-0.7,380
13.85,246.756700031698,3.74205298764226,244.169781003953,-5.1490461356847,-1.2,-0.01,-0.7,380
13.86,246.822660275371,3.74205298764226,244.18414395158,-5.1490461356847,-1.2,-0.01,-0.7,380
13.865,246.845945104404,0.703072800965918,244.196936441462,-1.21332340594455,-1.2,-0.01,-0.7,380
13.87,246.863019363911,0.703072800965918,244.21352614958,-1.21332340594455,-1.2,-0.01,-0.7,380
13.88,246.879443595319,0.703072800965918,244.257722654838,-1.21332340594455,-1.2,-0.01,-0.7,380
13.89,246.874007624319,0.703072800965918,244.315079904212,-1.21332340594455,-1.2,-0.01,-0.7,380
13.9,246.84904768611,0.703072800965918,244.3828850529,-1.21332340594455,-1.2,-0.01,-0.7,380
13.91,246.806976402807,0.703072800965918,244.458772276925,-1.21332340594455,-1.2,-0.01,-0.7,380
13.92,246.750149750297,0.703072800965918,244.541105559679,-1.21332340594455,-1.2,-0.01,-0.7,380
13.924,246.723788878691,0.703072800965918,244.575571459883,4.57276621610742,-1.2,-0.01,-0.7,380
13.93,246.680777215437,0.703072800965918,244.628710997757,4.57276621610742,-1.2,-0.01,-0.7,380
13.94,246.600866189289,0.703072800965918,244.720291476239,4.57276621610742,-1.2,-0.01,-0.7,380
13.95,246.512192609454,0.703072800965918,244.81302959543,4.57276621610742,-1.2,-0.01,-0.7,380
13.96,246.416291333822,0.703072800965918,244.90281964643,4.57276621610742,-1.2,-0.01,-0.7,380
13.97,246.314460509727,0.703072800965918,244.986193824774,4.57276621610742,-1.2,-0.01,-0.7,380
13.98,246.207775462591,0.703072800965918,245.060801311208,4.57276621610742,-1.2,-0.01,-0.7,380
13.983,246.174958708958,0.703072800965918,245.081219855163,5.62514302069476,-1.2,-0.01,-0.7,380
13.99,246.097108507686,0.703072800965918,245.124982698775,5.62514302069476,-1.2,-0.01,-0.7,380
14,245.983151937178,0.703072800965918,245.177527054471,5.62514302069476,-1.2,-0.01,-0.7,380
14.01,245.866442127897,0.703072800965918,245.217247381904,5.62514302069476,-1.2,-0.01,-0.7,380
14.02,245.747383325538,0.703072800965918,245.242942236713,5.62514302069476,-1.2,-0.01,-0.7,380
14.03,245.626270102125,0.703072800965918,245.25369167283,5.62514302069476,-1.2,-0.01,-0.7,380
14.04,245.503307872312,0.703072800965918,245.248891472177,5.62514302069476,-1.2,-0.01,-0.7,380
14.042,245.478506442886,0.703072800965918,245.246029427007,0.589550171846396,-1.2,-0.01,-0.7,380
14.05,245.378631129976,0.703072800965918,245.228138062093,0.589550171846396,-1.2,-0.01,-0.7,380
14.06,245.252319273996,0.703072800965918,245.191668925538,0.589550171846396,-1.2,-0.01,-0.7,380
14.07,245.124410053189,0.703072800965918,245.141333515539,0.589550171846396,-1.2,-0.01,-0.7,380
14.08,244.994910744845,0.703072800965918,245.080283362631,0.589550171846396,-1.2,-0.01,-0.7,380
14.09,244.863807264079,0.703072800965918,245.011414208631,0.589550171846396,-1.2,-0.01,-0.7,380
14.1,244.731071426561,0.703072800965918,244.936852745529,0.589550171846396,-1.2,-0.01,-0.7,380
14.101,244.717706701091,-2.98492168715179,244.929140793664,-0.3361833238147,-1.2,-0.01,-0.7,380
14.106,244.650632822946,-2.98492168715179,244.890057438635,-0.3361833238147,-1.2,-0.01,-0.7,380
14.11,244.596681406168,-2.98492168715179,244.858162439768,-0.3361833238147,-1.2,-0.01,-0.7,380
14.12,244.460825032151,-2.98492168715179,244.776554724069,-0.3361833238147,-1.2,-0.01,-0.7,380
14.13,244.324062093379,-2.98492168715179,244.693229713279,-0.3361833238147,-1.2,-0.01,-0.7,380
14.14,244.187209983806,-2.98492168715179,244.609370523799,-0.3361833238147,-1.2,-0.01,-0.7,380
14.15,244.051226514974,-2.98492168715179,244.525894472273,-0.3361833238147,-1.2,-0.01,-0.7,380
14.16,243.91712260319,-10.0950020270789,244.443419453358,-5.84118385400324,-1.2,-0.01,-0.7,380
14.17,243.785942755093,-10.0950020270789,244.362939835542,-5.84118385400324,-1.2,-0.01,-0.7,380
14.18,243.659147536456,-10.0950020270789,244.286960541985,-5.84118385400324,-1.2,-0.01,-0.7,380
14.19,243.538826675803,-10.0950020270789,244.219096139405,-5.84118385400324,-1.2,-0.01,-0.7,380
14.2,243.427441975308,-10.0950020270789,244.162393058929,-5.84118385400324,-1.2,-0.01,-0.7,380
14.21,243.327598008165,-10.0950020270789,244.118910990421,-5.84118385400324,-1.2,-0.01,-0.7,380
14.219,243.249742613968,-9.31610918171309,244.092263761663,-4.66635747287182,-1.2,-0.01,-0.7,380
14.22,243.241877288961,-9.31610918171309,244.090062213913,-4.66635747287182,-1.2,-0.01,-0.7,380
14.225,243.20508494511,-9.31610918171309,244.081386564547,-4.66635747287182,-1.2,-0.01,-0.7,380
14.23,243.172720939056,-9.31610918171309,244.076615838511,-4.66635747287182,-1.2,-0.01,-0.7,380
14.24,243.122307523789,-9.31610918171309,244.078619851264,-4.66635747287182,-1.2,-0.01,-0.7,380
14.25,243.092495344931,-9.31610918171309,244.095618172698,-4.66635747287182,-1.2,-0.01,-0.7,380
14.26,243.084834416679,-9.31610918171309,244.127138768947,-4.66635747287182,-1.2,-0.01,-0.7,380
14.27,243.100591367077,-9.31610918171309,244.172844294052,-4.66635747287182,-1.2,-0.01,-0.7,380
14.278,243.130746503119,-2.95368776218097,244.219444685279,1.16090425273713,-1.2,-0.01,-0.7,380
14.28,243.140779553403,-2.95368776218097,244.232476918761,1.16090425273713,-1.2,-0.01,-0.7,380
14.29,243.206113865425,-2.95368776218097,244.305237999968,1.16090425273713,-1.2,-0.01,-0.7,380
14.3,243.296614923705,-2.95368776218097,244.388523646449,1.16090425273713,-1.2,-0.01,-0.7,380
14.31,243.411549391055,-2.95368776218097,244.478321060614,1.16090425273713,-1.2,-0.01,-0.7,380
14.32,243.549683616981,-2.95368776218097,244.571167112677,1.16090425273713,-1.2,-0.01,-0.7,380
14.33,243.709493549996,-2.95368776218097,244.664686202951,1.16090425273713,-1.2,-0.01,-0.7,380
14.337,243.833372362257,7.63641768027458,244.729616144331,6.31660498113972,-1.2,-0.01,-0.7,380
14.34,243.889322605038,7.63641768027458,244.757189799777,6.31660498113972,-1.2,-0.01,-0.7,380
14.35,244.087321566862,7.63641768027458,244.847145882623,6.31660498113972,-1.2,-0.01,-0.7,380
14.36,244.300791096294,7.63641768027458,244.931827468885,6.31660498113972,-1.2,-0.01,-0.7,380
14.37,244.526178387829,7.63641768027458,245.007440258501,6.31660498113972,-1.2,-0.01,-0.7,380
14.38,244.759488410582,7.63641768027458,245.070852378489,6.31660498113972,-1.2,-0.01,-0.7,380
14.39,244.996602542175,7.63641768027458,245.119972473149,6.31660498113972,-1.2,-0.01,-0.7,380
14.396,245.139017523044,14.5407883831022,245.141950847873,3.79596841420909,-1.2,-0.01,-0.7,380
14.4,245.233504951941,14.5407883831022,245.153335647903,3.79596841420909,-1.2,-0.01,-0.7,380
14.41,245.466284967996,14.5407883831022,245.170184409574,3.79596841420909,-1.2,-0.01,-0.7,380
14.42,245.690748844306,14.5407883831022,245.170846933778,3.79596841420909,-1.2,-0.01,-0.7,380
14.43,245.902496493956,14.5407883831022,245.156519088313,3.79596841420909,-1.2,-0.01,-0.7,380
14.44,246.0971878543,14.5407883831022,245.128361589904,3.79596841420909,-1.2,-0.01,-0.7,380
14.45,246.27072774757,14.5407883831022,245.087228710621,3.79596841420909,-1.2,-0.01,-0.7,380
14.455,246.348382626369,0.699443528528257,245.062009066082,0.58802436390099,-1.2,-0.01,-0.7,380
14.46,246.419386434483,0.699443528528257,245.033778660502,0.58802436390099,-1.2,-0.01,-0.7,380
14.47,246.540237272886,0.699443528528257,244.968860138036,0.58802436390099,-1.2,-0.01,-0.7,380
14.48,246.632101536318,0.699443528528257,244.89423648417,0.58802436390099,-1.2,-0.01,-0.7,380
14.49,246.695382411439,0.699443528528257,244.812355301235,0.58802436390099,-1.2,-0.01,-0.7,380
14.5,246.731561420785,0.699443528528257,244.725317415122,0.58802436390099,-1.2,-0.01,-0.7,380
14.51,246.742800564861,0.699443528528257,244.634593091966,0.58802436390099,-1.2,-0.01,-0.7,380
14.514,246.740874356856,0.699443528528257,244.597514322027,-4.67021225612822,-1.2,-0.01,-0.7,380
14.52,246.731636658042,0.699443528528257,244.541230887268,-4.67021225612822,-1.2,-0.01,-0.7,380
14.53,246.700752191312,0.699443528528257,244.446510711532,-4.67021225612822,-1.2,-0.01,-0.7,380
14.54,246.652809067395,0.699443528528257,244.353092142502,-4.67021225612822,-1.2,-0.01,-0.7,380
14.55,246.590334001959,0.699443528528257,244.264632351027,-4.67021225612822,-1.2,-0.01,-0.7,380
14.56,246.515644950387,0.699443528528257,244.184199489993,-4.67021225612822,-1.2,-0.01,-0.7,380
14.57,246.430809626807,0.699443528528257,244.113873473512,-4.67021225612822,-1.2,-0.01,-0.7,380
14.573,246.40365669839,0.699443528528257,244.094966338973,-6.46068719312617,-1.2,-0.01,-0.7,380
14.58,246.337628242959,0.699443528528257,244.055083107413,-6.46068719312617,-1.2,-0.01,-0.7,380
14.59,246.237633870956,0.699443528528257,244.00898228818,-6.46068719312617,-1.2,-0.01,-0.7,380
14.6,246.132104930261,0.699443528528257,243.976995654309,-6.46068719312617,-1.2,-0.01,-0.7,380
14.61,246.022085545268,0.699443528528257,243.960735022865,-6.46068719312617,-1.2,-0.01,-0.7,380
14.62,245.908410335557,0.699443528528257,243.961463988497,-6.46068719312617,-1.2,-0.01,-0.7,380
14.63,245.791731138697,0.699443528528257,243.979999114262,-6.46068719312617,-1.2,-0.01,-0.7,380
14.632,245.768080907997,0.699443528528257,243.98589109514,-1.92379082076706,-1.2,-0.01,-0.7,380
14.64,245.672543829071,0.699443528528257,244.016877372043,-1.92379082076706,-1.2,-0.01,-0.7,380
14.65,245.551213966266,0.699443528528257,244.071875437218,-1.92379082076706,-1.2,-0.01,-0.7,380
14.66,245.428000461254,0.699443528528257,244.143113443031,-1.92379082076706,-1.2,-0.01,-0.7,380
14.67,245.303076785468,0.699443528528257,244.227499605699,-1.92379082076706,-1.2,-0.01,-0.7,380
14.68,245.176549515297,0.699443528528257,244.322328871094,-1.92379082076706,-1.2,-0.01,-0.7,380
14.69,245.048474188446,0.699443528528257,244.425729341429,-1.92379082076706,-1.2,-0.01,-0.7,380
14.691,245.035582461865,0.699443528528257,244.436491169471,5.25654658340614,-1.2,-0.01,-0.7,380
14.696,244.970894549154,0.699443528528257,244.491304187686,5.25654658340614,-1.2,-0.01,-0.7,380
14.7,244.918868580679,0.699443528528257,244.536359255863,5.25654658340614,-1.2,-0.01,-0.7,380
14.71,244.78772359156,0.699443528528257,244.652767357803,5.25654658340614,-1.2,-0.01,-0.7,380
14.72,244.655011991288,0.699443528528257,244.771722532359,5.25654658340614,-1.2,-0.01,-0.7,380
14.73,244.520695280359,0.699443528528257,244.888388642762,5.25654658340614,-1.2,-0.01,-0.7,380
14.74,244.384728941327,0.699443528528257,244.998597458044,5.25654658340614,-1.2,-0.01,-0.7,380
14.75,244.247066337814,-9.13718811236612,245.099480236822,7.27202012235594,-1.2,-0.01,-0.7,380
14.76,244.107721263544,-9.13718811236612,245.188859299453,7.27202012235594,-1.2,-0.01,-0.7,380
14.77,243.967358489913,-9.13718811236612,245.264587418037,7.27202012235594,-1.2,-0.01,-0.7,380
14.78,243.82762818487,-9.13718811236612,245.324424102587,7.27202012235594,-1.2,-0.01,-0.7,380
14.79,243.690832759967,-9.13718811236612,245.366647278648,7.27202012235594,-1.2,-0.01,-0.7,380
14.8,243.559618827167,-9.13718811236612,245.390108069324,7.27202012235594,-1.2,-0.01,-0.7,380
14.809,243.448581678784,-10.6362494898467,245.39452055127,0.586322133027101,-1.2,-0.01,-0.7,380
14.81,243.436748396405,-10.6362494898467,245.394017726976,0.586322133027101,-1.2,-0.01,-0.7,380
14.815,243.379296555994,-10.6362494898467,245.388621059074,0.586322133027101,-1.2,-0.01,-0.7,380
14.82,243.324948730058,-10.6362494898467,245.378452398368,0.586322133027101,-1.2,-0.01,-0.7,380
14.83,243.226898533612,-10.6362494898467,245.345564624994,0.586322133027101,-1.2,-0.01,-0.7,380
14.84,243.145194722219,-10.6362494898467,245.299237527859,0.586322133027101,-1.2,-0.01,-0.7,380
14.85,243.082262542651,-10.6362494898467,245.243155059132,0.586322133027101,-1.2,-0.01,-0.7,380
14.86,243.040297024914,-10.6362494898467,245.180097584014,0.586322133027101,-1.2,-0.01,-0.7,380
14.868,243.023130184736,-6.72188940785428,245.126045454184,0.586322133027101,-1.2,-0.01,-0.7,380
14.87,243.021233486392,-6.72188940785428,245.112125624785,0.586322133027101,-1.2,-0.01,-0.7,380
14.88,243.026691677053,-6.72188940785428,245.040684358879,0.586322133027101,-1.2,-0.01,-0.7,380
14.89,243.057719398144,-6.72188940785428,244.966781279868,0.586322133027101,-1.2,-0.01,-0.7,380
14.9,243.114754501275,-6.72188940785428,244.891105721343,0.586322133027101,-1.2,-0.01,-0.7,380
14.91,243.197786890253,-6.72188940785428,244.814127383998,0.586322133027101,-1.2,-0.01,-0.7,380
14.92,243.306497807414,-6.72188940785428,244.736162399488,0.586322133027101,-1.2,-0.01,-0.7,380
14.927,243.397602402897,3.21693121508341,244.681116326113,-3.57970389803027,-1.2,-0.01,-0.7,380
14.93,243.440369315156,3.21693121508341,244.657421263333,-3.57970389803027,-1.2,-0.01,-0.7,380
14.94,243.598605120936,3.21693121508341,244.578489369941,-3.57970389803027,-1.2,-0.01,-0.7,380
14.95,243.77950541416,3.21693121508341,244.501203452736,-3.57970389803027,-1.2,-0.01,-0.7,380
14.96,243.980460287362,3.21693121508341,244.42831961425,-3.57970389803027,-1.2,-0.01,-0.7,380
14.97,244.198334860882,3.21693121508341,244.36216179143,-3.57970389803027,-1.2,-0.01,-0.7,380
14.98,244.429771919532,3.21693121508341,244.304286072301,-3.57970389803027,-1.2,-0.01,-0.7,380
14.986,244.573742000177,14.1386612050968,244.273999446311,-5.11526694159876,-1.2,-0.01,-0.7,380
14.99,244.671411041764,14.1386612050968,244.255761882922,-5.11526694159876,-1.2,-0.01,-0.7,380
15,244.919804005354,14.1386612050968,244.217471205094,-5.11526694159876,-1.2,-0.01,-0.7,380
0,379,45,379,45,-1.2,-0.01,-0.7,379
4.46557587823925e-06,379,45,378.999999999888,45,-1.2,-0.01,-0.7,379
2.67934552694355e-05,379,45,378.999999995959,45,-1.2,-0.01,-0.7,379
0.000138432852225417,378.999999999989,45,378.999999892135,45,-1.2,-0.01,-0.7,379
0.000696629837005323,378.999999993106,45,378.999997268461,45,-1.2,-0.01,-0.7,379
0.00348761476090486,378.999995757521,45,378.99993153631,45,-1.2,-0.01,-0.7,379
0.00855535014100542,378.999852043046,45,378.999588017406,45,-1.2,-0.01,-0.7,379
0.01,378.999726770571,45,378.999437136235,45,-1.2,-0.01,-0.7,379
0.0172232492949729,378.997721153505,45,378.997053636045,45,-1.2,-0.01,-0.7,379
0.02,378.995941002941,45,378.995301635465,45,-1.2,-0.01,-0.7,379
0.03,378.980924429253,45,378.981311393134,45,-1.2,-0.01,-0.7,379
0.04,378.944050467738,45,378.948403494106,45,-1.2,-0.01,-0.7,379
0.05,378.873273506707,45,378.886097652995,45,-1.2,-0.01,-0.7,379
0.059,378.770386651017,45,378.796070524992,45,-1.2,-0.01,-0.7,379
0.06,378.756261272938,45,378.783800949946,45,-1.2,-0.01,-0.7,379
0.065,378.676688138982,45,378.714293847371,45,-1.2,-0.01,-0.7,379
0.07,378.581196118756,45,378.630734850933,45,-1.2,-0.01,-0.7,379
0.08,378.337282628551,45,378.416110843667,45,-1.2,-0.01,-0.7,379
0.09,378.015014295699,45,378.129358537568,45,-1.2,-0.01,-0.7,379
0.1,377.606259527935,45,377.760536776946,45,-1.2,-0.01,-0.7,379
0.11,377.104226451991,45,377.301211214015,45,-1.2,-0.01,-0.7,379
0.118,376.631665788325,45,376.864207650021,45,-1.2,-0.01,-0.7,379
0.12,376.503355588633,45,376.745001667531,45,-1.2,-0.01,-0.7,379
0.13,375.799177343634,45,376.087367881336,45,-1.2,-0.01,-0.7,379
0.14,374.988159272528,45,375.325167378939,45,-1.2,-0.01,-0.7,379
0.15,374.06755793459,45,374.456280380109,45,-1.2,-0.01,-0.7,379
0.16,373.035283332312,45,373.479282803136,45,-1.2,-0.01,-0.7,379
0.17,371.889779120818,45,372.393211508736,45,-1.2,-0.01,-0.7,379
0.177,371.019936922875,45,371.567699521386,45,-1.2,-0.01,-0.7,379
0.18,370.629919127961,45,371.197408736994,45,-1.2,-0.01,-0.7,379
0.19,369.254919327044,45,369.891419607172,45,-1.2,-0.01,-0.7,379
0.2,367.76426376544,45,368.474925332064,45,-1.2,-0.01,-0.7,379
0.21,366.157642859726,45,366.947699315644,45,-1.2,-0.01,-0.7,379
0.22,364.434902458958,45,365.309578036337,45,-1.2,-0.01,-0.7,379
0.23,362.596002248834,45,363.560441543135,45,-1.2,-0.01,-0.7,379
0.236,361.436919545022,14.3138860803389,362.457633977623,21.1505118794047,-1.2,-0.01,-0.7,379
0.24,360.640985570782,14.3138860803389,361.700200276321,21.1505118794047,-1.2,-0.01,-0.7,379
0.25,358.570407753472,14.3138860803389,359.729215844459,21.1505118794047,-1.2,-0.01,-0.7,379
0.26,356.386811250988,14.3138860803389,357.649932450264,21.1505118794047,-1.2,-0.01,-0.7,379
0.27,354.094763351293,14.3138860803389,355.467689819517,21.1505118794047,-1.2,-0.01,-0.7,379
0.28,351.700224152877,14.3138860803389,353.189716961695,21.1505118794047,-1.2,-0.01,-0.7,379
0.29,349.210006508127,14.3138860803389,350.824229729823,21.1505118794047,-1.2,-0.01,-0.7,379
0.295,347.931264640602,-45,349.611296434396,-38.5303440095084,-1.2,-0.01,-0.7,379
0.3,346.631331533008,-45,348.37959972216,-38.5303440095084,-1.2,-0.01,-0.7,379
0.31,343.972872400827,-45,345.867029919017,-38.5303440095084,-1.2,-0.01,-0.7,379
0.32,341.248226085233,-45,343.301209013391,-38.5303440095084,-1.2,-0.01,-0.7,379
0.33,338.475599564368,-45,340.694030373017,-38.5303440095084,-1.2,-0.01,-0.7,379
0.34,335.67592883315,-45,338.055269795354,-38.5303440095084,-1.2,-0.01,-0.7,379
0.35,332.871074847678,-45,335.396180516638,-38.5303440095084,-1.2,-0.01,-0.7,379
0.354,331.752491724085,-45,334.329330149192,-45,-1.2,-0.01,-0.7,379
0.36,330.082293389426,-45,332.727899175009,-45,-1.2,-0.01,-0.7,379
0.37,327.329127271735,-45,330.057518648521,-45,-1.2,-0.01,-0.7,379
0.38,324.62875750019,-45,327.389745822501,-45,-1.2,-0.01,-0.7,379
0.39,321.995755864289,-45,324.731783379482,-45,-1.2,-0.01,-0.7,379
0.4,319.442128419808,-45,322.092680949718,-45,-1.2,-0.01,-0.7,379
0.41,316.977536403671,-45,319.482154852507,-45,-1.2,-0.01,-0.7,379
0.413,316.256707821168,-45,318.705980002037,-45,-1.2,-0.01,-0.7,379
0.42,314.609601202009,-45,316.910144522801,-45,-1.2,-0.01,-0.7,379
0.43,312.344229265531,-45,314.386744493795,-45,-1.2,-0.01,-0.7,379
0.44,310.185919297124,-45,311.922088941407,-45,-1.2,-0.01,-0.7,379
0.45,308.138034042123,-45,309.526193084985,-45,-1.2,-0.01,-0.7,379
0.46,306.203031242736,-45,307.208574727634,-45,-1.2,-0.01,-0.7,379
0.47,304.382655364381,-45,304.977635193764,-45,-1.2,-0.01,-0.7,379
0.472,304.032448247842,-45,304.542426638694,-45,-1.2,-0.01,-0.7,379
0.48,302.678094655412,-45,302.840153056679,-45,-1.2,-0.01,-0.7,379
0.49,301.090108879578,-45,300.80120453147,-45,-1.2,-0.01,-0.7,379
0.5,299.619132805127,-45,298.864397400909,-45,-1.2,-0.01,-0.7,379
0.51,298.265359680686,-45,297.032198595328,-45,-1.2,-0.01,-0.7,379
0.52,297.028808246186,-45,295.306253357228,-45,-1.2,-0.01,-0.7,379
0.53,295.90937607483,-45,293.687642969868,-45,-1.2,-0.01,-0.7,379
0.531,295.803867921832,-45,293.531711615398,-45,-1.2,-0.01,-0.7,379
0.536,295.293860723782,-45,292.768302288148,-45,-1.2,-0.01,-0.7,379
0.54,294.906881534099,-45,292.177071760464,-45,-1.2,-0.01,-0.7,379
0.55,294.021096238641,-45,290.774995419831,-45,-1.2,-0.01,-0.7,379
0.56,293.251769633235,-45,289.481706568982,-45,-1.2,-0.01,-0.7,379
0.57,292.598647031581,-45,288.29739113011,-45,-1.2,-0.01,-0.7,379
0.58,292.061482356021,-45,287.222165294283,-45,-1.2,-0.01,-0.7,379
0.59,291.640046612413,-4.89475878120817,286.256099751622,-45,-1.2,-0.01,-0.7,379
0.6,291.333966930015,-4.89475878120817,285.39923558233,-45,-1.2,-0.01,-0.7,379
0.61,291.141066324271,-4.89475878120817,284.651594689251,-45,-1.2,-0.01,-0.7,379
0.62,291.056274300982,-4.89475878120817,284.013186650996,-45,-1.2,-0.01,-0.7,379
0.63,291.07232149618,-4.89475878120817,283.484013224077,-45,-1.2,-0.01,-0.7,379
0.64,291.180468752014,-4.89475878120817,283.064071298088,-45,-1.2,-0.01,-0.7,379
0.649,291.348658047493,40.7213098759955,282.779511492921,-7.35135266591934,-1.2,-0.01,-0.7,379
0.65,291.371162508707,40.7213098759955,282.753354831667,-7.35135266591934,-1.2,-0.01,-0.7,379
0.655,291.494367700672,40.7213098759955,282.638828111281,-7.35135266591934,-1.2,-0.01,-0.7,379
0.66,291.634250114456,40.7213098759955,282.551353467783,-7.35135266591934,-1.2,-0.01,-0.7,379
0.67,291.956689655148,40.7213098759955,282.455004194016,-7.35135266591934,-1.2,-0.01,-0.7,379
0.68,292.321598619342,40.7213098759955,282.45775730954,-7.35135266591934,-1.2,-0.01,-0.7,379
0.69,292.709835905336,40.7213098759955,282.551706022955,-7.35135266591934,-1.2,-0.01,-0.7,379
0.7,293.10159259225,40.7213098759955,282.728506841543,-7.35135266591934,-1.2,-0.01,-0.7,379
0.708,293.404598590397,45,282.923425862749,35.7928504213564,-1.2,-0.01,-0.7,379
0.71,293.477692284856,45,282.979064867473,35.7928504213564,-1.2,-0.01,-0.7,379
0.72,293.820461010742,45,283.301932587469,35.7928504213564,-1.2,-0.01,-0.7,379
0.73,294.113989340149,45,283.688219009849,35.7928504213564,-1.2,-0.01,-0.7,379
0.74,294.344312605639,45,284.120312225685,35.7928504213564,-1.2,-0.01,-0.7,379
0.75,294.499557544338,45,284.590830862316,35.7928504213564,-1.2,-0.01,-0.7,379
0.76,294.569892586602,45,285.089663697776,35.7928504213564,-1.2,-0.01,-0.7,379
0.767,294.564272523573,45,285.448099348898,45,-1.2,-0.01,-0.7,379
0.77,294.547353187964,45,285.603076533087,45,-1.2,-0.01,-0.7,379
0.78,294.425607781133,45,286.119456173439,45,-1.2,-0.01,-0.7,379
0.79,294.199709264472,45,286.624156352884,45,-1.2,-0.01,-0.7,379
0.8,293.865858206919,45,287.103802716462,45,-1.2,-0.01,-0.7,379
0.81,293.421190967144,45,287.547818338882,45,-1.2,-0.01,-0.7,379
0.82,292.863596993296,45,287.944412745779,45,-1.2,-0.01,-0.7,379
0.826,292.474186089713,20.7989076780526,288.154774765405,45,-1.2,-0.01,-0.7,379
0.83,292.191567506271,20.7989076780526,288.282180556632,45,-1.2,-0.01,-0.7,379
0.84,291.404426360858,20.7989076780526,288.550432991817,45,-1.2,-0.01,-0.7,379
0.85,290.503386988592,20.7989076780526,288.738911563709,45,-1.2,-0.01,-0.7,379
0.86,289.491469440106,20.7989076780526,288.838722590696,45,-1.2,-0.01,-0.7,379
0.87,288.372926556233,20.7989076780526,288.842995041441,45,-1.2,-0.01,-0.7,379
0.88,287.152779897557,20.7989076780526,288.746783592241,45,-1.2,-0.01,-0.7,379
0.885,286.506288944351,-32.3483828223633,288.659879869849,45,-1.2,-0.01,-0.7,379
0.89,285.836453971861,-32.3483828223633,288.546645644886,45,-1.2,-0.01,-0.7,379
0.9,284.430686682145,-32.3483828223633,288.240250142923,45,-1.2,-0.01,-0.7,379
0.91,282.94651612908,-32.3483828223633,287.826031919824,45,-1.2,-0.01,-0.7,379
0.92,281.399067308615,-32.3483828223633,287.30293459449,45,-1.2,-0.01,-0.7,379
0.93,279.806041442922,-32.3483828223633,286.670238751034,45,-1.2,-0.01,-0.7,379
0.94,278.186263230913,-32.3483828223633,285.927448463992,45,-1.2,-0.01,-0.7,379
0.944,277.535074573074,-45,285.599426092576,1.0599833742613,-1.2,-0.01,-0.7,379
0.95,276.55842202516,-45,285.074217357253,1.0599833742613,-1.2,-0.01,-0.7,379
0.96,274.940527228062,-45,284.110795431227,1.0599833742613,-1.2,-0.01,-0.7,379
0.97,273.350057869797,-45,283.039511866989,1.0599833742613,-1.2,-0.01,-0.7,379
0.98,271.803335504064,-45,281.865505244263,1.0599833742613,-1.2,-0.01,-0.7,379
0.99,270.31493493867,-45,280.595671591354,1.0599833742613,-1.2,-0.01,-0.7,379
1,268.897415815163,-45,279.237684250996,1.0599833742613,-1.2,-0.01,-0.7,379
1.003,268.487605975149,-45,278.814260090529,-45,-1.2,-0.01,-0.7,379
1.01,267.561294862409,-45,277.799811328468,-45,-1.2,-0.01,-0.7,379
1.02,266.315173316662,-45,276.286118490459,-45,-1.2,-0.01,-0.7,379
1.03,265.165946981943,-45,274.696819697409,-45,-1.2,-0.01,-0.7,379
1.04,264.11904722832,-45,273.031717775082,-45,-1.2,-0.01,-0.7,379
1.05,263.178679681086,-45,271.294954786526,-45,-1.2,-0.01,-0.7,379
1.06,262.348043057147,-45,269.494321534811,-45,-1.2,-0.01,-0.7,379
1.062,262.195305599534,-45,269.126986449523,-45,-1.2,-0.01,-0.7,379
1.07,261.6295207228,-45,267.635187960024,-45,-1.2,-0.01,-0.7,379
1.08,261.024843712289,-45,265.724352205462,-45,-1.2,-0.01,-0.7,379
1.09,260.535227128665,-45,263.770360000452,-45,-1.2,-0.01,-0.7,379
1.1,260.161483067109,-45,261.78143096298,-45,-1.2,-0.01,-0.7,379
1.11,259.904113460892,-45,259.766544188501,-45,-1.2,-0.01,-0.7,379
1.12,259.763385957242,-45,257.735558795608,-45,-1.2,-0.01,-0.7,379
1.121,259.755733389765,-22.5434798788745,257.531900806466,-45,-1.2,-0.01,-0.7,379
1.126,259.734976862849,-22.5434798788745,256.513479638464,-45,-1.2,-0.01,-0.7,379
1.13,259.739335034548,-22.5434798788745,255.698585237312,-45,-1.2,-0.01,-0.7,379
1.14,259.830991775305,-22.5434798788745,253.666014966875,-45,-1.2,-0.01,-0.7,379
1.15,260.035723905572,-22.5434798788745,251.648408414812,-45,-1.2,-0.01,-0.7,379
1.16,260.349660484821,-22.5434798788745,249.656284337835,-45,-1.2,-0.01,-0.7,379
1.17,260.768144986073,-22.5434798788745,247.700066192077,-45,-1.2,-0.01,-0.7,379
1.18,261.286106933659,26.3968255711563,245.790083403052,-29.3464276682471,-1.2,-0.01,-0.7,379
1.19,261.898123992964,26.3968255711563,243.940704842035,-29.3464276682471,-1.2,-0.01,-0.7,379
1.2,262.596188860308,26.3968255711563,242.161500553531,-29.3464276682471,-1.2,-0.01,-0.7,379
1.21,263.368160963353,26.3968255711563,240.453580814908,-29.3464276682471,-1.2,-0.01,-0.7,379
1.22,264.198925321285,26.3968255711563,238.817158021165,-29.3464276682471,-1.2,-0.01,-0.7,379
1.23,265.071725822358,26.3968255711563,237.251658982529,-29.3464276682471,-1.2,-0.01,-0.7,379
1.239,265.878972759841,45,235.903209988563,-45,-1.2,-0.01,-0.7,379
1.24,265.969373592399,45,235.756912315988,-45,-1.2,-0.01,-0.7,379
1.245,266.422259607828,45,235.036206554184,-45,-1.2,-0.01,-0.7,379
1.25,266.87507306374,45,234.3335360011,-45,-1.2,-0.01,-0.7,379
1.26,267.771933988512,45,232.984795172123,-45,-1.2,-0.01,-0.7,379
1.27,268.64300187426,45,231.716626269863,-45,-1.2,-0.01,-0.7,379
1.28,269.472205662647,45,230.535994468522,-45,-1.2,-0.01,-0.7,379
1.29,270.245019873372,45,229.449307124918,-45,-1.2,-0.01,-0.7,379
1.298,270.814107108334,45,228.650998538174,-45,-1.2,-0.01,-0.7,379
1.3,270.948799660285,45,228.461518240267,-45,-1.2,-0.01,-0.7,379
1.31,271.572863920412,45,227.57612926057,-45,-1.2,-0.01,-0.7,379
1.32,272.108409683612,45,226.795528308626,-45,-1.2,-0.01,-0.7,379
1.33,272.548329929419,45,226.121302748462,-45,-1.2,-0.01,-0.7,379
1.34,272.88698995313,45,225.554494220678,-45,-1.2,-0.01,-0.7,379
1.35,273.11999792672,45,225.095780096207,-45,-1.2,-0.01,-0.7,379
1.357,273.218403795558,45,224.83923884403,-45,-1.2,-0.01,-0.7,379
1.36,273.243990089981,45,224.745598118244,-45,-1.2,-0.01,-0.7,379
1.37,273.256440051245,45,224.504228920718,-45,-1.2,-0.01,-0.7,379
1.38,273.155494888923,45,224.371850457028,-45,-1.2,-0.01,-0.7,379
1.39,272.939837045017,45,224.348573592482,-45,-1.2,-0.01,-0.7,379
1.4,272.608569375474,45,224.434465453611,-45,-1.2,-0.01,-0.7,379
1.41,272.161120239444,45,224.629564721372,-45,-1.2,-0.01,-0.7,379
1.416,271.836740558398,4.53820357152198,224.799052787355,-24.0517548190608,-1.2,-0.01,-0.7,379
1.42,271.597170051404,4.53820357152198,224.933891675347,-24.0517548190608,-1.2,-0.01,-0.7,379
1.43,270.917184628422,4.53820357152198,225.346807103531,-24.0517548190608,-1.2,-0.01,-0.7,379
1.44,270.124337873298,4.53820357152198,225.865285463698,-24.0517548190608,-1.2,-0.01,-0.7,379
1.45,269.224590174597,4.53820357152198,226.48336666202,-24.0517548190608,-1.2,-0.01,-0.7,379
1.46,268.225895133056,4.53820357152198,227.193713576431,-24.0517548190608,-1.2,-0.01,-0.7,379
1.47,267.137492836477,4.53820357152198,227.988948006031,-24.0517548190608,-1.2,-0.01,-0.7,379
1.475,266.562730843894,-45,228.416301178669,23.6703147525284,-1.2,-0.01,-0.7,379
1.48,265.96928362026,-45,228.862493197506,23.6703147525284,-1.2,-0.01,-0.7,379
1.49,264.732515318166,-45,229.81651664419,23.6703147525284,-1.2,-0.01,-0.7,379
1.5,263.442601792726,-45,230.848309872891,23.6703147525284,-1.2,-0.01,-0.7,379
1.51,262.118609411204,-45,231.945593487578,23.6703147525284,-1.2,-0.01,-0.7,379
1.52,260.78141576113,-45,233.101981785465,23.6703147525284,-1.2,-0.01,-0.7,379
1.53,259.452056968362,-45,234.308501144589,23.6703147525284,-1.2,-0.01,-0.7,379
1.534,258.92702526933,-45,234.802339974877,45,-1.2,-0.01,-0.7,379
1.54,258.150433410538,-45,235.552893477981,45,-1.2,-0.01,-0.7,379
1.55,256.894456028026,-45,236.823621895773,45,-1.2,-0.01,-0.7,379
1.56,255.699614119078,-45,238.104076291469,45,-1.2,-0.01,-0.7,379
1.57,254.578879959573,-45,239.379320739441,45,-1.2,-0.01,-0.7,379
1.58,253.542838869854,-45,240.638779142893,45,-1.2,-0.01,-0.7,379
1.59,252.599944601324,-45,241.869452012793,45,-1.2,-0.01,-0.7,379
1.593,252.336273111775,-45,242.231196360331,45,-1.2,-0.01,-0.7,379
1.6,251.756824204592,-45,243.059088061669,45,-1.2,-0.01,-0.7,379
1.61,251.018583746292,-45,244.196962825487,45,-1.2,-0.01,-0.7,379
1.62,250.389088374009,-45,245.272066271729,45,-1.2,-0.01,-0.7,379
1.63,249.871205838529,-45,246.273732854861,45,-1.2,-0.01,-0.7,379
1.64,249.467011578583,-45,247.192147935672,45,-1.2,-0.01,-0.7,379
1.65,249.177958309661,-45,248.019112946952,45,-1.2,-0.01,-0.7,379
1.652,249.134056995911,0.745802212657574,248.173000806648,33.4870250786848,-1.2,-0.01,-0.7,379
1.66,249.004937085965,0.745802212657574,248.748502740199,33.4870250786848,-1.2,-0.01,-0.7,379
1.67,248.946915040942,0.745802212657574,249.376526208002,33.4870250786848,-1.2,-0.01,-0.7,379
1.68,248.999292618209,0.745802212657574,249.90290823348,33.4870250786848,-1.2,-0.01,-0.7,379
1.69,249.154546417264,0.745802212657574,250.330190371889,33.4870250786848,-1.2,-0.01,-0.7,379
1.7,249.403083256763,0.745802212657574,250.661292128807,33.4870250786848,-1.2,-0.01,-0.7,379
1.71,249.734021616359,0.745802212657574,250.898797453735,33.4870250786848,-1.2,-0.01,-0.7,379
1.711,249.771208218177,0.745802212657574,250.917478060851,0.636812404642603,-1.2,-0.01,-0.7,379
1.716,249.967380184199,0.745802212657574,250.997320152574,0.636812404642603,-1.2,-0.01,-0.7,379
1.72,250.135917072369,0.745802212657574,251.044920693321,0.636812404642603,-1.2,-0.01,-0.7,379
1.73,250.597391677832,0.745802212657574,251.102043910814,0.636812404642603,-1.2,-0.01,-0.7,379
1.74,251.107630094728,0.745802212657574,251.074578917491,0.636812404642603,-1.2,-0.01,-0.7,379
1.75,251.656725723249,0.745802212657574,250.969792695555,0.636812404642603,-1.2,-0.01,-0.7,379
1.76,252.235885893623,0.745802212657574,250.79638055967,0.636812404642603,-1.2,-0.01,-0.7,379
1.77,252.837518562662,0.745802212657574,250.563603587765,0.636812404642603,-1.2,-0.01,-0.7,379
1.78,253.455229385914,0.745802212657574,250.281453943191,0.636812404642603,-1.2,-0.01,-0.7,379
1.79,254.083757222133,0.745802212657574,249.960280817256,0.636812404642603,-1.2,-0.01,-0.7,379
1.8,254.71887186418,0.745802212657574,249.609951288333,0.636812404642603,-1.2,-0.01,-0.7,379
1.81,255.357252367757,0.745802212657574,249.238927267242,0.636812404642603,-1.2,-0.01,-0.7,379
1.82,255.996359169074,0.745802212657574,248.853809713902,0.636812404642603,-1.2,-0.01,-0.7,379
1.829,256.570608002069,21.2648640430774,248.499180717666,0.636812404642603,-1.2,-0.01,-0.7,379
1.83,256.634308852188,21.2648640430774,248.45941317963,0.636812404642603,-1.2,-0.01,-0.7,379
1.835,256.952395008717,21.2648640430774,248.259822136439,0.636812404642603,-1.2,-0.01,-0.7,379
1.84,257.269576206208,21.2648640430774,248.059088703454,0.636812404642603,-1.2,-0.01,-0.7,379
1.85,257.899561044307,21.2648640430774,247.655105523104,0.636812404642603,-1.2,-0.01,-0.7,379
1.86,258.520004413726,21.2648640430774,247.248980769051,0.636812404642603,-1.2,-0.01,-0.7,379
1.87,259.125640830759,21.2648640430774,246.841722504451,0.636812404642603,-1.2,-0.01,-0.7,379
1.88,259.710764294657,21.2648640430774,246.433997077734,0.636812404642603,-1.2,-0.01,-0.7,379
1.888,260.160233754097,45,246.107781078604,0.636812404642603,-1.2,-0.01,-0.7,379
1.89,260.269640822395,45,246.026241260944,0.636812404642603,-1.2,-0.01,-0.7,379
1.9,260.796507473378,45,245.618737080085,0.636812404642603,-1.2,-0.01,-0.7,379
1.91,261.284194021414,45,245.211661884104,0.636812404642603,-1.2,-0.01,-0.7,379
1.92,261.723963115951,45,244.805122035151,0.636812404642603,-1.2,-0.01,-0.7,379
1.93,262.106466314963,45,244.39917568729,0.636812404642603,-1.2,-0.01,-0.7,379
1.94,262.422475850357,45,243.993848252643,0.636812404642603,-1.2,-0.01,-0.7,379
1.947,262.599465994545,38.8091761334837,243.71048951017,-16.209877181141,-1.2,-0.01,-0.7,379
1.95,262.663365820762,38.8091761334837,243.589142934051,-16.209877181141,-1.2,-0.01,-0.7,379
1.96,262.821475553426,38.8091761334837,243.185900180908,-16.209877181141,-1.2,-0.01,-0.7,379
1.97,262.890581034666,38.8091761334837,242.788172851407,-16.209877181141,-1.2,-0.01,-0.7,379
1.98,262.865900366813,38.8091761334837,242.403241510243,-16.209877181141,-1.2,-0.01,-0.7,379
1.99,262.743838270705,38.8091761334837,242.039068814508,-16.209877181141,-1.2,-0.01,-0.7,379
2,262.521755746457,38.8091761334837,241.702625458733,-16.209877181141,-1.2,-0.01,-0.7,379
2.006,262.339688560885,6.47977822216938,241.516342297801,-29.5765927111872,-1.2,-0.01,-0.7,379
2.01,262.19777861836,6.47977822216938,241.399198332305,-29.5765927111872,-1.2,-0.01,-0.7,379
2.02,261.771167682608,6.47977822216938,241.133037106104,-29.5765927111872,-1.2,-0.01,-0.7,379
2.03,261.243915406041,6.47977822216938,240.909679762185,-29.5765927111872,-1.2,-0.01,-0.7,379
2.04,260.620650590739,6.47977822216938,240.736470914703,-29.5765927111872,-1.2,-0.01,-0.7,379
2.05,259.907802680143,6.47977822216938,240.620682261573,-29.5765927111872,-1.2,-0.01,-0.7,379
2.06,259.112914541228,6.47977822216938,240.568289664901,-29.5765927111872,-1.2,-0.01,-0.7,379
2.065,258.687223333588,-38.1510776944244,240.567270077441,-15.9454585572901,-1.2,-0.01,-0.7,379
2.07,258.244083144909,-38.1510776944244,240.583629556392,-15.9454585572901,-1.2,-0.01,-0.7,379
2.08,257.310623612648,-38.1510776944244,240.667429978788,-15.9454585572901,-1.2,-0.01,-0.7,379
2.09,256.325642023311,-38.1510776944244,240.815740158078,-15.9454585572901,-1.2,-0.01,-0.7,379
2.1,255.305557451972,-38.1510776944244,241.022093310352,-15.9454585572901,-1.2,-0.01,-0.7,379
2.11,254.268485591856,-38.1510776944244,241.280529999172,-15.9454585572901,-1.2,-0.01,-0.7,379
2.12,253.232829759706,-38.1510776944244,241.586891906758,-15.9454585572901,-1.2,-0.01,-0.7,379
2.124,252.82295057242,-42.9859545449024,241.72217109624,10.4002017175238,-1.2,-0.01,-0.7,379
2.13,252.216183665031,-42.9859545449024,241.938228035053,10.4002017175238,-1.2,-0.01,-0.7,379
2.14,251.234744237497,-42.9859545449024,242.333742994659,10.4002017175238,-1.2,-0.01,-0.7,379
2.15,250.303184977207,-42.9859545449024,242.770731667763,10.4002017175238,-1.2,-0.01,-0.7,379
2.16,249.434397663414,-42.9859545449024,243.242041046032,10.4002017175238,-1.2,-0.01,-0.7,379
2.17,248.639362397469,-42.9859545449024,243.738803725858,10.4002017175238,-1.2,-0.01,-0.7,379
2.18,247.927196469938,-42.9859545449024,244.251141539831,10.4002017175238,-1.2,-0.01,-0.7,379
2.183,247.730855306637,0.760762972248234,244.406436749896,31.7643907252263,-1.2,-0.01,-0.7,379
2.19,247.305258630413,0.760762972248234,244.768937268366,31.7643907252263,-1.2,-0.01,-0.7,379
2.2,246.77795501782,0.760762972248234,245.286828222875,31.7643907252263,-1.2,-0.01,-0.7,379
2.21,246.344982758143,0.760762972248234,245.799833757674,31.7643907252263,-1.2,-0.01,-0.7,379
2.22,246.002299858774,0.760762972248234,246.299273324996,31.7643907252263,-1.2,-0.01,-0.7,379
2.23,245.743292783822,0.760762972248234,246.776141996128,31.7643907252263,-1.2,-0.01,-0.7,379
2.24,245.559675979756,0.760762972248234,247.220230056183,31.7643907252263,-1.2,-0.01,-0.7,379
2.242,245.531197724859,0.760762972248234,247.304275030569,7.67137265207217,-1.2,-0.01,-0.7,379
2.25,245.442237912809,0.760762972248234,247.621011055587,7.67137265207217,-1.2,-0.01,-0.7,379
2.26,245.381462536434,0.760762972248234,247.971668404135,7.67137265207217,-1.2,-0.01,-0.7,379
2.27,245.36802475443,0.760762972248234,248.274590349268,7.67137265207217,-1.2,-0.01,-0.7,379
2.28,245.39315539971,0.760762972248234,248.537223912538,7.67137265207217,-1.2,-0.01,-0.7,379
2.29,245.448882916065,0.760762972248234,248.765777640434,7.67137265207217,-1.2,-0.01,-0.7,379
2.3,245.52816739362,0.760762972248234,248.965028706287,7.67137265207217,-1.2,-0.01,-0.7,379
2.301,245.537149665299,0.760762972248234,248.983473260483,0.629096803384216,-1.2,-0.01,-0.7,379
2.306,245.58448370877,0.760762972248234,249.072063305736,0.629096803384216,-1.2,-0.01,-0.7,379
2.31,245.624948527351,0.760762972248234,249.138576071065,0.629096803384216,-1.2,-0.01,-0.7,379
2.32,245.734129961182,0.760762972248234,249.289667108102,0.629096803384216,-1.2,-0.01,-0.7,379
2.33,245.851520700891,0.760762972248234,249.422777493287,0.629096803384216,-1.2,-0.01,-0.7,379
2.34,245.973750222046,0.760762972248234,249.543256193435,0.629096803384216,-1.2,-0.01,-0.7,379
2.35,246.098170471032,0.760762972248234,249.655499312531,0.629096803384216,-1.2,-0.01,-0.7,379
2.36,246.22275403376,0.760762972248234,249.76251214685,0.629096803384216,-1.2,-0.01,-0.7,379
2.37,246.34599487615,0.760762972248234,249.866353715037,0.629096803384216,-1.2,-0.01,-0.7,379
2.38,246.466815727122,0.760762972248234,249.968388028908,0.629096803384216,-1.2,-0.01,-0.7,379
2.39,246.584484455254,0.760762972248234,250.069524547304,0.629096803384216,-1.2,-0.01,-0.7,379
2.4,246.698540556062,0.760762972248234,250.17036132721,0.629096803384216,-1.2,-0.01,-0.7,379
2.41,246.808732007712,0.760762972248234,250.271289828582,0.629096803384216,-1.2,-0.01,-0.7,379
2.419,246.904517689608,0.760762972248234,250.362414066927,0.629096803384216,-1.2,-0.01,-0.7,379
2.42,246.914962174216,0.760762972248234,250.37256098461,0.629096803384216,-1.2,-0.01,-0.7,379
2.425,246.966593124922,0.760762972248234,250.423376314665,0.629096803384216,-1.2,-0.01,-0.7,379
2.43,247.017246072455,0.760762972248234,250.474331125692,0.629096803384216,-1.2,-0.01,-0.7,379
2.44,247.115675092488,0.760762972248234,250.576692187211,0.629096803384216,-1.2,-0.01,-0.7,379
2.45,247.210389151686,0.760762972248234,250.679692467796,0.629096803384216,-1.2,-0.01,-0.7,379
2.46,247.301555273976,0.760762972248234,250.783350596329,0.629096803384216,-1.2,-0.01,-0.7,379
2.47,247.389351558986,0.760762972248234,250.887665108115,0.629096803384216,-1.2,-0.01,-0.7,379
2.478,247.457281890758,0.760762972248234,250.971579301353,0.629096803384216,-1.2,-0.01,-0.7,379
2.48,247.473955612517,0.760762972248234,250.992620958134,0.629096803384216,-1.2,-0.01,-0.7,379
2.49,247.555536587161,0.760762972248234,251.098193986847,0.629096803384216,-1.2,-0.01,-0.7,379
2.5,247.63425006834,0.760762972248234,251.204353973325,0.629096803384216,-1.2,-0.01,-0.7,379
2.51,247.710235170993,0.760762972248234,251.311066730031,0.629096803384216,-1.2,-0.01,-0.7,379
2.52,247.783613285231,0.760762972248234,251.418295538884,0.629096803384216,-1.2,-0.01,-0.7,379
2.53,247.854488021151,0.760762972248234,251.526002137498,0.629096803384216,-1.2,-0.01,-0.7,379
2.537,247.902657849217,0.760762972248234,251.60165982928,0.629096803384216,-1.2,-0.01,-0.7,379
2.54,247.922945983108,0.760762972248234,251.634147396528,0.629096803384216,-1.2,-0.01,-0.7,379
2.55,247.98905808175,0.760762972248234,251.7426917854,0.629096803384216,-1.2,-0.01,-0.7,379
2.56,248.052881155553,0.760762972248234,251.85159569268,0.629096803384216,-1.2,-0.01,-0.7,379
2.57,248.114459734163,0.760762972248234,251.960819646647,0.629096803384216,-1.2,-0.01,-0.7,379
2.58,248.173827817257,0.760762972248234,252.070324467236,0.629096803384216,-1.2,-0.01,-0.7,379
2.59,248.231010583556,0.760762972248234,252.180071370753,0.629096803384216,-1.2,-0.01,-0.7,379
2.596,248.264279011765,0.760762972248234,252.24601960536,0.629096803384216,-1.2,-0.01,-0.7,379
2.6,248.286025973436,0.760762972248234,252.290022042033,0.629096803384216,-1.2,-0.01,-0.7,379
2.61,248.338886111744,0.760762972248234,252.400138684129,0.629096803384216,-1.2,-0.01,-0.7,379
2.62,248.389598555882,0.760762972248234,252.510384052424,0.629096803384216,-1.2,-0.01,-0.7,379
2.63,248.438167365553,0.760762972248234,252.620721477934,0.629096803384216,-1.2,-0.01,-0.7,379
2.64,248.484594001038,0.760762972248234,252.731114883057,0.629096803384216,-1.2,-0.01,-0.7,379
2.65,248.52887806189,0.760762972248234,252.841528792002,0.629096803384216,-1.2,-0.01,-0.7,379
2.655,248.550216141975,0.760762972248234,252.896732520278,0.629096803384216,-1.2,-0.01,-0.7,379
2.66,248.571017881817,0.760762972248234,252.951928337458,0.629096803384216,-1.2,-0.01,-0.7,379
2.67,248.611010996921,0.760762972248234,253.062279264552,0.629096803384216,-1.2,-0.01,-0.7,379
2.68,248.648854505603,0.760762972248234,253.172547932825,0.629096803384216,-1.2,-0.01,-0.7,379
2.69,248.684545336669,0.760762972248234,253.282701316746,0.629096803384216,-1.2,-0.01,-0.7,379
2.7,248.718080442246,0.760762972248234,253.392707005096,0.629096803384216,-1.2,-0.01,-0.7,379
2.71,248.749456929829,0.760762972248234,253.502533199487,0.629096803384216,-1.2,-0.01,-0.7,379
2.714,248.761402508229,0.760762972248234,253.546406539345,0.629096803384216,-1.2,-0.01,-0.7,379
2.72,248.778672146334,0.760762972248234,253.612148712154,0.629096803384216,-1.2,-0.01,-0.7,379
2.73,248.805723725107,0.760762972248234,253.721522963184,0.629096803384216,-1.2,-0.01,-0.7,379
2.74,248.830609605374,0.760762972248234,253.830625977223,0.629096803384216,-1.2,-0.01,-0.7,379
2.75,248.853328031604,0.760762972248234,253.939428379755,0.629096803384216,-1.2,-0.01,-0.7,379
2.76,248.873877539154,0.760762972248234,254.047901392987,0.629096803384216,-1.2,-0.01,-0.7,379
2.77,248.892256931068,0.760762972248234,254.156016831379,0.629096803384216,-1.2,-0.01,-0.7,379
2.773,248.897347427203,0.760762972248234,254.188377787719,0.629096803384216,-1.2,-0.01,-0.7,379
2.78,248.908465249833,0.760762972248234,254.263747096839,0.629096803384216,-1.2,-0.01,-0.7,379
2.79,248.922501746936,0.760762972248234,254.371065173623,0.629096803384216,-1.2,-0.01,-0.7,379
2.8,248.934365852318,0.760762972248234,254.47794462294,0.629096803384216,-1.2,-0.01,-0.7,379
2.81,248.944057145123,0.760762972248234,254.584359577301,0.629096803384216,-1.2,-0.01,-0.7,379
2.82,248.951575326702,0.760762972248234,254.690284734602,0.629096803384216,-1.2,-0.01,-0.7,379
2.83,248.956920196393,0.760762972248234,254.795695351991,0.629096803384216,-1.2,-0.01,-0.7,379
2.832,248.957728360867,0.760762972248234,254.816713784488,0.629096803384216,-1.2,-0.01,-0.7,379
2.84,248.960091630329,0.760762972248234,254.900567239491,0.629096803384216,-1.2,-0.01,-0.7,379
2.85,248.961089563307,0.760762972248234,255.00487675344,0.629096803384216,-1.2,-0.01,-0.7,379
2.86,248.959913973585,0.760762972248234,255.108600789716,0.629096803384216,-1.2,-0.01,-0.7,379
2.87,248.956564870414,0.760762972248234,255.2117167768,0.629096803384216,-1.2,-0.01,-0.7,379
2.88,248.951042284008,0.760762972248234,255.31420266866,0.629096803384216,-1.2,-0.01,-0.7,379
2.89,248.94334625767,0.760762972248234,255.416036937494,0.629096803384216,-1.2,-0.01,-0.7,379
2.891,248.942457117745,0.760762972248234,255.426183836354,6.19693580442526,-1.2,-0.01,-0.7,379
2.896,248.9376854115,0.760762972248234,255.476815877395,6.19693580442526,-1.2,-0.01,-0.7,379
2.9,248.933476841759,0.760762972248234,255.517198566318,6.19693580442526,-1.2,-0.01,-0.7,379
2.91,248.9214340892,0.760762972248234,255.617052373305,6.19693580442526,-1.2,-0.01,-0.7,379
2.92,248.907218052272,0.760762972248234,255.713149162452,6.19693580442526,-1.2,-0.01,-0.7,379
2.93,248.890828780416,0.760762972248234,255.801664847189,6.19693580442526,-1.2,-0.01,-0.7,379
2.94,248.872266318862,0.760762972248234,255.879326415209,6.19693580442526,-1.2,-0.01,-0.7,379
2.95,248.851530707859,0.760762972248234,255.943913703573,7.90460244279918,-1.2,-0.01,-0.7,379
2.96,248.828621982385,0.760762972248234,255.993715169487,7.90460244279918,-1.2,-0.01,-0.7,379
2.97,248.803540172178,0.760762972248234,256.026993471331,7.90460244279918,-1.2,-0.01,-0.7,379
2.98,248.776285302004,0.760762972248234,256.041906577395,7.90460244279918,-1.2,-0.01,-0.7,379
2.99,248.746857392062,0.760762972248234,256.037032912068,7.90460244279918,-1.2,-0.01,-0.7,379
3,248.715256458481,0.760762972248234,256.011427393121,7.90460244279918,-1.2,-0.01,-0.7,379
3.009,248.684957693507,0.760762972248234,255.970115701544,2.10491516516044,-1.2,-0.01,-0.7,379
3.01,248.681482513838,0.760762972248234,255.964443959737,2.10491516516044,-1.2,-0.01,-0.7,379
3.015,248.66378066546,0.760762972248234,255.932932965132,2.10491516516044,-1.2,-0.01,-0.7,379
3.02,248.645535567691,0.760762972248234,255.896198953236,2.10491516516044,-1.2,-0.01,-0.7,379
3.03,248.60741562707,0.760762972248234,255.808651697638,2.10491516516044,-1.2,-0.01,-0.7,379
3.04,248.567122696945,0.760762972248234,255.705272920311,2.10491516516044,-1.2,-0.01,-0.7,379
3.05,248.524656780636,0.760762972248234,255.589294776687,2.10491516516044,-1.2,-0.01,-0.7,379
3.06,248.480017880169,0.760762972248234,255.463113268794,2.10491516516044,-1.2,-0.01,-0.7,379
3.068,248.44274221193,0.760762972248234,255.356037163084,-6.22795545004974,-1.2,-0.01,-0.7,379
3.07,248.433205996589,0.760762972248234,255.328497056891,-6.22795545004974,-1.2,-0.01,-0.7,379
3.08,248.384221130213,0.760762972248234,255.187471075019,-6.22795545004974,-1.2,-0.01,-0.7,379
3.09,248.333063280843,0.760762972248234,255.043973836369,-6.22795545004974,-1.2,-0.01,-0.7,379
3.1,248.279732447934,0.760762972248234,254.903410577528,-6.22795545004974,-1.2,-0.01,-0.7,379
3.11,248.224228630726,0.760762972248234,254.770537125887,-6.22795545004974,-1.2,-0.01,-0.7,379
3.12,248.166551828345,0.760762972248234,254.648781120805,-6.22795545004974,-1.2,-0.01,-0.7,379
3.127,248.124885140013,0.760762972248234,254.571495887133,-3.59348214038535,-1.2,-0.01,-0.7,379
3.13,248.10670203988,0.760762972248234,254.540546511389,-3.59348214038535,-1.2,-0.01,-0.7,379
3.14,248.044679264435,0.760762972248234,254.447068196903,-3.59348214038535,-1.2,-0.01,-0.7,379
3.15,247.980483501164,0.760762972248234,254.368108724711,-3.59348214038535,-1.2,-0.01,-0.7,379
3.16,247.914114749297,0.760762972248234,254.302429174368,-3.59348214038535,-1.2,-0.01,-0.7,379
3.17,247.845573008149,0.760762972248234,254.248838396779,-3.59348214038535,-1.2,-0.01,-0.7,379
3.18,247.774858277127,0.760762972248234,254.206515195317,-3.59348214038535,-1.2,-0.01,-0.7,379
3.186,247.731386403161,0.760762972248234,254.186270702823,0.630687591122903,-1.2,-0.01,-0.7,379
3.19,247.701970555727,0.760762972248234,254.17486043692,0.630687591122903,-1.2,-0.01,-0.7,379
3.2,247.626909843531,0.760762972248234,254.153036979372,0.630687591122903,-1.2,-0.01,-0.7,379
3.21,247.549676140197,0.760762972248234,254.138967415497,0.630687591122903,-1.2,-0.01,-0.7,379
3.22,247.470269445454,0.760762972248234,254.129598106752,0.630687591122903,-1.2,-0.01,-0.7,379
3.23,247.388689759091,0.760762972248234,254.12235565555,0.630687591122903,-1.2,-0.01,-0.7,379
3.24,247.304937080947,0.760762972248234,254.115501243454,0.630687591122903,-1.2,-0.01,-0.7,379
3.245,247.262245869919,0.760762972248234,254.11181995126,0.630687591122903,-1.2,-0.01,-0.7,379
3.25,247.219011410905,0.760762972248234,254.107806798971,0.630687591122903,-1.2,-0.01,-0.7,379
3.26,247.130912748883,0.760762972248234,254.098445109495,0.630687591122903,-1.2,-0.01,-0.7,379
3.27,247.040641094825,0.760762972248234,254.086852261325,0.630687591122903,-1.2,-0.01,-0.7,379
3.28,246.948196448698,0.760762972248234,254.072656348366,0.630687591122903,-1.2,-0.01,-0.7,379
3.29,246.853578810487,0.760762972248234,254.055617797551,0.630687591122903,-1.2,-0.01,-0.7,379
3.3,246.756788180185,0.760762972248234,254.035591667335,0.630687591122903,-1.2,-0.01,-0.7,379
3.304,246.71746349028,0.760762972248234,254.026725700316,0.630687591122903,-1.2,-0.01,-0.7,379
3.31,246.657824557798,0.760762972248234,254.012499127452,0.630687591122903,-1.2,-0.01,-0.7,379
3.32,246.556687943334,0.760762972248234,253.986307844135,0.630687591122903,-1.2,-0.01,-0.7,379
3.33,246.453378336809,0.760762972248234,253.957017601406,0.630687591122903,-1.2,-0.01,-0.7,379
3.34,246.347895738235,0.760762972248234,253.924650115978,0.630687591122903,-1.2,-0.01,-0.7,379
3.35,246.24024014763,0.760762972248234,253.889241683109,0.630687591122903,-1.2,-0.01,-0.7,379
3.36,246.130411565009,0.760762972248234,253.850837951188,0.630687591122903,-1.2,-0.01,-0.7,379
3.363,246.097039256781,0.760762972248234,253.838739948685,0.630687591122903,-1.2,-0.01,-0.7,379
3.37,246.018409990385,0.760762972248234,253.809490204886,0.630687591122903,-1.2,-0.01,-0.7,379
3.38,245.904235423773,0.760762972248234,253.765252755077,0.630687591122903,-1.2,-0.01,-0.7,379
3.39,245.787887865183,0.760762972248234,253.71818112234,0.630687591122903,-1.2,-0.01,-0.7,379
3.4,245.669367314626,0.760762972248234,253.668330794181,0.630687591122903,-1.2,-0.01,-0.7,379
3.41,245.548673772111,0.760762972248234,253.615756392068,0.630687591122903,-1.2,-0.01,-0.7,379
3.42,245.425807237644,0.760762972248234,253.560511130602,0.630687591122903,-1.2,-0.01,-0.7,379
3.422,245.400973171717,0.760762972248234,253.549145730356,0.630687591122903,-1.2,-0.01,-0.7,379
3.43,245.300767711231,0.760762972248234,253.502646482812,0.630687591122903,-1.2,-0.01,-0.7,379
3.44,245.173555192877,0.760762972248234,253.442211989734,0.630687591122903,-1.2,-0.01,-0.7,379
3.45,245.044169682585,0.760762972248234,253.379255169689,0.630687591122903,-1.2,-0.01,-0.7,379
3.46,244.912611180359,0.760762972248234,253.313821495408,0.630687591122903,-1.2,-0.01,-0.7,379
3.47,244.778879686199,0.760762972248234,253.245954416352,0.630687591122903,-1.2,-0.01,-0.7,379
3.48,244.642975200108,0.760762972248234,253.175695410218,0.630687591122903,-1.2,-0.01,-0.7,379
3.481,244.629265236942,-4.08266677969877,253.168539260789,0.630687591122903,-1.2,-0.01,-0.7,379
3.486,244.560391379856,-4.08266677969877,253.13240855915,0.630687591122903,-1.2,-0.01,-0.7,379
3.49,244.504917158971,-4.08266677969877,253.103084052445,0.630687591122903,-1.2,-0.01,-0.7,379
3.5,244.365005787325,-4.08266677969877,253.028158095945,0.630687591122903,-1.2,-0.01,-0.7,379
3.51,244.224031116556,-4.08266677969877,252.950953555763,0.630687591122903,-1.2,-0.01,-0.7,379
3.52,244.083119901189,-4.08266677969877,252.871504795073,0.630687591122903,-1.2,-0.01,-0.7,379
3.53,243.943579755702,-4.08266677969877,252.789844610184,0.630687591122903,-1.2,-0.01,-0.7,379
3.54,243.806783264414,-10.4295765349733,252.706004313051,0.630687591122903,-1.2,-0.01,-0.7,379
3.55,243.67412353637,-10.4295765349733,252.620013810398,0.630687591122903,-1.2,-0.01,-0.7,379
3.56,243.547337268417,-10.4295765349733,252.53190167897,0.630687591122903,-1.2,-0.01,-0.7,379
3.57,243.428683398646,-10.4295765349733,252.44169523668,0.630687591122903,-1.2,-0.01,-0.7,379
3.58,243.320707414993,-10.4295765349733,252.349420609636,0.630687591122903,-1.2,-0.01,-0.7,379
3.59,243.226034553637,-10.4295765349733,252.255102795124,0.630687591122903,-1.2,-0.01,-0.7,379
3.599,243.15432097984,-9.19605253590923,252.16848976817,0.630687591122903,-1.2,-0.01,-0.7,379
3.6,243.147223510373,-9.19605253590923,252.158765720686,0.630687591122903,-1.2,-0.01,-0.7,379
3.605,243.114521738571,-9.19605253590923,252.10984715223,0.630687591122903,-1.2,-0.01,-0.7,379
3.61,243.086658060703,-9.19605253590923,252.060432299518,0.630687591122903,-1.2,-0.01,-0.7,379
3.62,243.046408505682,-9.19605253590923,251.960124482376,0.630687591122903,-1.2,-0.01,-0.7,379
3.63,243.028172186333,-9.19605253590923,251.857863306228,0.630687591122903,-1.2,-0.01,-0.7,379
3.64,243.033307979909,-9.19605253590923,251.753668939868,0.630687591122903,-1.2,-0.01,-0.7,379
3.65,243.06287944672,-9.19605253590923,251.647560726711,0.630687591122903,-1.2,-0.01,-0.7,379
3.658,243.104683014988,-2.10455409848967,251.561308821385,0.630687591122903,-1.2,-0.01,-0.7,379
3.66,243.117697986526,-2.10455409848967,251.539557224961,0.630687591122903,-1.2,-0.01,-0.7,379
3.67,243.198277691801,-2.10455409848967,251.42967624535,0.630687591122903,-1.2,-0.01,-0.7,379
3.68,243.304396273805,-2.10455409848967,251.317934886628,0.630687591122903,-1.2,-0.01,-0.7,379
3.69,243.435027793753,-2.10455409848967,251.204349568951,0.630687591122903,-1.2,-0.01,-0.7,379
3.7,243.588622996445,-2.10455409848967,251.088936065346,0.630687591122903,-1.2,-0.01,-0.7,379
3.71,243.763340250387,-2.10455409848967,250.97170953136,0.630687591122903,-1.2,-0.01,-0.7,379
3.717,243.897160744387,8.83650409190298,250.888580121697,0.630687591122903,-1.2,-0.01,-0.7,379
3.72,243.957218223387,8.83650409190298,250.85268453305,0.630687591122903,-1.2,-0.01,-0.7,379
3.73,244.168119622796,8.83650409190298,250.731875073407,0.630687591122903,-1.2,-0.01,-0.7,379
3.74,244.393054399753,8.83650409190298,250.609294617339,0.630687591122903,-1.2,-0.01,-0.7,379
3.75,244.628177398297,8.83650409190298,250.484956115304,0.630687591122903,-1.2,-0.01,-0.7,379
3.76,244.869213524687,8.83650409190298,250.358872025685,0.630687591122903,-1.2,-0.01,-0.7,379
3.77,245.111786155242,8.83650409190298,250.231054335986,0.630687591122903,-1.2,-0.01,-0.7,379
3.776,245.256290784278,13.8415159192275,250.153536452785,0.630687591122903,-1.2,-0.01,-0.7,379
3.78,245.351649606289,13.8415159192275,250.101514582937,0.630687591122903,-1.2,-0.01,-0.7,379
3.79,245.584735597716,13.8415159192275,249.970263871565,0.630687591122903,-1.2,-0.01,-0.7,379
3.8,245.806898351596,13.8415159192275,249.837312893306,0.630687591122903,-1.2,-0.01,-0.7,379
3.81,246.013982418733,13.8415159192275,249.702671943213,0.630687591122903,-1.2,-0.01,-0.7,379
3.82,246.202017144924,13.8415159192275,249.566350936318,0.630687591122903,-1.2,-0.01,-0.7,379
3.83,246.367344575983,13.8415159192275,249.4283594232,0.630687591122903,-1.2,-0.01,-0.7,379
3.835,246.440454258782,0.756982378060171,249.3587401128,0.630687591122903,-1.2,-0.01,-0.7,379
3.84,246.506697280914,0.756982378060171,249.288706604796,0.630687591122903,-1.2,-0.01,-0.7,379
3.85,246.617585081583,0.756982378060171,249.14740134652,0.630687591122903,-1.2,-0.01,-0.7,379
3.86,246.699169335207,0.756982378060171,249.004452191709,0.630687591122903,-1.2,-0.01,-0.7,379
3.87,246.752094623844,0.756982378060171,248.859867374449,0.630687591122903,-1.2,-0.01,-0.7,379
3.88,246.778005403533,0.756982378060171,248.713654831808,0.630687591122903,-1.2,-0.01,-0.7,379
3.89,246.779165264221,0.756982378060171,248.56582221551,0.630687591122903,-1.2,-0.01,-0.7,379
3.894,246.773273757652,0.756982378060171,248.506237179486,0.630687591122903,-1.2,-0.01,-0.7,379
3.9,246.758165543777,0.756982378060171,248.416376903087,0.630687591122903,-1.2,-0.01,-0.7,379
3.91,246.717708086088,0.756982378060171,248.265326008529,0.630687591122903,-1.2,-0.01,-0.7,379
3.92,246.66044881406,0.756982378060171,248.112676392464,0.630687591122903,-1.2,-0.01,-0.7,379
3.93,246.588891129754,0.756982378060171,247.958434671891,0.630687591122903,-1.2,-0.01,-0.7,379
3.94,246.505318712153,0.756982378060171,247.802607229488,0.630687591122903,-1.2,-0.01,-0.7,379
3.95,246.411758973253,0.756982378060171,247.645200222522,0.630687591122903,-1.2,-0.01,-0.7,379
3.953,246.382013353711,0.756982378060171,247.597670957431,0.630687591122903,-1.2,-0.01,-0.7,379
3.96,246.309969502246,0.756982378060171,247.486219591376,0.630687591122903,-1.2,-0.01,-0.7,379
3.97,246.20144110018,0.756982378060171,247.325671067713,0.630687591122903,-1.2,-0.01,-0.7,379
3.98,246.087412099523,0.756982378060171,247.163560182301,0.630687591122903,-1.2,-0.01,-0.7,379
3.99,245.968889883494,0.756982378060171,246.999892272504,0.630687591122903,-1.2,-0.01,-0.7,379
4,245.846676324165,0.756982378060171,246.83467248947,0.630687591122903,-1.2,-0.01,-0.7,379
4.01,245.721394767707,0.756982378060171,246.667905805018,0.630687591122903,-1.2,-0.01,-0.7,379
4.012,245.696014177061,0.756982378060171,246.634367227275,0.630687591122903,-1.2,-0.01,-0.7,379
4.02,245.593516838413,0.756982378060171,246.499597018246,0.630687591122903,-1.2,-0.01,-0.7,379
4.03,245.463387881966,0.756982378060171,246.329750761868,0.630687591122903,-1.2,-0.01,-0.7,379
4.04,245.331250305415,0.756982378060171,246.158371508299,0.630687591122903,-1.2,-0.01,-0.7,379
4.05,245.197264390976,0.756982378060171,245.985463575496,0.630687591122903,-1.2,-0.01,-0.7,379
4.06,245.061526416306,0.756982378060171,245.81103113256,0.630687591122903,-1.2,-0.01,-0.7,379
4.07,244.924084085917,0.756982378060171,245.635078205126,0.630687591122903,-1.2,-0.01,-0.7,379
4.071,244.910246824482,-0.415589616673829,245.617399413601,0.630687591122903,-1.2,-0.01,-0.7,379
4.076,244.840807206746,-0.415589616673829,245.528778252862,0.630687591122903,-1.2,-0.01,-0.7,379
4.08,244.784954107678,-0.415589616673829,245.457608680533,0.630687591122903,-1.2,-0.01,-0.7,379
4.09,244.644195977235,-0.415589616673829,245.278626312794,0.630687591122903,-1.2,-0.01,-0.7,379
4.1,244.501970987905,-0.415589616673829,245.098134727377,0.630687591122903,-1.2,-0.01,-0.7,379
4.11,244.358511732444,-0.415589616673829,244.916137425794,0.630687591122903,-1.2,-0.01,-0.7,379
4.12,244.214089381936,-0.415589616673829,244.732637790016,0.630687591122903,-1.2,-0.01,-0.7,379
4.13,244.068989341895,-10.3413043458855,244.547639086723,-5.2791393911513,-1.2,-0.01,-0.7,379
4.14,243.923554105734,-10.3413043458855,244.361731137614,-5.2791393911513,-1.2,-0.01,-0.7,379
4.15,243.778765351296,-10.3413043458855,244.177251739798,-5.2791393911513,-1.2,-0.01,-0.7,379
4.16,243.636572504875,-10.3413043458855,243.997874939104,-5.2791393911513,-1.2,-0.01,-0.7,379
4.17,243.499551364026,-10.3413043458855,243.826833090752,-5.2791393911513,-1.2,-0.01,-0.7,379
4.18,243.370590973123,-10.3413043458855,243.666398078431,-5.2791393911513,-1.2,-0.01,-0.7,379
4.189,243.263875524297,-10.8791670793493,243.532415730322,-13.1757032979761,-1.2,-0.01,-0.7,379
4.19,243.252662732051,-10.8791670793493,243.518171060721,-13.1757032979761,-1.2,-0.01,-0.7,379
4.195,243.198745861793,-10.8791670793493,243.449164430406,-13.1757032979761,-1.2,-0.01,-0.7,379
4.2,243.148661973068,-10.8791670793493,243.383948977502,-13.1757032979761,-1.2,-0.01,-0.7,379
4.21,243.061333921472,-10.8791670793493,243.267317831015,-13.1757032979761,-1.2,-0.01,-0.7,379
4.22,242.993220459136,-10.8791670793493,243.173207860586,-13.1757032979761,-1.2,-0.01,-0.7,379
4.23,242.9466077724,-10.8791670793493,243.105899330547,-13.1757032979761,-1.2,-0.01,-0.7,379
4.24,242.92350061607,-10.8791670793493,243.068444446797,-13.1757032979761,-1.2,-0.01,-0.7,379
4.248,242.923103303701,-5.7799804659645,243.061434671562,-7.28463443730962,-1.2,-0.01,-0.7,379
4.25,242.925617727915,-5.7799804659645,243.062964193917,-7.28463443730962,-1.2,-0.01,-0.7,379
4.26,242.954339952866,-5.7799804659645,243.090040993229,-7.28463443730962,-1.2,-0.01,-0.7,379
4.27,243.010387737328,-5.7799804659645,243.147800835029,-7.28463443730962,-1.2,-0.01,-0.7,379
4.28,243.093774884897,-5.7799804659645,243.232701059122,-7.28463443730962,-1.2,-0.01,-0.7,379
4.29,243.204017151182,-5.7799804659645,243.341583740877,-7.28463443730962,-1.2,-0.01,-0.7,379
4.3,243.340308133323,-5.7799804659645,243.472297160154,-7.28463443730962,-1.2,-0.01,-0.7,379
4.307,243.450683515913,5.15437691059027,243.575937052597,5.02380107074473,-1.2,-0.01,-0.7,379
4.31,243.50165467413,5.15437691059027,243.623307318884,5.02380107074473,-1.2,-0.01,-0.7,379
4.32,243.686798618024,5.15437691059027,243.793118753386,5.02380107074473,-1.2,-0.01,-0.7,379
4.33,243.893532575148,5.15437691059027,243.977906001712,5.02380107074473,-1.2,-0.01,-0.7,379
4.34,244.118692957321,5.15437691059027,244.171111412086,5.02380107074473,-1.2,-0.01,-0.7,379
4.35,244.358582682676,5.15437691059027,244.366280706507,5.02380107074473,-1.2,-0.01,-0.7,379
4.36,244.6093021544,5.15437691059027,244.558410965866,5.02380107074473,-1.2,-0.01,-0.7,379
4.366,244.763318557847,16.0428347083361,244.670641861153,13.2203642585198,-1.2,-0.01,-0.7,379
4.37,244.866987608109,16.0428347083361,244.743812075555,13.2203642585198,-1.2,-0.01,-0.7,379
4.38,245.127738768926,16.0428347083361,244.919755779822,13.2203642585198,-1.2,-0.01,-0.7,379
4.39,245.386962215774,16.0428347083361,245.082302494507,13.2203642585198,-1.2,-0.01,-0.7,379
4.4,245.639472369855,16.0428347083361,245.225805799377,13.2203642585198,-1.2,-0.01,-0.7,379
4.41,245.879911924113,16.0428347083361,245.345241913409,13.2203642585198,-1.2,-0.01,-0.7,379
4.42,246.103058138142,16.0428347083361,245.436928392418,13.2203642585198,-1.2,-0.01,-0.7,379
4.425,246.206603071403,3.56116161303053,245.471504634329,4.5350154869562,-1.2,-0.01,-0.7,379
4.43,246.304032448277,3.56116161303053,245.498207194758,4.5350154869562,-1.2,-0.01,-0.7,379
4.44,246.478763974463,3.56116161303053,245.527878488049,4.5350154869562,-1.2,-0.01,-0.7,379
4.45,246.624883154902,3.56116161303053,245.527562652767,4.5350154869562,-1.2,-0.01,-0.7,379
4.46,246.741589778201,3.56116161303053,245.501271445894,4.5350154869562,-1.2,-0.01,-0.7,379
4.47,246.829203599987,3.56116161303053,245.453042097133,4.5350154869562,-1.2,-0.01,-0.7,379
4.48,246.888803342035,3.56116161303053,245.386043715735,4.5350154869562,-1.2,-0.01,-0.7,379
4.484,246.905136978846,0.753076706130371,245.354545206156,0.627376551480293,-1.2,-0.01,-0.7,379
4.49,246.921946595255,0.753076706130371,245.302694522732,0.627376551480293,-1.2,-0.01,-0.7,379
4.5,246.930547730468,0.753076706130371,245.205211102801,0.627376551480293,-1.2,-0.01,-0.7,379
4.51,246.916895078109,0.753076706130371,245.096573119359,0.627376551480293,-1.2,-0.01,-0.7,379
4.52,246.883484799532,0.753076706130371,244.980254205723,0.627376551480293,-1.2,-0.01,-0.7,379
4.53,246.832844434271,0.753076706130371,244.859054343362,0.627376551480293,-1.2,-0.01,-0.7,379
4.54,246.767408447137,0.753076706130371,244.734850916366,0.627376551480293,-1.2,-0.01,-0.7,379
4.543,246.745235815754,0.753076706130371,244.697201702777,-3.32850357562345,-1.2,-0.01,-0.7,379
4.55,246.689435978998,0.753076706130371,244.608928232036,-3.32850357562345,-1.2,-0.01,-0.7,379
4.56,246.600961823284,0.753076706130371,244.482580800159,-3.32850357562345,-1.2,-0.01,-0.7,379
4.57,246.503772665849,0.753076706130371,244.358071822017,-3.32850357562345,-1.2,-0.01,-0.7,379
4.58,246.399402098149,0.753076706130371,244.238337634855,-3.32850357562345,-1.2,-0.01,-0.7,379
4.59,246.289138755134,0.753076706130371,244.12574078665,-3.32850357562345,-1.2,-0.01,-0.7,379
4.6,246.174043188869,0.753076706130371,244.021812551752,-3.32850357562345,-1.2,-0.01,-0.7,379
4.602,246.150522763221,0.753076706130371,244.002158706454,-8.81648448950573,-1.2,-0.01,-0.7,379
4.61,246.054969984659,0.753076706130371,243.927577584423,-8.81648448950573,-1.2,-0.01,-0.7,379
4.62,245.932592474005,0.753076706130371,243.844253474445,-8.81648448950573,-1.2,-0.01,-0.7,379
4.63,245.807428091984,0.753076706130371,243.774456174341,-8.81648448950573,-1.2,-0.01,-0.7,379
4.64,245.679863020934,0.753076706130371,243.721777622413,-8.81648448950573,-1.2,-0.01,-0.7,379
4.65,245.550175201783,0.753076706130371,243.68914083656,-8.81648448950573,-1.2,-0.01,-0.7,379
4.66,245.418555166785,0.753076706130371,243.678450965823,-8.81648448950573,-1.2,-0.01,-0.7,379
4.661,245.405292077818,0.753076706130371,243.678636993092,-4.79741964354743,-1.2,-0.01,-0.7,379
4.666,245.338708605661,0.753076706130371,243.683122197501,-4.79741964354743,-1.2,-0.01,-0.7,379
4.67,245.28512441469,0.753076706130371,243.690976442704,-4.79741964354743,-1.2,-0.01,-0.7,379
4.68,245.149951244939,0.753076706130371,243.726995363019,-4.79741964354743,-1.2,-0.01,-0.7,379
4.69,245.013064123502,0.753076706130371,243.785123554345,-4.79741964354743,-1.2,-0.01,-0.7,379
4.7,244.874462722146,0.753076706130371,243.862803210104,-4.79741964354743,-1.2,-0.01,-0.7,379
4.71,244.734126855791,0.753076706130371,243.957758629015,-4.79741964354743,-1.2,-0.01,-0.7,379
4.72,244.592023557588,-4.57689349406164,244.06841388888,4.13239788154949,-1.2,-0.01,-0.7,379
4.73,244.448144927232,-4.57689349406164,244.193088771495,4.13239788154949,-1.2,-0.01,-0.7,379
4.74,244.302831194366,-4.57689349406164,244.328137511469,4.13239788154949,-1.2,-0.01,-0.7,379
4.75,244.156954264242,-4.57689349406164,244.467920885643,4.13239788154949,-1.2,-0.01,-0.7,379
4.76,244.011739034032,-4.57689349406164,244.607341125752,4.13239788154949,-1.2,-0.01,-0.7,379
4.77,243.868597978368,-4.57689349406164,244.742720377216,4.13239788154949,-1.2,-0.01,-0.7,379
4.779,243.742765547849,-10.8317878309795,244.85889222091,9.83450708094419,-1.2,-0.01,-0.7,379
4.78,243.729008336717,-10.8317878309795,244.871412149947,9.83450708094419,-1.2,-0.01,-0.7,379
4.785,243.661007499929,-10.8317878309795,244.932581120349,9.83450708094419,-1.2,-0.01,-0.7,379
4.79,243.594479503682,-10.8317878309795,244.991276794787,9.83450708094419,-1.2,-0.01,-0.7,379
4.8,243.466897992963,-10.8317878309795,245.099099706426,9.83450708094419,-1.2,-0.01,-0.7,379
4.81,243.348639893498,-10.8317878309795,245.190557247201,9.83450708094419,-1.2,-0.01,-0.7,379
4.82,243.242328751066,-10.8317878309795,245.262070065738,9.83450708094419,-1.2,-0.01,-0.7,379
4.83,243.150637111974,-10.8317878309795,245.311205334594,9.83450708094419,-1.2,-0.01,-0.7,379
4.838,243.089550864321,-9.2904494509302,245.333223114122,2.29935677144897,-1.2,-0.01,-0.7,379
4.84,243.076147487078,-9.2904494509302,245.336250062151,2.29935677144897,-1.2,-0.01,-0.7,379
4.85,243.02124206978,-9.2904494509302,245.336648348117,2.29935677144897,-1.2,-0.01,-0.7,379
4.86,242.987944306138,-9.2904494509302,245.314254856557,2.29935677144897,-1.2,-0.01,-0.7,379
4.87,242.977871263298,-9.2904494509302,245.272968477367,2.29935677144897,-1.2,-0.01,-0.7,379
4.88,242.992283165047,-9.2904494509302,245.216602159184,2.29935677144897,-1.2,-0.01,-0.7,379
4.89,243.032136832172,-9.2904494509302,245.148090654088,2.29935677144897,-1.2,-0.01,-0.7,379
4.897,243.075558017026,-1.72438014516848,245.094124498405,0.625196680552441,-1.2,-0.01,-0.7,379
4.9,243.098135942646,-1.72438014516848,245.069642851254,0.625196680552441,-1.2,-0.01,-0.7,379
4.91,243.190652871149,-1.72438014516848,244.983048636568,0.625196680552441,-1.2,-0.01,-0.7,379
4.92,243.309247695675,-1.72438014516848,244.890206387533,0.625196680552441,-1.2,-0.01,-0.7,379
4.93,243.452665679124,-1.72438014516848,244.793064536636,0.625196680552441,-1.2,-0.01,-0.7,379
4.94,243.619136187573,-1.72438014516848,244.693146375623,0.625196680552441,-1.2,-0.01,-0.7,379
4.95,243.806611105621,-1.72438014516848,244.591474553565,0.625196680552441,-1.2,-0.01,-0.7,379
4.956,243.928284740153,9.58087004918766,244.529932871572,-5.5159514989768,-1.2,-0.01,-0.7,379
4.96,244.012940915303,9.58087004918766,244.488749550227,-5.5159514989768,-1.2,-0.01,-0.7,379
4.97,244.235757050354,9.58087004918766,244.386056485927,-5.5159514989768,-1.2,-0.01,-0.7,379
4.98,244.471770044347,9.58087004918766,244.286138246684,-5.5159514989768,-1.2,-0.01,-0.7,379
4.99,244.716862650993,9.58087004918766,244.1929370853,-5.5159514989768,-1.2,-0.01,-0.7,379
5,244.966525001534,9.58087004918766,244.109758875541,-5.5159514989768,-1.2,-0.01,-0.7,379
5.01,245.21618290461,9.58087004918766,244.038825943416,-5.5159514989768,-1.2,-0.01,-0.7,379
5.015,245.339621826095,13.4644651287338,244.008446359335,-6.75207313914328,-1.2,-0.01,-0.7,379
5.02,245.461427788165,13.4644651287338,243.981655187994,-6.75207313914328,-1.2,-0.01,-0.7,379
5.03,245.698062068116,13.4644651287338,243.939386432377,-6.75207313914328,-1.2,-0.01,-0.7,379
5.04,245.921926552085,13.4644651287338,243.913230018155,-6.75207313914328,-1.2,-0.01,-0.7,379
5.05,246.128989958097,13.4644651287338,243.904444900348,-6.75207313914328,-1.2,-0.01,-0.7,379
5.06,246.315496298377,13.4644651287338,243.913994954272,-6.75207313914328,-1.2,-0.01,-0.7,379
5.07,246.478054023705,13.4644651287338,243.942497166425,-6.75207313914328,-1.2,-0.01,-0.7,379
5.074,246.535689103665,0.749199333939264,243.959298477917,-1.20761795969236,-1.2,-0.01,-0.7,379
5.08,246.613689844545,0.749199333939264,243.990350371266,-1.20761795969236,-1.2,-0.01,-0.7,379
5.09,246.720283690449,0.749199333939264,244.057138505,-1.20761795969236,-1.2,-0.01,-0.7,379
5.1,246.797356311606,0.749199333939264,244.140525346355,-1.20761795969236,-1.2,-0.01,-0.7,379
5.11,246.845813225234,0.749199333939264,244.236746364426,-1.20761795969236,-1.2,-0.01,-0.7,379
5.12,246.867478551241,0.749199333939264,244.342501909249,-1.20761795969236,-1.2,-0.01,-0.7,379
5.13,246.864731454647,0.749199333939264,244.455504091413,-1.20761795969236,-1.2,-0.01,-0.7,379
5.133,246.859540739111,0.749199333939264,244.490567492846,6.3155930043564,-1.2,-0.01,-0.7,379
5.14,246.840229210277,0.749199333939264,244.574116208252,6.3155930043564,-1.2,-0.01,-0.7,379
5.15,246.796702096271,0.749199333939264,244.696727882447,6.3155930043564,-1.2,-0.01,-0.7,379
5.16,246.736807098244,0.749199333939264,244.819978111825,6.3155930043564,-1.2,-0.01,-0.7,379
5.17,246.663029600878,0.749199333939264,244.938842802926,6.3155930043564,-1.2,-0.01,-0.7,379
5.18,246.577622849416,0.749199333939264,245.048972798414,6.3155930043564,-1.2,-0.01,-0.7,379
5.19,246.482576614167,0.749199333939264,245.147356470258,6.3155930043564,-1.2,-0.01,-0.7,379
5.192,246.462566478007,0.749199333939264,245.165435642457,6.6675342368801,-1.2,-0.01,-0.7,379
5.2,246.379607584297,0.749199333939264,245.231854956175,6.6675342368801,-1.2,-0.01,-0.7,379
5.21,246.270165284823,0.749199333939264,245.300983595513,6.6675342368801,-1.2,-0.01,-0.7,379
5.22,246.155448412866,0.749199333939264,245.35360479348,6.6675342368801,-1.2,-0.01,-0.7,379
5.23,246.036427665919,0.749199333939264,245.388817767053,6.6675342368801,-1.2,-0.01,-0.7,379
5.24,245.913871949892,0.749199333939264,245.405982170044,6.6675342368801,-1.2,-0.01,-0.7,379
5.25,245.788375722886,0.749199333939264,245.404680092567,6.6675342368801,-1.2,-0.01,-0.7,379
5.251,245.775682715871,0.749199333939264,245.403524017192,0.623419745221426,-1.2,-0.01,-0.7,379
5.256,245.711857808331,0.749199333939264,245.394918073428,0.623419745221426,-1.2,-0.01,-0.7,379
5.26,245.660385858757,0.749199333939264,245.384642638152,0.623419745221426,-1.2,-0.01,-0.7,379
5.27,245.530226940381,0.749199333939264,245.34628790935,0.623419745221426,-1.2,-0.01,-0.7,379
5.28,245.398124314665,0.749199333939264,245.291879153585,0.623419745221426,-1.2,-0.01,-0.7,379
5.29,245.264224538684,0.749199333939264,245.225175315846,0.623419745221426,-1.2,-0.01,-0.7,379
5.3,245.128613094164,0.749199333939264,245.149638435716,0.623419745221426,-1.2,-0.01,-0.7,379
5.31,244.991329404761,0.635923150720608,245.067819416529,0.623419745221426,-1.2,-0.01,-0.7,379
5.32,244.852379993567,0.635923150720608,244.981581969755,0.623419745221426,-1.2,-0.01,-0.7,379
5.33,244.7117554025,0.635923150720608,244.892219363496,0.623419745221426,-1.2,-0.01,-0.7,379
5.34,244.569442099483,0.635923150720608,244.800627806981,0.623419745221426,-1.2,-0.01,-0.7,379
5.35,244.425424909306,0.635923150720608,244.707417052973,0.623419745221426,-1.2,-0.01,-0.7,379
5.36,244.279688216218,0.635923150720608,244.613000512225,0.623419745221426,-1.2,-0.01,-0.7,379
5.369,244.147042431226,-10.2913189570387,244.527226048847,-5.55309146746879,-1.2,-0.01,-0.7,379
5.37,244.132216821133,-10.2913189570387,244.517654610613,-5.55309146746879,-1.2,-0.01,-0.7,379
5.375,244.057834959217,-10.2913189570387,244.469846926969,-5.55309146746879,-1.2,-0.01,-0.7,379
5.38,243.983092893221,-10.2913189570387,244.422179200674,-5.55309146746879,-1.2,-0.01,-0.7,379
5.39,243.833203732974,-10.2913189570387,244.329129045474,-5.55309146746879,-1.2,-0.01,-0.7,379
5.4,243.68450529834,-10.2913189570387,244.242362640649,-5.55309146746879,-1.2,-0.01,-0.7,379
5.41,243.539635993057,-10.2913189570387,244.165188889392,-5.55309146746879,-1.2,-0.01,-0.7,379
5.42,243.401583449257,-10.2913189570387,244.099875619794,-5.55309146746879,-1.2,-0.01,-0.7,379
5.428,243.298127522614,-11.3654277966292,244.057244959239,-6.08421206617961,-1.2,-0.01,-0.7,379
5.43,243.273438018127,-11.3654277966292,244.047991970471,-6.08421206617961,-1.2,-0.01,-0.7,379
5.44,243.158231051788,-11.3654277966292,244.010638883678,-6.08421206617961,-1.2,-0.01,-0.7,379
5.45,243.058890387054,-11.3654277966292,243.988746851859,-6.08421206617961,-1.2,-0.01,-0.7,379
5.46,242.978183494059,-11.3654277966292,243.983126756896,-6.08421206617961,-1.2,-0.01,-0.7,379
5.47,242.918641390116,-11.3654277966292,243.994368415123,-6.08421206617961,-1.2,-0.01,-0.7,379
5.48,242.882515412754,-11.3654277966292,244.022846646993,-6.08421206617961,-1.2,-0.01,-0.7,379
5.487,242.872218688784,-6.85880636050523,244.053168606046,-0.561976602085592,-1.2,-0.01,-0.7,379
5.49,242.871760413037,-6.85880636050523,244.068797718275,-0.561976602085592,-1.2,-0.01,-0.7,379
5.5,242.887963108965,-6.85880636050523,244.131722690708,-0.561976602085592,-1.2,-0.01,-0.7,379
5.51,242.932047139546,-6.85880636050523,244.209257029307,-0.561976602085592,-1.2,-0.01,-0.7,379
5.52,243.004275091589,-6.85880636050523,244.297635129385,-0.561976602085592,-1.2,-0.01,-0.7,379
5.53,243.104436745466,-6.85880636050523,244.393575799119,-0.561976602085592,-1.2,-0.01,-0.7,379
5.54,243.232004980299,-6.85880636050523,244.494815289765,-0.561976602085592,-1.2,-0.01,-0.7,379
5.546,243.321405805871,4.06145712193089,244.557404456509,6.0733705431874,-1.2,-0.01,-0.7,379
5.55,243.386255867872,4.06145712193089,244.599738031636,6.0733705431874,-1.2,-0.01,-0.7,379
5.56,243.56612628276,4.06145712193089,244.706778453218,6.0733705431874,-1.2,-0.01,-0.7,379
5.57,243.769526323459,4.06145712193089,244.812797390394,6.0733705431874,-1.2,-0.01,-0.7,379
5.58,243.993423183948,4.06145712193089,244.913209437401,6.0733705431874,-1.2,-0.01,-0.7,379
5.59,244.234259176587,4.06145712193089,245.004125366786,6.0733705431874,-1.2,-0.01,-0.7,379
5.6,244.488273201304,4.06145712193089,245.082899068042,6.0733705431874,-1.2,-0.01,-0.7,379
5.605,244.619050042305,15.6840802341229,245.117125173176,5.87289838806137,-1.2,-0.01,-0.7,379
5.61,244.751729744642,15.6840802341229,245.147662283784,5.87289838806137,-1.2,-0.01,-0.7,379
5.62,245.020758865109,15.6840802341229,245.197168827922,5.87289838806137,-1.2,-0.01,-0.7,379
5.63,245.290668010359,15.6840802341229,245.230635736782,5.87289838806137,-1.2,-0.01,-0.7,379
5.64,245.556134679341,15.6840802341229,245.247619633652,5.87289838806137,-1.2,-0.01,-0.7,379
5.65,245.811647281598,15.6840802341229,245.247856604386,5.87289838806137,-1.2,-0.01,-0.7,379
5.66,246.051823670475,15.6840802341229,245.231188273553,5.87289838806137,-1.2,-0.01,-0.7,379
5.664,246.142456440064,5.26496160732049,245.219767792903,0.621764821223105,-1.2,-0.01,-0.7,379
5.67,246.271633301329,5.26496160732049,245.197533417785,0.621764821223105,-1.2,-0.01,-0.7,379
5.68,246.466876643253,5.26496160732049,245.147387326716,0.621764821223105,-1.2,-0.01,-0.7,379
5.69,246.634906724131,5.26496160732049,245.082862157949,0.621764821223105,-1.2,-0.01,-0.7,379
5.7,246.774453432394,5.26496160732049,245.007358899797,0.621764821223105,-1.2,-0.01,-0.7,379
5.71,246.885252336062,5.26496160732049,244.923961211075,0.621764821223105,-1.2,-0.01,-0.7,379
5.72,246.967744338692,5.26496160732049,244.834912335087,0.621764821223105,-1.2,-0.01,-0.7,379
5.723,246.987099072787,0.745216346537645,244.807344361304,-1.89516681110032,-1.2,-0.01,-0.7,379
5.73,247.022844304725,0.745216346537645,244.741844357272,-1.89516681110032,-1.2,-0.01,-0.7,379
5.74,247.051937468494,0.745216346537645,244.646197970016,-1.89516681110032,-1.2,-0.01,-0.7,379
5.75,247.057001592074,0.745216346537645,244.549901439664,-1.89516681110032,-1.2,-0.01,-0.7,379
5.76,247.040398773971,0.745216346537645,244.455215352787,-1.89516681110032,-1.2,-0.01,-0.7,379
5.77,247.004651117634,0.745216346537645,244.363957312394,-1.89516681110032,-1.2,-0.01,-0.7,379
5.78,246.952277355612,0.745216346537645,244.277339248809,-1.89516681110032,-1.2,-0.01,-0.7,379
5.782,246.940021835869,0.745216346537645,244.260645878542,-6.75182697665952,-1.2,-0.01,-0.7,379
5.79,246.885679381468,0.745216346537645,244.196188063108,-6.75182697665952,-1.2,-0.01,-0.7,379
5.8,246.807068790482,0.745216346537645,244.121561080037,-6.75182697665952,-1.2,-0.01,-0.7,379
5.81,246.718424553578,0.745216346537645,244.055813215469,-6.75182697665952,-1.2,-0.01,-0.7,379
5.82,246.621474436081,0.745216346537645,244.002219693239,-6.75182697665952,-1.2,-0.01,-0.7,379
5.83,246.517693637185,0.745216346537645,243.963475362871,-6.75182697665952,-1.2,-0.01,-0.7,379
5.84,246.408315452546,0.745216346537645,243.941354467969,-6.75182697665952,-1.2,-0.01,-0.7,379
5.841,246.397110474308,0.745216346537645,243.940101675048,-4.45372987559906,-1.2,-0.01,-0.7,379
5.846,246.340430523397,0.745216346537645,243.936579343428,-4.45372987559906,-1.2,-0.01,-0.7,379
5.85,246.294349742417,0.745216346537645,243.937051437717,-4.45372987559906,-1.2,-0.01,-0.7,379
5.86,246.176605938074,0.745216346537645,243.951032040749,-4.45372987559906,-1.2,-0.01,-0.7,379
5.87,246.055718101164,0.745216346537645,243.982697493533,-4.45372987559906,-1.2,-0.01,-0.7,379
5.88,245.932170263785,0.745216346537645,244.03069911758,-4.45372987559906,-1.2,-0.01,-0.7,379
5.89,245.806320779979,0.745216346537645,244.093812054778,-4.45372987559906,-1.2,-0.01,-0.7,379
5.9,245.67842488341,0.745216346537645,244.171183288295,2.36765580027705,-1.2,-0.01,-0.7,379
5.91,245.548654971767,0.745216346537645,244.261578497934,2.36765580027705,-1.2,-0.01,-0.7,379
5.92,245.417118393478,0.745216346537645,244.361914959192,2.36765580027705,-1.2,-0.01,-0.7,379
5.93,245.283872696827,0.745216346537645,244.467538448809,2.36765580027705,-1.2,-0.01,-0.7,379
5.94,245.148938430372,0.745216346537645,244.574406021822,2.36765580027705,-1.2,-0.01,-0.7,379
5.95,245.0123096682,0.745216346537645,244.679712629296,2.36765580027705,-1.2,-0.01,-0.7,379
5.959,244.887875472987,-0.719624084342221,244.771482797537,7.46807751791804,-1.2,-0.01,-0.7,379
5.96,244.87396248502,-0.719624084342221,244.781461561068,7.46807751791804,-1.2,-0.01,-0.7,379
5.965,244.804134946641,-0.719624084342221,244.830472780905,7.46807751791804,-1.2,-0.01,-0.7,379
5.97,244.73387454696,-0.719624084342221,244.877936726936,7.46807751791804,-1.2,-0.01,-0.7,379
5.98,244.592125061323,-0.719624084342221,244.966321800959,7.46807751791804,-1.2,-0.01,-0.7,379
5.99,244.448933899366,-0.719624084342221,245.042781080279,7.46807751791804,-1.2,-0.01,-0.7,379
6,244.304612617115,-0.719624084342221,245.104161493604,7.46807751791804,-1.2,-0.01,-0.7,379
6.01,244.159521809145,-0.719624084342221,245.148352941848,7.46807751791804,-1.2,-0.01,-0.7,379
6.018,244.04314912787,-10.4252478294535,245.170312705697,3.33118681460894,-1.2,-0.01,-0.7,379
6.02,244.014039535559,-10.4252478294535,245.173877298189,3.33118681460894,-1.2,-0.01,-0.7,379
6.03,243.868658613472,-10.4252478294535,245.180104513056,3.33118681460894,-1.2,-0.01,-0.7,379
6.04,243.724633221335,-10.4252478294535,245.167950082329,3.33118681460894,-1.2,-0.01,-0.7,379
6.05,243.584108455847,-10.4252478294535,245.139589718814,3.33118681460894,-1.2,-0.01,-0.7,379
6.06,243.449764380838,-10.4252478294535,245.097088404796,3.33118681460894,-1.2,-0.01,-0.7,379
6.07,243.324526257382,-10.4252478294535,245.041970877304,3.33118681460894,-1.2,-0.01,-0.7,379
6.077,243.243865488799,-10.8458019886456,244.996517056643,0.574463179638286,-1.2,-0.01,-0.7,379
6.08,243.211353010105,-10.8458019886456,244.975388325189,0.574463179638286,-1.2,-0.01,-0.7,379
6.09,243.113096800774,-10.8458019886456,244.898496540827,0.574463179638286,-1.2,-0.01,-0.7,379
6.1,243.032435939994,-10.8458019886456,244.813131166552,0.574463179638286,-1.2,-0.01,-0.7,379
6.11,242.971820528768,-10.8458019886456,244.721614858888,0.574463179638286,-1.2,-0.01,-0.7,379
6.12,242.93343092119,-10.8458019886456,244.625881881243,0.574463179638286,-1.2,-0.01,-0.7,379
6.13,242.919161347635,-10.8458019886456,244.527260627931,0.574463179638286,-1.2,-0.01,-0.7,379
6.136,242.922858498667,-5.55757777995393,244.467104638119,-6.30067500832307,-1.2,-0.01,-0.7,379
6.14,242.930621144142,-5.55757777995393,244.42668356249,-6.30067500832307,-1.2,-0.01,-0.7,379
6.15,242.969035674155,-5.55757777995393,244.325456388109,-6.30067500832307,-1.2,-0.01,-0.7,379
6.16,243.034904615301,-5.55757777995393,244.226664149551,-6.30067500832307,-1.2,-0.01,-0.7,379
6.17,243.128048431262,-5.55757777995393,244.13470592645,-6.30067500832307,-1.2,-0.01,-0.7,379
6.18,243.247823659859,-5.55757777995393,244.053343271482,-6.30067500832307,-1.2,-0.01,-0.7,379
6.19,243.393295327914,-5.55757777995393,243.985175939044,-6.30067500832307,-1.2,-0.01,-0.7,379
6.195,243.475328705931,5.46744973794662,243.956625692251,-6.6889297302882,-1.2,-0.01,-0.7,379
6.2,243.56336492867,5.46744973794662,243.932000853167,-6.6889297302882,-1.2,-0.01,-0.7,379
6.21,243.75656738974,5.46744973794662,243.895054171189,-6.6889297302882,-1.2,-0.01,-0.7,379
6.22,243.970397071802,5.46744973794662,243.875301121344,-6.6889297302882,-1.2,-0.01,-0.7,379
6.23,244.20147684801,5.46744973794662,243.873518509003,-6.6889297302882,-1.2,-0.01,-0.7,379
6.24,244.44597394439,5.46744973794662,243.890254580664,-6.6889297302882,-1.2,-0.01,-0.7,379
6.25,244.699913670052,5.46744973794662,243.925855194878,-6.6889297302882,-1.2,-0.01,-0.7,379
6.254,244.803255171932,16.2603904345745,243.945428119207,-0.779305104091817,-1.2,-0.01,-0.7,379
6.26,244.959395982599,16.2603904345745,243.980534672006,-0.779305104091817,-1.2,-0.01,-0.7,379
6.27,245.220381276403,16.2603904345745,244.053744220889,-0.779305104091817,-1.2,-0.01,-0.7,379
6.28,245.478092305525,16.2603904345745,244.142972272513,-0.779305104091817,-1.2,-0.01,-0.7,379
6.29,245.727264587749,16.2603904345745,244.24422285032,-0.779305104091817,-1.2,-0.01,-0.7,379
6.3,245.962544204897,16.2603904345745,244.354004507415,-0.779305104091817,-1.2,-0.01,-0.7,379
6.31,246.178768714274,16.2603904345745,244.46990425948,-0.779305104091817,-1.2,-0.01,-0.7,379
6.313,246.239192692195,3.07556905468329,244.505603769207,6.67128781970593,-1.2,-0.01,-0.7,379
6.32,246.371170668343,3.07556905468329,244.590200223004,6.67128781970593,-1.2,-0.01,-0.7,379
6.33,246.536012567914,3.07556905468329,244.713247804071,6.67128781970593,-1.2,-0.01,-0.7,379
6.34,246.671391314938,3.07556905468329,244.835697444696,6.67128781970593,-1.2,-0.01,-0.7,379
6.35,246.776930967166,3.07556905468329,244.952561973355,6.67128781970593,-1.2,-0.01,-0.7,379
6.36,246.853325350805,3.07556905468329,245.059542514302,6.67128781970593,-1.2,-0.01,-0.7,379
6.37,246.901976596657,3.07556905468329,245.153673461803,6.67128781970593,-1.2,-0.01,-0.7,379
6.372,246.908533757741,0.741308382692695,245.170772757681,6.48383781567503,-1.2,-0.01,-0.7,379
6.38,246.924720147049,0.741308382692695,245.232851551986,6.48383781567503,-1.2,-0.01,-0.7,379
6.39,246.92372075521,0.741308382692695,245.295662784182,6.48383781567503,-1.2,-0.01,-0.7,379
6.4,246.901434306722,0.741308382692695,245.341201523141,6.48383781567503,-1.2,-0.01,-0.7,379
6.41,246.860431238753,0.741308382692695,245.368932863678,6.48383781567503,-1.2,-0.01,-0.7,379
6.42,246.803244837191,0.741308382692695,245.378526100806,6.48383781567503,-1.2,-0.01,-0.7,379
6.43,246.732267428614,0.741308382692695,245.36977488621,6.48383781567503,-1.2,-0.01,-0.7,379
6.431,246.724497357117,0.741308382692695,245.367886247983,0.618119823216035,-1.2,-0.01,-0.7,379
6.436,246.683980394171,0.741308382692695,245.355667928734,0.618119823216035,-1.2,-0.01,-0.7,379
6.44,246.649684705861,0.741308382692695,245.342563119602,0.618119823216035,-1.2,-0.01,-0.7,379
6.45,246.557439678073,0.741308382692695,245.297409203589,0.618119823216035,-1.2,-0.01,-0.7,379
6.46,246.457218767659,0.741308382692695,245.236608932132,0.618119823216035,-1.2,-0.01,-0.7,379
6.47,246.350454042866,0.741308382692695,245.163885574616,0.618119823216035,-1.2,-0.01,-0.7,379
6.48,246.238336406652,0.741308382692695,245.082638528478,0.618119823216035,-1.2,-0.01,-0.7,379
6.49,246.121835782512,0.741308382692695,244.99535515071,0.557437622659736,-1.2,-0.01,-0.7,379
6.5,246.001725187849,0.741308382692695,244.90385351099,0.557437622659736,-1.2,-0.01,-0.7,379
6.51,245.878606376669,0.741308382692695,244.809415136252,0.557437622659736,-1.2,-0.01,-0.7,379
6.52,245.75293538241,0.741308382692695,244.712950026959,0.557437622659736,-1.2,-0.01,-0.7,379
6.53,245.625046816755,0.741308382692695,244.615083336859,0.557437622659736,-1.2,-0.01,-0.7,379
6.54,245.495176194498,0.741308382692695,244.516237767724,0.557437622659736,-1.2,-0.01,-0.7,379
6.549,245.376728553497,0.741308382692695,244.426676320679,-6.8169082988964,-1.2,-0.01,-0.7,379
6.55,245.363479873291,0.741308382692695,244.416695861443,-6.8169082988964,-1.2,-0.01,-0.7,379
6.555,245.296978622742,0.741308382692695,244.36689872145,-6.8169082988964,-1.2,-0.01,-0.7,379
6.56,245.230052433177,0.741308382692695,244.317341081174,-6.8169082988964,-1.2,-0.01,-0.7,379
6.57,245.094941494765,0.741308382692695,244.221076284588,-6.8169082988964,-1.2,-0.01,-0.7,379
6.58,244.958160095741,0.741308382692695,244.132328633748,-6.8169082988964,-1.2,-0.01,-0.7,379
6.59,244.819696808583,0.741308382692695,244.05496303244,-6.8169082988964,-1.2,-0.01,-0.7,379
6.6,244.679523843825,0.741308382692695,243.991689570307,-6.8169082988964,-1.2,-0.01,-0.7,379
6.608,244.566129301405,-4.92695491353144,243.952518528904,-6.26479986289285,-1.2,-0.01,-0.7,379
6.61,244.537603448474,-4.92695491353144,243.944399120863,-6.26479986289285,-1.2,-0.01,-0.7,379
6.62,244.393962779861,-4.92695491353144,243.914275788093,-6.26479986289285,-1.2,-0.01,-0.7,379
6.63,244.24908410993,-4.92695491353144,243.901891980656,-6.26479986289285,-1.2,-0.01,-0.7,379
6.64,244.103988854487,-4.92695491353144,243.907395746344,-6.26479986289285,-1.2,-0.01,-0.7,379
6.65,243.960034936218,-4.92695491353144,243.930800923791,-6.26479986289285,-1.2,-0.01,-0.7,379
6.66,243.818750355616,-4.92695491353144,243.972097898768,-6.26479986289285,-1.2,-0.01,-0.7,379
6.667,243.72228388299,-10.8039322446619,244.011634968583,0.132504257726503,-1.2,-0.01,-0.7,379
6.67,243.681710766746,-10.8039322446619,244.03125618335,0.132504257726503,-1.2,-0.01,-0.7,379
6.68,243.550550708878,-10.8039322446619,244.107556499703,0.132504257726503,-1.2,-0.01,-0.7,379
6.69,243.427316337367,-10.8039322446619,244.198267732282,0.132504257726503,-1.2,-0.01,-0.7,379
6.7,243.314458138444,-10.8039322446619,244.299098137696,0.132504257726503,-1.2,-0.01,-0.7,379
6.71,243.21459856684,-10.8039322446619,244.406308517168,0.132504257726503,-1.2,-0.01,-0.7,379
6.72,243.130357114885,-10.8039322446619,244.517322633872,0.132504257726503,-1.2,-0.01,-0.7,379
6.726,243.088355042546,-9.07486503485554,244.584964702781,6.92075250108333,-1.2,-0.01,-0.7,379
6.73,243.064229688724,-9.07486503485554,244.630306838169,6.92075250108333,-1.2,-0.01,-0.7,379
6.74,243.018474251844,-9.07486503485554,244.74358144262,6.92075250108333,-1.2,-0.01,-0.7,379
6.75,242.994947574324,-9.07486503485554,244.853932245387,6.92075250108333,-1.2,-0.01,-0.7,379
6.76,242.995093760637,-9.07486503485554,244.956681483884,6.92075250108333,-1.2,-0.01,-0.7,379
6.77,243.020005646178,-9.07486503485554,245.047864280259,6.92075250108333,-1.2,-0.01,-0.7,379
6.78,243.070484155893,-9.07486503485554,245.12478127675,6.92075250108333,-1.2,-0.01,-0.7,379
6.785,243.105494819285,-1.33088225756938,245.157270616131,5.54048039564932,-1.2,-0.01,-0.7,379
6.79,243.147089473965,-1.33088225756938,245.185526914936,5.54048039564932,-1.2,-0.01,-0.7,379
6.8,243.249978064282,-1.33088225756938,245.228929820968,5.54048039564932,-1.2,-0.01,-0.7,379
6.81,243.378424282295,-1.33088225756938,245.254652016471,5.54048039564932,-1.2,-0.01,-0.7,379
6.82,243.530942076662,-1.33088225756938,245.263000775063,5.54048039564932,-1.2,-0.01,-0.7,379
6.83,243.705583626155,-1.33088225756938,245.254364399848,5.54048039564932,-1.2,-0.01,-0.7,379
6.84,243.900169096551,-1.33088225756938,245.22903785509,5.54048039564932,-1.2,-0.01,-0.7,379
6.844,243.98308446752,9.92983485119774,245.214290676823,0.616332801522313,-1.2,-0.01,-0.7,379
6.85,244.112447531339,9.92983485119774,245.187269427741,0.616332801522313,-1.2,-0.01,-0.7,379
6.86,244.339836257596,9.92983485119774,245.129770491107,0.616332801522313,-1.2,-0.01,-0.7,379
6.87,244.578779071186,9.92983485119774,245.05872829872,0.616332801522313,-1.2,-0.01,-0.7,379
6.88,244.824997476321,9.92983485119774,244.977480191395,0.616332801522313,-1.2,-0.01,-0.7,379
6.89,245.073907202677,9.92983485119774,244.888992788476,0.616332801522313,-1.2,-0.01,-0.7,379
6.9,245.320923879572,9.92983485119774,244.79539044614,0.616332801522313,-1.2,-0.01,-0.7,379
6.903,245.393997890248,12.8025524756221,244.766545759578,-2.43360835978217,-1.2,-0.01,-0.7,379
6.91,245.561671258884,12.8025524756221,244.698202527501,-2.43360835978217,-1.2,-0.01,-0.7,379
6.92,245.792001679609,12.8025524756221,244.598845190001,-2.43360835978217,-1.2,-0.01,-0.7,379
6.93,246.007906918539,12.8025524756221,244.499403282353,-2.43360835978217,-1.2,-0.01,-0.7,379
6.94,246.20562161088,12.8025524756221,244.402424488095,-2.43360835978217,-1.2,-0.01,-0.7,379
6.95,246.381722817975,12.8025524756221,244.309970838488,-2.43360835978217,-1.2,-0.01,-0.7,379
6.96,246.533182099222,12.8025524756221,244.223412675306,-2.43360835978217,-1.2,-0.01,-0.7,379
6.962,246.560279411138,0.737452937725804,244.206891427129,-6.97550188010347,-1.2,-0.01,-0.7,379
6.97,246.657412409421,0.737452937725804,244.143682763894,-6.97550188010347,-1.2,-0.01,-0.7,379
6.98,246.752822408629,0.737452937725804,244.071878473605,-6.97550188010347,-1.2,-0.01,-0.7,379
6.99,246.819401510999,0.737452937725804,244.010285558724,-6.97550188010347,-1.2,-0.01,-0.7,379
7,246.858351246166,0.737452937725804,243.962026078943,-6.97550188010347,-1.2,-0.01,-0.7,379
7.01,246.871658298465,0.737452937725804,243.929649415367,-6.97550188010347,-1.2,-0.01,-0.7,379
7.02,246.861764586493,0.737452937725804,243.914822260792,-6.97550188010347,-1.2,-0.01,-0.7,379
7.021,246.85960040846,0.737452937725804,243.914346906462,-4.15792377714075,-1.2,-0.01,-0.7,379
7.026,246.845790757836,0.737452937725804,243.914834083329,-4.15792377714075,-1.2,-0.01,-0.7,379
7.03,246.831317817976,0.737452937725804,243.918660563044,-4.15792377714075,-1.2,-0.01,-0.7,379
7.04,246.782988714562,0.737452937725804,243.941508758372,-4.15792377714075,-1.2,-0.01,-0.7,379
7.05,246.719342577889,0.737452937725804,243.982484797463,-4.15792377714075,-1.2,-0.01,-0.7,379
7.06,246.642754944655,0.737452937725804,244.039838921218,-4.15792377714075,-1.2,-0.01,-0.7,379
7.07,246.555361630138,0.737452937725804,244.11200442956,-4.15792377714075,-1.2,-0.01,-0.7,379
7.08,246.459035108515,0.737452937725804,244.197893046777,3.01666499977087,-1.2,-0.01,-0.7,379
7.09,246.355380256573,0.737452937725804,244.296120571858,3.01666499977087,-1.2,-0.01,-0.7,379
7.1,246.245743704397,0.737452937725804,244.40345815152,3.01666499977087,-1.2,-0.01,-0.7,379
7.11,246.131232157037,0.737452937725804,244.515047427337,3.01666499977087,-1.2,-0.01,-0.7,379
7.12,246.012736059361,0.737452937725804,244.626652885249,3.01666499977087,-1.2,-0.01,-0.7,379
7.13,245.890955851485,0.737452937725804,244.735321630406,3.01666499977087,-1.2,-0.01,-0.7,379
7.139,245.778992747756,0.737452937725804,244.828851838405,7.89518732220081,-1.2,-0.01,-0.7,379
7.14,245.766428798367,0.737452937725804,244.838949796714,7.89518732220081,-1.2,-0.01,-0.7,379
7.145,245.703264911252,0.737452937725804,244.888325005511,7.89518732220081,-1.2,-0.01,-0.7,379
7.15,245.639554978948,0.737452937725804,244.935765335833,7.89518732220081,-1.2,-0.01,-0.7,379
7.16,245.510621499187,0.737452937725804,245.022980691817,7.89518732220081,-1.2,-0.01,-0.7,379
7.17,245.379824374098,0.737452937725804,245.09685833218,7.89518732220081,-1.2,-0.01,-0.7,379
7.18,245.247287791142,0.737452937725804,245.15433985451,7.89518732220081,-1.2,-0.01,-0.7,379
7.19,245.113080690117,0.737452937725804,245.1933800127,7.89518732220081,-1.2,-0.01,-0.7,379
7.198,245.004531905016,0.737452937725804,245.210349149831,2.64508378237309,-1.2,-0.01,-0.7,379
7.2,244.977230731329,0.737452937725804,245.212547383805,2.64508378237309,-1.2,-0.01,-0.7,379
7.21,244.839735820023,0.737452937725804,245.21133498118,2.64508378237309,-1.2,-0.01,-0.7,379
7.22,244.700573424323,0.737452937725804,245.191066066014,2.64508378237309,-1.2,-0.01,-0.7,379
7.23,244.559707935738,0.737452937725804,245.154576178977,2.64508378237309,-1.2,-0.01,-0.7,379
7.24,244.417096348582,0.737452937725804,245.104562965102,2.64508378237309,-1.2,-0.01,-0.7,379
7.25,244.27269251727,0.737452937725804,245.043040526508,2.64508378237309,-1.2,-0.01,-0.7,379
7.257,244.170518641886,-10.0992289408257,244.993961709596,0.5356256915275,-1.2,-0.01,-0.7,379
7.26,244.126450799521,-10.0992289408257,244.971522097664,0.5356256915275,-1.2,-0.01,-0.7,379
7.27,243.978509203944,-10.0992289408257,244.891349033311,0.5356256915275,-1.2,-0.01,-0.7,379
7.28,243.829949678867,-10.0992289408257,244.804262710824,0.5356256915275,-1.2,-0.01,-0.7,379
7.29,243.68285302573,-10.0992289408257,244.712276847087,0.5356256915275,-1.2,-0.01,-0.7,379
7.3,243.539906181061,-10.0992289408257,244.617025301902,0.5356256915275,-1.2,-0.01,-0.7,379
7.31,243.404090403778,-10.0992289408257,244.519618918326,0.5356256915275,-1.2,-0.01,-0.7,379
7.316,243.32729367646,-11.2746480410984,244.460474878506,-6.36242611040929,-1.2,-0.01,-0.7,379
7.32,243.278452277852,-11.2746480410984,244.420830151018,-6.36242611040929,-1.2,-0.01,-0.7,379
7.33,243.165968105295,-11.2746480410984,244.321850927189,-6.36242611040929,-1.2,-0.01,-0.7,379
7.34,243.06951891999,-11.2746480410984,244.22568913217,-6.36242611040929,-1.2,-0.01,-0.7,379
7.35,242.991821805438,-11.2746480410984,244.136693640116,-6.36242611040929,-1.2,-0.01,-0.7,379
7.36,242.935355923662,-11.2746480410984,244.058582937981,-6.36242611040929,-1.2,-0.01,-0.7,379
7.37,242.90232218201,-11.2746480410984,243.993920490445,-6.36242611040929,-1.2,-0.01,-0.7,379
7.375,242.895200048103,-6.91631786901497,243.967209003486,-6.47746569637829,-1.2,-0.01,-0.7,379
7.38,242.89462687177,-6.91631786901497,243.944476688806,-6.47746569637829,-1.2,-0.01,-0.7,379
7.39,242.913766598901,-6.91631786901497,243.911433524734,-6.47746569637829,-1.2,-0.01,-0.7,379
7.4,242.960552490754,-6.91631786901497,243.895615705031,-6.47746569637829,-1.2,-0.01,-0.7,379
7.41,243.035183815347,-6.91631786901497,243.897600105341,-6.47746569637829,-1.2,-0.01,-0.7,379
7.42,243.137427558813,-6.91631786901497,243.917768692102,-6.47746569637829,-1.2,-0.01,-0.7,379
7.43,243.266762804496,-6.91631786901497,243.95635685902,-6.47746569637829,-1.2,-0.01,-0.7,379
7.434,243.325930360654,3.83621088824819,243.976982515415,-0.498082915780061,-1.2,-0.01,-0.7,379
7.44,243.422484751168,3.83621088824819,244.013503117583,-0.498082915780061,-1.2,-0.01,-0.7,379
7.45,243.603429332685,3.83621088824819,244.088610898921,-0.498082915780061,-1.2,-0.01,-0.7,379
7.46,243.807351787043,3.83621088824819,244.179124092169,-0.498082915780061,-1.2,-0.01,-0.7,379
7.47,244.03116033809,3.83621088824819,244.280995657555,-0.498082915780061,-1.2,-0.01,-0.7,379
7.48,244.271313112404,3.83621088824819,244.390693547327,-0.498082915780061,-1.2,-0.01,-0.7,379
7.49,244.524116278252,3.83621088824819,244.505778206458,-0.498082915780061,-1.2,-0.01,-0.7,379
7.493,244.601876767691,15.3943464373017,244.541087816512,6.75505770279395,-1.2,-0.01,-0.7,379
7.5,244.785921716935,15.3943464373017,244.624509738825,6.75505770279395,-1.2,-0.01,-0.7,379
7.51,245.052803456692,15.3943464373017,244.745240006955,6.75505770279395,-1.2,-0.01,-0.7,379
7.52,245.319971168876,15.3943464373017,244.864659970834,6.75505770279395,-1.2,-0.01,-0.7,379
7.53,245.582097314414,15.3943464373017,244.977873065881,6.75505770279395,-1.2,-0.01,-0.7,379
7.54,245.833732683399,15.3943464373017,245.080679254937,6.75505770279395,-1.2,-0.01,-0.7,379
7.55,246.0696009438,15.3943464373017,245.170192622511,6.75505770279395,-1.2,-0.01,-0.7,379
7.552,246.114442592199,5.45700819777035,245.186320347518,6.05742762705439,-1.2,-0.01,-0.7,379
7.56,246.284818415153,5.45700819777035,245.244369152802,6.05742762705439,-1.2,-0.01,-0.7,379
7.57,246.475474802822,5.45700819777035,245.301880009133,6.05742762705439,-1.2,-0.01,-0.7,379
7.58,246.639188921024,5.45700819777035,245.342050136642,6.05742762705439,-1.2,-0.01,-0.7,379
7.59,246.774837566923,5.45700819777035,245.364696944978,6.05742762705439,-1.2,-0.01,-0.7,379
7.6,246.882214044146,5.45700819777035,245.369789179571,6.05742762705439,-1.2,-0.01,-0.7,379
7.61,246.961753027673,5.45700819777035,245.357327080867,6.05742762705439,-1.2,-0.01,-0.7,379
7.611,246.968206215031,0.733512221227733,245.355116325142,0.612706806014414,-1.2,-0.01,-0.7,379
7.616,246.996460969202,0.733512221227733,245.341437387162,0.612706806014414,-1.2,-0.01,-0.7,379
7.62,247.014331270113,0.733512221227733,245.327344045556,0.612706806014414,-1.2,-0.01,-0.7,379
7.63,247.041349860258,0.733512221227733,245.280435766572,0.612706806014414,-1.2,-0.01,-0.7,379
7.64,247.044808208517,0.733512221227733,245.218845521417,0.612706806014414,-1.2,-0.01,-0.7,379
7.65,247.027063999735,0.733512221227733,245.146122710662,0.612706806014414,-1.2,-0.01,-0.7,379
7.66,246.990616792773,0.733512221227733,245.065470062818,0.612706806014414,-1.2,-0.01,-0.7,379
7.67,246.937951159188,0.733512221227733,244.979208042256,0.341072212307279,-1.2,-0.01,-0.7,379
7.68,246.87142830622,0.733512221227733,244.889054678013,0.341072212307279,-1.2,-0.01,-0.7,379
7.69,246.793216435646,0.733512221227733,244.796301158672,0.341072212307279,-1.2,-0.01,-0.7,379
7.7,246.705251277875,0.733512221227733,244.701945282872,0.341072212307279,-1.2,-0.01,-0.7,379
7.71,246.609219418545,0.733512221227733,244.606696083699,0.341072212307279,-1.2,-0.01,-0.7,379
7.72,246.506558199791,0.733512221227733,244.511031424936,0.341072212307279,-1.2,-0.01,-0.7,379
7.729,246.409490991422,0.733512221227733,244.424846746638,-6.65465727939205,-1.2,-0.01,-0.7,379
7.73,246.398467093542,0.733512221227733,244.415272308917,-6.65465727939205,-1.2,-0.01,-0.7,379
7.735,246.342699647434,0.733512221227733,244.367594444095,-6.65465727939205,-1.2,-0.01,-0.7,379
7.74,246.285926477666,0.733512221227733,244.320303589195,-6.65465727939205,-1.2,-0.01,-0.7,379
7.75,246.16972064502,0.733512221227733,244.228939549902,-6.65465727939205,-1.2,-0.01,-0.7,379
7.76,246.050462673441,0.733512221227733,244.145436155511,-6.65465727939205,-1.2,-0.01,-0.7,379
7.77,245.928619438527,0.733512221227733,244.073473637335,-6.65465727939205,-1.2,-0.01,-0.7,379
7.78,245.804535564646,0.733512221227733,244.015604630443,-6.65465727939205,-1.2,-0.01,-0.7,379
7.788,245.703822352832,0.733512221227733,243.980676479007,-5.88064976146192,-1.2,-0.01,-0.7,379
7.79,245.678455549443,0.733512221227733,243.973600990701,-5.88064976146192,-1.2,-0.01,-0.7,379
7.8,245.550543609836,0.733512221227733,243.948532454853,-5.88064976146192,-1.2,-0.01,-0.7,379
7.81,245.420901053428,0.733512221227733,243.94080683062,-5.88064976146192,-1.2,-0.01,-0.7,379
7.82,245.2895811393,0.733512221227733,243.95037249239,-5.88064976146192,-1.2,-0.01,-0.7,379
7.83,245.156601532042,0.733512221227733,243.977080904784,-5.88064976146192,-1.2,-0.01,-0.7,379
7.84,245.021954523396,0.733512221227733,244.020813085431,-5.88064976146192,-1.2,-0.01,-0.7,379
7.847,244.926696684595,-0.224152109515212,244.061496340638,0.444429120493357,-1.2,-0.01,-0.7,379
7.85,244.885615296314,-0.224152109515212,244.081462738817,0.444429120493357,-1.2,-0.01,-0.7,379
7.86,244.747564373311,-0.224152109515212,244.158275300049,0.444429120493357,-1.2,-0.01,-0.7,379
7.87,244.607859626011,-0.224152109515212,244.248523854496,0.444429120493357,-1.2,-0.01,-0.7,379
7.88,244.466644732288,-0.224152109515212,244.347944877811,0.444429120493357,-1.2,-0.01,-0.7,379
7.89,244.32411711566,-0.224152109515212,244.45283160185,0.444429120493357,-1.2,-0.01,-0.7,379
7.9,244.18050227218,-0.224152109515212,244.560632698848,0.444429120493357,-1.2,-0.01,-0.7,379
7.906,244.09390913715,-10.2343702870787,244.625928042162,6.85896103712213,-1.2,-0.01,-0.7,379
7.91,244.036036394228,-10.2343702870787,244.669533033736,6.85896103712213,-1.2,-0.01,-0.7,379
7.92,243.891171424489,-10.2343702870787,244.777874866357,6.85896103712213,-1.2,-0.01,-0.7,379
7.93,243.74726677101,-10.2343702870787,244.882540416745,6.85896103712213,-1.2,-0.01,-0.7,379
7.94,243.606546269783,-10.2343702870787,244.979040492404,6.85896103712213,-1.2,-0.01,-0.7,379
7.95,243.471733965954,-10.2343702870787,245.063598454153,6.85896103712213,-1.2,-0.01,-0.7,379
7.96,243.345773147746,-10.2343702870787,245.133658237361,6.85896103712213,-1.2,-0.01,-0.7,379
7.965,243.28704015325,-10.8956392803132,245.162665768914,5.04912125050018,-1.2,-0.01,-0.7,379
7.97,243.231622327696,-10.8956392803132,245.187419246508,5.04912125050018,-1.2,-0.01,-0.7,379
7.98,243.132131915318,-10.8956392803132,245.223822129429,5.04912125050018,-1.2,-0.01,-0.7,379
7.99,243.049997201572,-10.8956392803132,245.242748534199,5.04912125050018,-1.2,-0.01,-0.7,379
8,242.987697792885,-10.8956392803132,245.244818145917,5.04912125050018,-1.2,-0.01,-0.7,379
8.01,242.947450480641,-10.8956392803132,245.23069005101,5.04912125050018,-1.2,-0.01,-0.7,379
8.02,242.931188990123,-10.8956392803132,245.200852538102,5.04912125050018,-1.2,-0.01,-0.7,379
8.024,242.93177931701,-5.96490016127603,245.184608302066,0.610979377848328,-1.2,-0.01,-0.7,379
8.03,242.940559323692,-5.96490016127603,245.155695399117,0.610979377848328,-1.2,-0.01,-0.7,379
8.04,242.976767310986,-5.96490016127603,245.095991040248,0.610979377848328,-1.2,-0.01,-0.7,379
8.05,243.040288207864,-5.96490016127603,245.023831184921,0.610979377848328,-1.2,-0.01,-0.7,379
8.06,243.130981783653,-5.96490016127603,244.942322205077,0.610979377848328,-1.2,-0.01,-0.7,379
8.07,243.248288744209,-5.96490016127603,244.854194597508,0.610979377848328,-1.2,-0.01,-0.7,379
8.08,243.391385562645,-5.96490016127603,244.761387297156,0.610979377848328,-1.2,-0.01,-0.7,379
8.083,243.439200924035,4.87800094552611,244.73284498557,-2.87924240388717,-1.2,-0.01,-0.7,379
8.09,243.559287386333,4.87800094552611,244.665290976107,-2.87924240388717,-1.2,-0.01,-0.7,379
8.1,243.750500251422,4.87800094552611,244.567266836214,-2.87924240388717,-1.2,-0.01,-0.7,379
8.11,243.96245264305,4.87800094552611,244.469503184222,-2.87924240388717,-1.2,-0.01,-0.7,379
8.12,244.191790398383,4.87800094552611,244.374767683941,-2.87924240388717,-1.2,-0.01,-0.7,379
8.13,244.434767194889,4.87800094552611,244.285318361431,-2.87924240388717,-1.2,-0.01,-0.7,379
8.14,244.687534931868,4.87800094552611,244.202658264983,-2.87924240388717,-1.2,-0.01,-0.7,379
8.142,244.738930410559,15.8370184350098,244.187031995234,-6.84048719230076,-1.2,-0.01,-0.7,379
8.15,244.946323191516,15.8370184350098,244.127811577302,-6.84048719230076,-1.2,-0.01,-0.7,379
8.16,245.207058408797,15.8370184350098,244.061883465262,-6.84048719230076,-1.2,-0.01,-0.7,379
8.17,245.464884404669,15.8370184350098,244.006988035549,-6.84048719230076,-1.2,-0.01,-0.7,379
8.18,245.714519196356,15.8370184350098,243.965945969301,-6.84048719230076,-1.2,-0.01,-0.7,379
8.19,245.950635480144,15.8370184350098,243.941045190517,-6.84048719230076,-1.2,-0.01,-0.7,379
8.2,246.168126222633,15.8370184350098,243.933774006588,-6.84048719230076,-1.2,-0.01,-0.7,379
8.201,246.188665346683,3.82706438656396,243.934054068055,-3.67022604739528,-1.2,-0.01,-0.7,379
8.20600000000001,246.287704112375,3.82706438656396,243.938304557697,-3.67022604739528,-1.2,-0.01,-0.7,379
8.21,246.362324399695,3.82706438656396,243.945125168176,-3.67022604739528,-1.2,-0.01,-0.7,379
8.22,246.529739021846,3.82706438656396,243.975318601612,-3.67022604739528,-1.2,-0.01,-0.7,379
8.23,246.668601982445,3.82706438656396,244.023254724842,-3.67022604739528,-1.2,-0.01,-0.7,379
8.24,246.778493578677,3.82706438656396,244.086894909088,-3.67022604739528,-1.2,-0.01,-0.7,379
8.25,246.859942218884,3.82706438656396,244.164428621356,-3.67022604739528,-1.2,-0.01,-0.7,379
8.26,246.914107589447,0.729628579637427,244.254599331528,3.51831179213895,-1.2,-0.01,-0.7,379
8.27,246.942552600816,0.729628579637427,244.355928525957,3.51831179213895,-1.2,-0.01,-0.7,379
8.28,246.9472388227,0.729628579637427,244.465145498504,3.51831179213895,-1.2,-0.01,-0.7,379
8.29,246.930492245923,0.729628579637427,244.577362248235,3.51831179213895,-1.2,-0.01,-0.7,379
8.3,246.894801380058,0.729628579637427,244.688323030856,3.51831179213895,-1.2,-0.01,-0.7,379
8.31,246.842654600924,0.729628579637427,244.7950588304,3.51831179213895,-1.2,-0.01,-0.7,379
8.319,246.783619379239,0.729628579637427,244.885738486712,7.96025126650041,-1.2,-0.01,-0.7,379
8.32,246.776427062249,0.729628579637427,244.895454494307,7.96025126650041,-1.2,-0.01,-0.7,379
8.325,246.738725557869,0.729628579637427,244.942728917704,7.96025126650041,-1.2,-0.01,-0.7,379
8.33,246.698307324959,0.729628579637427,244.987751621718,7.96025126650041,-1.2,-0.01,-0.7,379
8.34,246.610254991131,0.729628579637427,245.069294785103,7.96025126650041,-1.2,-0.01,-0.7,379
8.35,246.51398182871,0.729628579637427,245.136593459518,7.96025126650041,-1.2,-0.01,-0.7,379
8.36,246.410950136096,0.729628579637427,245.186810125944,7.96025126650041,-1.2,-0.01,-0.7,379
8.37,246.302383033712,0.729628579637427,245.218052290443,7.96025126650041,-1.2,-0.01,-0.7,379
8.378,246.212224088533,0.729628579637427,245.228474515216,1.96485106938839,-1.2,-0.01,-0.7,379
8.38,246.189282556568,0.729628579637427,245.228998089938,1.96485106938839,-1.2,-0.01,-0.7,379
8.39,246.07245229172,0.729628579637427,245.219277675122,1.96485106938839,-1.2,-0.01,-0.7,379
8.4,245.952522093476,0.729628579637427,245.190517493193,1.96485106938839,-1.2,-0.01,-0.7,379
8.41,245.829973108426,0.729628579637427,245.146008771705,1.96485106938839,-1.2,-0.01,-0.7,379
8.42,245.705161849896,0.729628579637427,245.088895951837,1.96485106938839,-1.2,-0.01,-0.7,379
8.43,245.578342516236,0.729628579637427,245.021548694221,1.96485106938839,-1.2,-0.01,-0.7,379
8.437,245.488469028782,0.729628579637427,244.969295863143,0.208074662761355,-1.2,-0.01,-0.7,379
8.44,245.449687073736,0.729628579637427,244.945742839042,0.208074662761355,-1.2,-0.01,-0.7,379
8.45,245.319302873675,0.729628579637427,244.862963745357,0.208074662761355,-1.2,-0.01,-0.7,379
8.46,245.187247769916,0.729628579637427,244.77492488848,0.208074662761355,-1.2,-0.01,-0.7,379
8.47,245.053542809705,0.729628579637427,244.68348368895,0.208074662761355,-1.2,-0.01,-0.7,379
8.48,244.918182676711,0.729628579637427,244.590118642765,0.208074662761355,-1.2,-0.01,-0.7,379
8.49,244.781144102721,0.729628579637427,244.495828731996,0.208074662761355,-1.2,-0.01,-0.7,379
8.496,244.69810122474,-3.21449982664049,244.439109133095,-6.35423219371467,-1.2,-0.01,-0.7,379
8.5,244.642393134723,-3.21449982664049,244.401303335853,-6.35423219371467,-1.2,-0.01,-0.7,379
8.51,244.501976340728,-3.21449982664049,244.307651249061,-6.35423219371467,-1.2,-0.01,-0.7,379
8.52,244.360300752784,-3.21449982664049,244.21773729112,-6.35423219371467,-1.2,-0.01,-0.7,379
8.53,244.218121987229,-3.21449982664049,244.135713590199,-6.35423219371467,-1.2,-0.01,-0.7,379
8.54,244.076404112398,-3.21449982664049,244.065107176322,-6.35423219371467,-1.2,-0.01,-0.7,379
8.55,243.936210976208,-3.21449982664049,244.008327106113,-6.35423219371467,-1.2,-0.01,-0.7,379
8.555,243.867025823096,-10.4903351825949,243.985661935753,-5.98823072402515,-1.2,-0.01,-0.7,379
8.56,243.798629476914,-10.4903351825949,243.967030172468,-5.98823072402515,-1.2,-0.01,-0.7,379
8.57,243.664914864773,-10.4903351825949,243.942255649327,-5.98823072402515,-1.2,-0.01,-0.7,379
8.58,243.536948739491,-10.4903351825949,243.93454644741,-5.98823072402515,-1.2,-0.01,-0.7,379
8.59,243.417132307988,-10.4903351825949,243.944101386564,-5.98823072402515,-1.2,-0.01,-0.7,379
8.6,243.308116195203,-10.4903351825949,243.970990147053,-5.98823072402515,-1.2,-0.01,-0.7,379
8.61,243.212600269398,-10.4903351825949,244.015239400107,-5.98823072402515,-1.2,-0.01,-0.7,379
8.614,243.178763742525,-9.62252279928865,244.037799370446,0.0721974741462177,-1.2,-0.01,-0.7,379
8.62,243.133192654339,-9.62252279928865,244.076843703996,0.0721974741462177,-1.2,-0.01,-0.7,379
8.63,243.072288189276,-9.62252279928865,244.155120583277,0.0721974741462177,-1.2,-0.01,-0.7,379
8.64,243.031958312253,-9.62252279928865,244.247447932505,0.0721974741462177,-1.2,-0.01,-0.7,379
8.65,243.013940609104,-9.62252279928865,244.349711330203,0.0721974741462177,-1.2,-0.01,-0.7,379
8.66,243.019662960226,-9.62252279928865,244.458328430063,0.0721974741462177,-1.2,-0.01,-0.7,379
8.67,243.050274540498,-9.62252279928865,244.570827786181,0.0721974741462177,-1.2,-0.01,-0.7,379
8.673,243.064452448056,-2.95118528422544,244.605065180931,6.86404134250002,-1.2,-0.01,-0.7,379
8.68,243.106670141342,-2.95118528422544,244.685448381698,6.86404134250002,-1.2,-0.01,-0.7,379
8.69,243.189257230699,-2.95118528422544,244.800545185868,6.86404134250002,-1.2,-0.01,-0.7,379
8.7,243.297603291939,-2.95118528422544,244.912912598745,6.86404134250002,-1.2,-0.01,-0.7,379
8.71,243.43062289448,-2.95118528422544,245.017873756071,6.86404134250002,-1.2,-0.01,-0.7,379
8.72,243.586827705646,-2.95118528422544,245.111459187048,6.86404134250002,-1.2,-0.01,-0.7,379
8.73,243.764517746495,-2.95118528422544,245.190964046747,6.86404134250002,-1.2,-0.01,-0.7,379
8.732,243.802478225336,8.04577740808133,245.205007144983,5.29312513094416,-1.2,-0.01,-0.7,379
8.74,243.961895933789,8.04577740808133,245.25447804513,5.29312513094416,-1.2,-0.01,-0.7,379
8.75,244.17665092853,8.04577740808133,245.30084250514,5.29312513094416,-1.2,-0.01,-0.7,379
8.76,244.405459443116,8.04577740808133,245.329790527092,5.29312513094416,-1.2,-0.01,-0.7,379
8.77,244.644335174656,8.04577740808133,245.341748996271,5.29312513094416,-1.2,-0.01,-0.7,379
8.78,244.889013940091,8.04577740808133,245.337211256083,5.29312513094416,-1.2,-0.01,-0.7,379
8.79,245.13523490549,8.04577740808133,245.316546021456,5.29312513094416,-1.2,-0.01,-0.7,379
8.791,245.159782935059,14.9337444264174,245.313603304021,0.607457786055104,-1.2,-0.01,-0.7,379
8.796,245.282002775462,14.9337444264174,245.29653511419,0.607457786055104,-1.2,-0.01,-0.7,379
8.8,245.378908437426,14.9337444264174,245.280055039139,0.607457786055104,-1.2,-0.01,-0.7,379
8.81,245.615871048977,14.9337444264174,245.228467485251,0.607457786055104,-1.2,-0.01,-0.7,379
8.82,245.841662503895,14.9337444264174,245.163914804971,0.607457786055104,-1.2,-0.01,-0.7,379
8.83,246.051777888539,14.9337444264174,245.089614439603,0.607457786055104,-1.2,-0.01,-0.7,379
8.84,246.241893227842,14.9337444264174,245.008411116978,0.607457786055104,-1.2,-0.01,-0.7,379
8.85,246.408011868583,0.725858964301041,244.922332946966,-0.407216188164034,-1.2,-0.01,-0.7,379
8.86,246.546633807673,0.725858964301041,244.832971675667,-0.407216188164034,-1.2,-0.01,-0.7,379
8.87,246.655627033522,0.725858964301041,244.741809520056,-0.407216188164034,-1.2,-0.01,-0.7,379
8.88,246.734699279901,0.725858964301041,244.650258711051,-0.407216188164034,-1.2,-0.01,-0.7,379
8.89,246.784907317987,0.725858964301041,244.55939385693,-0.407216188164034,-1.2,-0.01,-0.7,379
8.9,246.808194039667,0.725858964301041,244.469934493472,-0.407216188164034,-1.2,-0.01,-0.7,379
8.909,246.808169800517,0.725858964301041,244.391031362091,-6.42692852863117,-1.2,-0.01,-0.7,379
8.91,246.807029766387,0.725858964301041,244.382368592737,-6.42692852863117,-1.2,-0.01,-0.7,379
8.915,246.798126130082,0.725858964301041,244.339551424112,-6.42692852863117,-1.2,-0.01,-0.7,379
8.92,246.784139791552,0.725858964301041,244.297623366536,-6.42692852863117,-1.2,-0.01,-0.7,379
8.93,246.742303231247,0.725858964301041,244.218293907219,-6.42692852863117,-1.2,-0.01,-0.7,379
8.94,246.684210398989,0.725858964301041,244.148189701608,-6.42692852863117,-1.2,-0.01,-0.7,379
8.95,246.612367712313,0.725858964301041,244.090525044056,-6.42692852863117,-1.2,-0.01,-0.7,379
8.96,246.529039956709,0.725858964301041,244.047468892534,-6.42692852863117,-1.2,-0.01,-0.7,379
8.968,246.455457977562,0.725858964301041,244.024564097057,-4.91138711631884,-1.2,-0.01,-0.7,379
8.97,246.436221333555,0.725858964301041,244.02050502076,-4.91138711631884,-1.2,-0.01,-0.7,379
8.98,246.335627859142,0.725858964301041,244.010400942073,-4.91138711631884,-1.2,-0.01,-0.7,379
8.99,246.228704854774,0.725858964301041,244.017067943394,-4.91138711631884,-1.2,-0.01,-0.7,379
9,246.116644600019,0.725858964301041,244.039819903453,-4.91138711631884,-1.2,-0.01,-0.7,379
9.01,246.000410126395,0.725858964301041,244.07798466632,-4.91138711631884,-1.2,-0.01,-0.7,379
9.02,245.880762166749,0.725858964301041,244.131088252622,-4.91138711631884,-1.2,-0.01,-0.7,379
9.027,245.795297726626,0.725858964301041,244.176953507204,1.4268313233571,-1.2,-0.01,-0.7,379
9.03,245.75828703123,0.725858964301041,244.198776099045,1.4268313233571,-1.2,-0.01,-0.7,379
9.04,245.633423834961,0.725858964301041,244.280157183726,1.4268313233571,-1.2,-0.01,-0.7,379
9.05,245.506490028618,0.725858964301041,244.372436648792,1.4268313233571,-1.2,-0.01,-0.7,379
9.06,245.377704583121,0.725858964301041,244.471306899262,1.4268313233571,-1.2,-0.01,-0.7,379
9.07,245.247208494225,0.725858964301041,244.573038397554,1.4268313233571,-1.2,-0.01,-0.7,379
9.08,245.115082498644,0.725858964301041,244.675067708206,1.4268313233571,-1.2,-0.01,-0.7,379
9.086,245.035040792305,0.725858964301041,244.735641152826,6.91725844019582,-1.2,-0.01,-0.7,379
9.09,244.981362055966,0.725858964301041,244.775573051312,6.91725844019582,-1.2,-0.01,-0.7,379
9.1,244.846049754655,0.725858964301041,244.872930038674,6.91725844019582,-1.2,-0.01,-0.7,379
9.11,244.70912538237,0.725858964301041,244.96427226533,6.91725844019582,-1.2,-0.01,-0.7,379
9.12,244.570553912312,0.725858964301041,245.045596201778,6.91725844019582,-1.2,-0.01,-0.7,379
9.13,244.430291694656,0.725858964301041,245.113588462568,6.91725844019582,-1.2,-0.01,-0.7,379
9.14,244.288291123117,0.725858964301041,245.166030911698,6.91725844019582,-1.2,-0.01,-0.7,379
9.145,244.216623855097,-9.50848565419928,245.185914844816,3.74229649334286,-1.2,-0.01,-0.7,379
9.15,244.144508067411,-9.50848565419928,245.201368221469,3.74229649334286,-1.2,-0.01,-0.7,379
9.16,243.999187264008,-9.50848565419928,245.218834212368,3.74229649334286,-1.2,-0.01,-0.7,379
9.17,243.853560729709,-9.50848565419928,245.218954091786,3.74229649334286,-1.2,-0.01,-0.7,379
9.18,243.70973080811,-9.50848565419928,245.203294086766,3.74229649334286,-1.2,-0.01,-0.7,379
9.19,243.570306887283,-9.50848565419928,245.173357560557,3.74229649334286,-1.2,-0.01,-0.7,379
9.2,243.438127927497,-9.50848565419928,245.130250032121,3.74229649334286,-1.2,-0.01,-0.7,379
9.204,243.387929578363,-11.0410537287353,245.109513398371,0.605835594664129,-1.2,-0.01,-0.7,379
9.21,243.316061321471,-11.0410537287353,245.07481505374,0.605835594664129,-1.2,-0.01,-0.7,379
9.22,243.206913958665,-11.0410537287353,245.008028398108,0.605835594664129,-1.2,-0.01,-0.7,379
9.23,243.113438130237,-11.0410537287353,244.931723639451,0.605835594664129,-1.2,-0.01,-0.7,379
9.24,243.038249480576,-11.0410537287353,244.848366904003,0.605835594664129,-1.2,-0.01,-0.7,379
9.25,242.983748737242,-11.0410537287353,244.760053193815,0.605835594664129,-1.2,-0.01,-0.7,379
9.26,242.952077844465,-11.0410537287353,244.668238400182,0.605835594664129,-1.2,-0.01,-0.7,379
9.263,242.947314538341,-6.96641297122119,244.640169193568,-4.09514043242034,-1.2,-0.01,-0.7,379
9.27,242.945095941203,-6.96641297122119,244.573954407838,-4.09514043242034,-1.2,-0.01,-0.7,379
9.28,242.964216478524,-6.96641297122119,244.478416871922,-4.09514043242034,-1.2,-0.01,-0.7,379
9.29,243.010185256875,-6.96641297122119,244.384077333087,-4.09514043242034,-1.2,-0.01,-0.7,379
9.3,243.083198006003,-6.96641297122119,244.29427400589,-4.09514043242034,-1.2,-0.01,-0.7,379
9.31,243.183062027986,-6.96641297122119,244.211782135284,-4.09514043242034,-1.2,-0.01,-0.7,379
9.32,243.309325207896,-6.96641297122119,244.138463574213,-4.09514043242034,-1.2,-0.01,-0.7,379
9.322,243.337693849729,3.36008613474606,244.125013734178,-6.55637414946041,-1.2,-0.01,-0.7,379
9.33,243.461351020631,3.36008613474606,244.075591605917,-6.55637414946041,-1.2,-0.01,-0.7,379
9.34,243.63791118567,3.36008613474606,244.024286706004,-6.55637414946041,-1.2,-0.01,-0.7,379
9.35,243.836713688539,3.36008613474606,243.986183157465,-6.55637414946041,-1.2,-0.01,-0.7,379
9.36,244.05472734811,3.36008613474606,243.963272226628,-6.55637414946041,-1.2,-0.01,-0.7,379
9.37,244.288544583341,3.36008613474606,243.957138501379,-6.55637414946041,-1.2,-0.01,-0.7,379
9.38,244.53465117995,3.36008613474606,243.968806479109,-6.55637414946041,-1.2,-0.01,-0.7,379
9.381,244.559804239646,14.6936336889773,243.970978083803,-2.45726086146711,-1.2,-0.01,-0.7,379
9.386,244.686775680116,14.6936336889773,243.984646438162,-2.45726086146711,-1.2,-0.01,-0.7,379
9.39,244.78957373558,14.6936336889773,243.998953518717,-2.45726086146711,-1.2,-0.01,-0.7,379
9.4,245.049398414226,14.6936336889773,244.047489623983,-2.45726086146711,-1.2,-0.01,-0.7,379
9.41,245.309361848755,14.6936336889773,244.112770747075,-2.45726086146711,-1.2,-0.01,-0.7,379
9.42,245.564252903535,14.6936336889773,244.192026978438,-2.45726086146711,-1.2,-0.01,-0.7,379
9.43,245.808795198136,14.6936336889773,244.282826857258,-2.45726086146711,-1.2,-0.01,-0.7,379
9.44,246.03791544195,5.94465565380272,244.38348531244,4.75883586469346,-1.2,-0.01,-0.7,379
9.45,246.246971379325,5.94465565380272,244.492289007735,4.75883586469346,-1.2,-0.01,-0.7,379
9.46,246.432370390879,5.94465565380272,244.605870861653,4.75883586469346,-1.2,-0.01,-0.7,379
9.47,246.591903336481,5.94465565380272,244.719279228522,4.75883586469346,-1.2,-0.01,-0.7,379
9.48,246.724453976881,5.94465565380272,244.828220854468,4.75883586469346,-1.2,-0.01,-0.7,379
9.49,246.829708870129,5.94465565380272,244.929698958451,4.75883586469346,-1.2,-0.01,-0.7,379
9.499,246.901301971953,0.721994090277134,245.012862377974,7.91871722484104,-1.2,-0.01,-0.7,379
9.5,246.907922281223,0.721994090277134,245.021580002084,7.91871722484104,-1.2,-0.01,-0.7,379
9.505,246.937080342643,0.721994090277134,245.063390318918,7.91871722484104,-1.2,-0.01,-0.7,379
9.51,246.959774391384,0.721994090277134,245.102167784158,7.91871722484104,-1.2,-0.01,-0.7,379
9.52,246.986558954256,0.721994090277134,245.169239021022,7.91871722484104,-1.2,-0.01,-0.7,379
9.53,246.990197612243,0.721994090277134,245.220072752853,7.91871722484104,-1.2,-0.01,-0.7,379
9.54,246.972976994697,0.721994090277134,245.252496695513,7.91871722484104,-1.2,-0.01,-0.7,379
9.55,246.937333380193,0.721994090277134,245.265067820341,7.91871722484104,-1.2,-0.01,-0.7,379
9.558,246.897189762304,0.721994090277134,245.260141380885,0.604136185995282,-1.2,-0.01,-0.7,379
9.56,246.885696272492,0.721994090277134,245.256784900402,0.604136185995282,-1.2,-0.01,-0.7,379
9.57,246.820380034235,0.721994090277134,245.227608646472,0.604136185995282,-1.2,-0.01,-0.7,379
9.58,246.743513803478,0.721994090277134,245.179746057996,0.604136185995282,-1.2,-0.01,-0.7,379
9.59,246.657001457327,0.721994090277134,245.117304949525,0.604136185995282,-1.2,-0.01,-0.7,379
9.6,246.562504169917,0.721994090277134,245.044245275128,0.604136185995282,-1.2,-0.01,-0.7,379
9.61,246.461439492238,0.721994090277134,244.963598005183,0.604136185995282,-1.2,-0.01,-0.7,379
9.617,246.38742976508,0.721994090277134,244.903876316801,-0.651662712472519,-1.2,-0.01,-0.7,379
9.62,246.354991896515,0.721994090277134,244.877621636734,-0.651662712472519,-1.2,-0.01,-0.7,379
9.63,246.244130762047,0.721994090277134,244.788074705191,-0.651662712472519,-1.2,-0.01,-0.7,379
9.64,246.129632642522,0.721994090277134,244.696666690179,-0.651662712472519,-1.2,-0.01,-0.7,379
9.65,246.012105489932,0.721994090277134,244.605050926353,-0.651662712472519,-1.2,-0.01,-0.7,379
9.66,245.892013087915,0.721994090277134,244.514496187404,-0.651662712472519,-1.2,-0.01,-0.7,379
9.67,245.769698515354,0.721994090277134,244.425850444648,-0.651662712472519,-1.2,-0.01,-0.7,379
9.676,245.69534818849,0.721994090277134,244.373828705167,-6.4360265577909,-1.2,-0.01,-0.7,379
9.68,245.645405862664,0.721994090277134,244.339689677651,-6.4360265577909,-1.2,-0.01,-0.7,379
9.69,245.519299743331,0.721994090277134,244.25698200256,-6.4360265577909,-1.2,-0.01,-0.7,379
9.7,245.391482398799,0.721994090277134,244.180286722462,-6.4360265577909,-1.2,-0.01,-0.7,379
9.71,245.262008349768,0.721994090277134,244.113313303037,-6.4360265577909,-1.2,-0.01,-0.7,379
9.72,245.130896691089,0.721994090277134,244.059170104526,-6.4360265577909,-1.2,-0.01,-0.7,379
9.73,244.998141195793,0.721994090277134,244.019940032104,-6.4360265577909,-1.2,-0.01,-0.7,379
9.735,244.931140177298,-0.177618644282638,244.006380510604,-4.94818820607004,-1.2,-0.01,-0.7,379
9.74,244.86371880038,-0.177618644282638,243.997041886102,-4.94818820607004,-1.2,-0.01,-0.7,379
9.75,244.727620877378,-0.177618644282638,243.991201263592,-4.94818820607004,-1.2,-0.01,-0.7,379
9.76,244.589919397681,-0.177618644282638,244.002311421201,-4.94818820607004,-1.2,-0.01,-0.7,379
9.77,244.450760228826,-0.177618644282638,244.029684353064,-4.94818820607004,-1.2,-0.01,-0.7,379
9.78,244.310333834966,-0.177618644282638,244.072649668836,-4.94818820607004,-1.2,-0.01,-0.7,379
9.79,244.168852756307,-0.177618644282638,244.130734004464,-4.94818820607004,-1.2,-0.01,-0.7,379
9.794,244.112013965928,-10.0620763534776,244.158119131493,1.393155476665,-1.2,-0.01,-0.7,379
9.8,244.026543069906,-10.0620763534776,244.203583005581,1.393155476665,-1.2,-0.01,-0.7,379
9.81,243.883968912421,-10.0620763534776,244.29030341798,1.393155476665,-1.2,-0.01,-0.7,379
9.82,243.742660038084,-10.0620763534776,244.388095596548,1.393155476665,-1.2,-0.01,-0.7,379
9.83,243.604926284554,-10.0620763534776,244.492645339026,1.393155476665,-1.2,-0.01,-0.7,379
9.84,243.473510532805,-10.0620763534776,244.600213941003,1.393155476665,-1.2,-0.01,-0.7,379
9.85,243.351327675703,-10.0620763534776,244.708228378043,1.393155476665,-1.2,-0.01,-0.7,379
9.853,243.316909480492,-10.7317221197355,244.740439695973,7.20004277507236,-1.2,-0.01,-0.7,379
9.86,243.241277341266,-10.7317221197355,244.814859173931,7.20004277507236,-1.2,-0.01,-0.7,379
9.87,243.146142006654,-10.7317221197355,244.918462714863,7.20004277507236,-1.2,-0.01,-0.7,379
9.88,243.068543790682,-10.7317221197355,245.016077531263,7.20004277507236,-1.2,-0.01,-0.7,379
9.89,243.010882530457,-10.7317221197355,245.103525547161,7.20004277507236,-1.2,-0.01,-0.7,379
9.9,242.975294290693,-10.7317221197355,245.17733153213,7.20004277507236,-1.2,-0.01,-0.7,379
9.91,242.963635177887,-10.7317221197355,245.23516109249,7.20004277507236,-1.2,-0.01,-0.7,379
9.912,242.964318484301,-5.90566429667877,245.244665217784,3.68200297699236,-1.2,-0.01,-0.7,379
9.92,242.977471238634,-5.90566429667877,245.275374802518,3.68200297699236,-1.2,-0.01,-0.7,379
9.93,243.017867099946,-5.90566429667877,245.297174512864,3.68200297699236,-1.2,-0.01,-0.7,379
9.94,243.085163264855,-5.90566429667877,245.30116589509,3.68200297699236,-1.2,-0.01,-0.7,379
9.95,243.179137021512,-5.90566429667877,245.289090159856,3.68200297699236,-1.2,-0.01,-0.7,379
9.96,243.299186874727,-5.90566429667877,245.262616142764,3.68200297699236,-1.2,-0.01,-0.7,379
9.97,243.444476832168,-5.90566429667877,245.222971487016,3.68200297699236,-1.2,-0.01,-0.7,379
9.971,243.460357659724,4.75687522326327,245.218316617295,0.602473946167705,-1.2,-0.01,-0.7,379
9.976,243.543365005223,4.75687522326327,245.193264645108,0.602473946167705,-1.2,-0.01,-0.7,379
9.98,243.614004388525,4.75687522326327,245.171089919059,0.602473946167705,-1.2,-0.01,-0.7,379
9.99,243.806112820769,4.75687522326327,245.108006253863,0.602473946167705,-1.2,-0.01,-0.7,379
10,244.018091033077,4.75687522326327,245.035578296393,0.602473946167705,-1.2,-0.01,-0.7,379
10.01,244.246542401569,4.75687522326327,244.956266087314,0.602473946167705,-1.2,-0.01,-0.7,379
10.02,244.487748211791,4.75687522326327,244.872148584654,0.602473946167705,-1.2,-0.01,-0.7,379
10.03,244.737935611578,15.5615543341521,244.784665535692,-2.21074308923501,-1.2,-0.01,-0.7,379
10.04,244.993401167318,15.5615543341521,244.695171864907,-2.21074308923501,-1.2,-0.01,-0.7,379
10.05,245.249989546817,15.5615543341521,244.605614555979,-2.21074308923501,-1.2,-0.01,-0.7,379
10.06,245.502802884181,15.5615543341521,244.518371120322,-2.21074308923501,-1.2,-0.01,-0.7,379
10.07,245.746606804395,15.5615543341521,244.435359182434,-2.21074308923501,-1.2,-0.01,-0.7,379
10.08,245.976181080293,15.5615543341521,244.357852232372,-2.21074308923501,-1.2,-0.01,-0.7,379
10.089,246.166520628884,3.82741097545133,244.293528109811,-6.07247357475912,-1.2,-0.01,-0.7,379
10.09,246.186561453565,3.82741097545133,244.286716365724,-6.07247357475912,-1.2,-0.01,-0.7,379
10.095,246.283121320406,3.82741097545133,244.253827428898,-6.07247357475912,-1.2,-0.01,-0.7,379
10.1,246.373295629231,3.82741097545133,244.222942678649,-6.07247357475912,-1.2,-0.01,-0.7,379
10.11,246.533275447238,3.82741097545133,244.168540529425,-6.07247357475912,-1.2,-0.01,-0.7,379
10.12,246.6650424652,3.82741097545133,244.126235490923,-6.07247357475912,-1.2,-0.01,-0.7,379
10.13,246.768374965446,3.82741097545133,244.098243810222,-6.07247357475912,-1.2,-0.01,-0.7,379
10.14,246.843913933952,3.82741097545133,244.08600606326,-6.07247357475912,-1.2,-0.01,-0.7,379
10.148,246.88513284838,0.718172468750933,244.088222180569,-2.92803636169692,-1.2,-0.01,-0.7,379
10.15,246.892867729871,0.718172468750933,244.090484552806,-2.92803636169692,-1.2,-0.01,-0.7,379
10.16,246.916820935947,0.718172468750933,244.111883149295,-2.92803636169692,-1.2,-0.01,-0.7,379
10.17,246.917770434944,0.718172468750933,244.14909906304,-2.92803636169692,-1.2,-0.01,-0.7,379
10.18,246.898043038349,0.718172468750933,244.200098817203,-2.92803636169692,-1.2,-0.01,-0.7,379
10.19,246.86009511003,0.718172468750933,244.263078639879,-2.92803636169692,-1.2,-0.01,-0.7,379
10.2,246.806361376168,0.718172468750933,244.336787025433,-2.92803636169692,-1.2,-0.01,-0.7,379
10.207,246.760598897679,0.718172468750933,244.394266471752,3.50554586078619,-1.2,-0.01,-0.7,379
10.21,246.739150817851,0.718172468750933,244.420319819858,3.50554586078619,-1.2,-0.01,-0.7,379
10.22,246.660580169014,0.718172468750933,244.512481415141,3.50554586078619,-1.2,-0.01,-0.7,379
10.23,246.572536523104,0.718172468750933,244.610313161499,3.50554586078619,-1.2,-0.01,-0.7,379
10.24,246.476662049897,0.718172468750933,244.709381032586,3.50554586078619,-1.2,-0.01,-0.7,379
10.25,246.374354625563,0.718172468750933,244.805876582656,3.50554586078619,-1.2,-0.01,-0.7,379
10.26,246.266779488835,0.718172468750933,244.897187927273,3.50554586078619,-1.2,-0.01,-0.7,379
10.266,246.200109890467,0.718172468750933,244.948686044652,7.11731734180171,-1.2,-0.01,-0.7,379
10.27,246.154887965835,0.718172468750933,244.98146276283,7.11731734180171,-1.2,-0.01,-0.7,379
10.28,246.039440212192,0.718172468750933,245.057164148668,7.11731734180171,-1.2,-0.01,-0.7,379
10.29,245.921029663807,0.718172468750933,245.12203143713,7.11731734180171,-1.2,-0.01,-0.7,379
10.3,245.80010755719,0.718172468750933,245.173152707819,7.11731734180171,-1.2,-0.01,-0.7,379
10.31,245.677006356128,0.718172468750933,245.208179170982,7.11731734180171,-1.2,-0.01,-0.7,379
10.32,245.551961354231,0.718172468750933,245.225554328933,7.11731734180171,-1.2,-0.01,-0.7,379
10.325,245.488761699904,0.718172468750933,245.227270310706,1.20981411321222,-1.2,-0.01,-0.7,379
10.33,245.425130028274,0.718172468750933,245.224196565685,1.20981411321222,-1.2,-0.01,-0.7,379
10.34,245.29660894943,0.718172468750933,245.203908181911,1.20981411321222,-1.2,-0.01,-0.7,379
10.35,245.166448244549,0.718172468750933,245.166427720874,1.20981411321222,-1.2,-0.01,-0.7,379
10.36,245.034663693954,0.718172468750933,245.115107419965,1.20981411321222,-1.2,-0.01,-0.7,379
10.37,244.901246652974,0.718172468750933,245.05313653663,1.20981411321222,-1.2,-0.01,-0.7,379
10.38,244.766172015075,0.718172468750933,244.982918745072,1.20981411321222,-1.2,-0.01,-0.7,379
10.384,244.711670347161,-3.04868340258024,244.952936757673,-0.0138488686447366,-1.2,-0.01,-0.7,379
10.39,244.629407514123,-3.04868340258024,244.906250894177,-0.0138488686447366,-1.2,-0.01,-0.7,379
10.4,244.491046614955,-3.04868340258024,244.824564279602,-0.0138488686447366,-1.2,-0.01,-0.7,379
10.41,244.351554190512,-3.04868340258024,244.739335000743,-0.0138488686447366,-1.2,-0.01,-0.7,379
10.42,244.211700281732,-3.04868340258024,244.652055028222,-0.0138488686447366,-1.2,-0.01,-0.7,379
10.43,244.072430791538,-3.04868340258024,244.563891012673,-0.0138488686447366,-1.2,-0.01,-0.7,379
10.44,243.934769739623,-3.04868340258024,244.47563138166,-0.0138488686447366,-1.2,-0.01,-0.7,379
10.443,243.89393997454,-10.311155453158,244.449218181278,-6.0362835691097,-1.2,-0.01,-0.7,379
10.45,243.799759032988,-10.311155453158,244.387818826624,-6.0362835691097,-1.2,-0.01,-0.7,379
10.46,243.668704583163,-10.311155453158,244.301423283679,-6.0362835691097,-1.2,-0.01,-0.7,379
10.47,243.543569972951,-10.311155453158,244.219075858623,-6.0362835691097,-1.2,-0.01,-0.7,379
10.48,243.426783531252,-10.311155453158,244.144624764171,-6.0362835691097,-1.2,-0.01,-0.7,379
10.49,243.320982071652,-10.311155453158,244.081333415059,-6.0362835691097,-1.2,-0.01,-0.7,379
10.5,243.228824113214,-10.311155453158,244.031419637725,-6.0362835691097,-1.2,-0.01,-0.7,379
10.502,243.212257164116,-9.51570378178766,244.023177342378,-5.62625726170283,-1.2,-0.01,-0.7,379
10.51,243.152858138343,-9.51570378178766,243.996407708332,-5.62625726170283,-1.2,-0.01,-0.7,379
10.52,243.095400931297,-9.51570378178766,243.977242497064,-5.62625726170283,-1.2,-0.01,-0.7,379
10.53,243.058448099128,-9.51570378178766,243.97438746558,-5.62625726170283,-1.2,-0.01,-0.7,379
10.54,243.043674386831,-9.51570378178766,243.987971197427,-5.62625726170283,-1.2,-0.01,-0.7,379
10.55,243.052456755783,-9.51570378178766,244.018011308847,-5.62625726170283,-1.2,-0.01,-0.7,379
10.56,243.085903995246,-9.51570378178766,244.06450001885,-5.62625726170283,-1.2,-0.01,-0.7,379
10.561,243.09064076947,-3.01784244322695,244.070052718175,0.0402872077524474,-1.2,-0.01,-0.7,379
10.566,243.118181041942,-3.01784244322695,244.100276805038,0.0402872077524474,-1.2,-0.01,-0.7,379
10.57,243.144863690936,-3.01784244322695,244.127408782814,0.0402872077524474,-1.2,-0.01,-0.7,379
10.58,243.229609739658,-3.01784244322695,244.206077981715,0.0402872077524474,-1.2,-0.01,-0.7,379
10.59,243.339597820653,-3.01784244322695,244.298019039603,0.0402872077524474,-1.2,-0.01,-0.7,379
10.6,243.473696817387,-3.01784244322695,244.399342564258,0.0402872077524474,-1.2,-0.01,-0.7,379
10.61,243.630420769109,-3.01784244322695,244.506675198543,0.0402872077524474,-1.2,-0.01,-0.7,379
10.62,243.808105304005,7.79718594113993,244.617694782558,6.63820871120146,-1.2,-0.01,-0.7,379
10.63,244.004972715588,7.79718594113993,244.730365221634,6.63820871120146,-1.2,-0.01,-0.7,379
10.64,244.218580724945,7.79718594113993,244.841335059752,6.63820871120146,-1.2,-0.01,-0.7,379
10.65,244.445516832462,7.79718594113993,244.945882462341,6.63820871120146,-1.2,-0.01,-0.7,379
10.66,244.681798146749,7.79718594113993,245.040008208943,6.63820871120146,-1.2,-0.01,-0.7,379
10.67,244.923228299387,7.79718594113993,245.120959027809,6.63820871120146,-1.2,-0.01,-0.7,379
10.679,245.141482583399,14.8555887825501,245.180919449903,5.13512580428281,-1.2,-0.01,-0.7,379
10.68,245.165655908083,14.8555887825501,245.186786501132,5.13512580428281,-1.2,-0.01,-0.7,379
10.685,245.285998130611,14.8555887825501,245.213632640742,5.13512580428281,-1.2,-0.01,-0.7,379
10.69,245.40508988155,14.8555887825501,245.236295765173,5.13512580428281,-1.2,-0.01,-0.7,379
10.7,245.637355784308,14.8555887825501,245.269172410692,5.13512580428281,-1.2,-0.01,-0.7,379
10.71,245.857990397064,14.8555887825501,245.285783315815,5.13512580428281,-1.2,-0.01,-0.7,379
10.72,246.062518490798,14.8555887825501,245.286568687868,5.13512580428281,-1.2,-0.01,-0.7,379
10.73,246.246666808278,14.8555887825501,245.271856151502,5.13512580428281,-1.2,-0.01,-0.7,379
10.738,246.37665476741,0.714465270750915,245.249112216883,0.599301190561181,-1.2,-0.01,-0.7,379
10.74,246.406501530597,0.714465270750915,245.241914769647,0.599301190561181,-1.2,-0.01,-0.7,379
10.75,246.53867764225,0.714465270750915,245.197433328275,0.599301190561181,-1.2,-0.01,-0.7,379
10.76,246.641417270588,0.714465270750915,245.14046633191,0.599301190561181,-1.2,-0.01,-0.7,379
10.77,246.714705486115,0.714465270750915,245.074123450124,0.599301190561181,-1.2,-0.01,-0.7,379
10.78,246.75977133525,0.714465270750915,245.001147144572,0.599301190561181,-1.2,-0.01,-0.7,379
10.79,246.778649939171,0.714465270750915,244.923485983574,0.599301190561181,-1.2,-0.01,-0.7,379
10.797,246.777613118053,0.714465270750915,244.867108867923,-1.13684261629636,-1.2,-0.01,-0.7,379
10.8,246.773844166992,0.714465270750915,244.842538787533,-1.13684261629636,-1.2,-0.01,-0.7,379
10.81,246.748068861868,0.714465270750915,244.759478814134,-1.13684261629636,-1.2,-0.01,-0.7,379
10.82,246.704063045413,0.714465270750915,244.675763861827,-1.13684261629636,-1.2,-0.01,-0.7,379
10.83,246.644458228629,0.714465270750915,244.593047728416,-1.13684261629636,-1.2,-0.01,-0.7,379
10.84,246.571691618811,0.714465270750915,244.512648514152,-1.13684261629636,-1.2,-0.01,-0.7,379
10.85,246.487954749677,0.714465270750915,244.435443142664,-1.13684261629636,-1.2,-0.01,-0.7,379
10.856,246.433257727148,0.714465270750915,244.390911930507,-5.7814770713375,-1.2,-0.01,-0.7,379
10.86,246.395169131411,0.714465270750915,244.362029261846,-5.7814770713375,-1.2,-0.01,-0.7,379
10.87,246.29498182005,0.714465270750915,244.293293248559,-5.7814770713375,-1.2,-0.01,-0.7,379
10.88,246.188774921567,0.714465270750915,244.231416611883,-5.7814770713375,-1.2,-0.01,-0.7,379
10.89,246.07768437565,0.714465270750915,244.17950588018,-5.7814770713375,-1.2,-0.01,-0.7,379
10.9,245.962624207029,0.714465270750915,244.140129157902,-5.7814770713375,-1.2,-0.01,-0.7,379
10.91,245.844313451481,0.714465270750915,244.114978293626,-5.7814770713375,-1.2,-0.01,-0.7,379
10.915,245.78411727088,0.714465270750915,244.108111039097,-3.82666814359462,-1.2,-0.01,-0.7,379
10.92,245.72330367814,0.714465270750915,244.105195910591,-3.82666814359462,-1.2,-0.01,-0.7,379
10.93,245.600005652385,0.714465270750915,244.11126151061,-3.82666814359462,-1.2,-0.01,-0.7,379
10.94,245.474714183829,0.714465270750915,244.132719957233,-3.82666814359462,-1.2,-0.01,-0.7,379
10.95,245.347630577491,0.714465270750915,244.168457141647,-3.82666814359462,-1.2,-0.01,-0.7,379
10.96,245.21888240466,0.714465270750915,244.21745315429,-3.82666814359462,-1.2,-0.01,-0.7,379
10.97,245.088540518499,0.714465270750915,244.278996213276,-3.82666814359462,-1.2,-0.01,-0.7,379
10.974,245.03596504139,0.714465270750915,244.307005764297,2.12651205161189,-1.2,-0.01,-0.7,379
10.98,244.956633390559,0.714465270750915,244.352564558218,2.12651205161189,-1.2,-0.01,-0.7,379
10.99,244.823158939046,0.714465270750915,244.437200328642,2.12651205161189,-1.2,-0.01,-0.7,379
11,244.68809409433,0.714465270750915,244.530181603917,2.12651205161189,-1.2,-0.01,-0.7,379
11.01,244.551402354157,0.714465270750915,244.627378084577,2.12651205161189,-1.2,-0.01,-0.7,379
11.02,244.413039614344,0.714465270750915,244.72523557286,2.12651205161189,-1.2,-0.01,-0.7,379
11.03,244.272958539704,0.714465270750915,244.821315750683,2.12651205161189,-1.2,-0.01,-0.7,379
11.033,244.230592015357,-9.33739362014566,244.849528170687,6.85406866306164,-1.2,-0.01,-0.7,379
11.04,244.1311267156,-9.33739362014566,244.913886823824,6.85406866306164,-1.2,-0.01,-0.7,379
11.05,243.987937916708,-9.33739362014566,245.001414915779,6.85406866306164,-1.2,-0.01,-0.7,379
11.06,243.844803611381,-9.33739362014566,245.081295516636,6.85406866306164,-1.2,-0.01,-0.7,379
11.07,243.703913768915,-9.33739362014566,245.149970846633,6.85406866306164,-1.2,-0.01,-0.7,379
11.08,243.567895315926,-9.33739362014566,245.204524472062,6.85406866306164,-1.2,-0.01,-0.7,379
11.09,243.439555541901,-9.33739362014566,245.243014947849,6.85406866306164,-1.2,-0.01,-0.7,379
11.092,243.415057306599,-10.863755439681,245.248665555542,2.38309855521382,-1.2,-0.01,-0.7,379
11.1,243.321700311994,-10.863755439681,245.264085193256,2.38309855521382,-1.2,-0.01,-0.7,379
11.11,243.21707842827,-10.863755439681,245.267221401319,2.38309855521382,-1.2,-0.01,-0.7,379
11.12,243.128377705218,-10.863755439681,245.253523743946,2.38309855521382,-1.2,-0.01,-0.7,379
11.13,243.058135063474,-10.863755439681,245.225416409187,2.38309855521382,-1.2,-0.01,-0.7,379
11.14,243.008666254314,-10.863755439681,245.185198039509,2.38309855521382,-1.2,-0.01,-0.7,379
11.15,242.982027931694,-10.863755439681,245.134576030123,2.38309855521382,-1.2,-0.01,-0.7,379
11.151,242.980690815999,-6.86359555287895,245.128988501508,0.597839563366963,-1.2,-0.01,-0.7,379
11.156,242.977755350854,-6.86359555287895,245.099762916432,0.597839563366963,-1.2,-0.01,-0.7,379
11.16,242.979987856461,-6.86359555287895,245.07483691797,0.597839563366963,-1.2,-0.01,-0.7,379
11.17,243.003815267125,-6.86359555287895,245.007122197858,0.597839563366963,-1.2,-0.01,-0.7,379
11.18,243.054126003649,-6.86359555287895,244.932915826209,0.597839563366963,-1.2,-0.01,-0.7,379
11.19,243.131029366486,-6.86359555287895,244.853939108238,0.597839563366963,-1.2,-0.01,-0.7,379
11.2,243.234280248449,-6.86359555287895,244.771595771958,0.597839563366963,-1.2,-0.01,-0.7,379
11.21,243.363399964313,3.288581782497,244.686847572711,-3.49331113077992,-1.2,-0.01,-0.7,379
11.22,243.517709295289,3.288581782497,244.600825724117,-3.49331113077992,-1.2,-0.01,-0.7,379
11.23,243.695799054775,3.288581782497,244.515730299088,-3.49331113077992,-1.2,-0.01,-0.7,379
11.24,243.895239263451,3.288581782497,244.434541646956,-3.49331113077992,-1.2,-0.01,-0.7,379
11.25,244.112952266579,3.288581782497,244.359725790477,-3.49331113077992,-1.2,-0.01,-0.7,379
11.26,244.345549941081,3.288581782497,244.292931544718,-3.49331113077992,-1.2,-0.01,-0.7,379
11.269,244.564761376385,14.4420733512822,244.240619089663,-5.60783852851183,-1.2,-0.01,-0.7,379
11.27,244.589582660169,14.4420733512822,244.235285969463,-5.60783852851183,-1.2,-0.01,-0.7,379
11.275,244.714827950523,14.4420733512822,244.210195044743,-5.60783852851183,-1.2,-0.01,-0.7,379
11.28,244.841617195631,14.4420733512822,244.187774097786,-5.60783852851183,-1.2,-0.01,-0.7,379
11.29,245.097631989034,14.4420733512822,244.151821402598,-5.60783852851183,-1.2,-0.01,-0.7,379
11.3,245.352818577932,14.4420733512822,244.129161673542,-5.60783852851183,-1.2,-0.01,-0.7,379
11.31,245.602012514051,14.4420733512822,244.121174473146,-5.60783852851183,-1.2,-0.01,-0.7,379
11.32,245.840045469726,14.4420733512822,244.128751573817,-5.60783852851183,-1.2,-0.01,-0.7,379
11.328,246.019111775176,5.8745105034171,244.146426373602,-1.54462228201671,-1.2,-0.01,-0.7,379
11.33,246.061989397383,5.8745105034171,244.152482793918,-1.54462228201671,-1.2,-0.01,-0.7,379
11.34,246.263417870281,5.8745105034171,244.192229460977,-1.54462228201671,-1.2,-0.01,-0.7,379
11.35,246.441070684829,5.8745105034171,244.246327520903,-1.54462228201671,-1.2,-0.01,-0.7,379
11.36,246.593006771925,5.8745105034171,244.312004307897,-1.54462228201671,-1.2,-0.01,-0.7,379
11.37,246.718296544828,5.8745105034171,244.386831777402,-1.54462228201671,-1.2,-0.01,-0.7,379
11.38,246.816749020034,5.8745105034171,244.469127907202,-1.54462228201671,-1.2,-0.01,-0.7,379
11.387,246.869857366827,0.710662426623319,244.530511029899,4.59025299627997,-1.2,-0.01,-0.7,379
11.39,246.888691533086,0.710662426623319,244.557684606081,4.59025299627997,-1.2,-0.01,-0.7,379
11.4,246.934879797841,0.710662426623319,244.651163690863,4.59025299627997,-1.2,-0.01,-0.7,379
11.41,246.956719050903,0.710662426623319,244.74663058405,4.59025299627997,-1.2,-0.01,-0.7,379
11.42,246.956187959598,0.710662426623319,244.839781102385,4.59025299627997,-1.2,-0.01,-0.7,379
11.43,246.935579151147,0.710662426623319,244.926960188448,4.59025299627997,-1.2,-0.01,-0.7,379
11.44,246.897299145569,0.710662426623319,245.005679345813,4.59025299627997,-1.2,-0.01,-0.7,379
11.446,246.866841959764,0.710662426623319,245.048089882231,6.16663428160243,-1.2,-0.01,-0.7,379
11.45,246.843724148591,0.710662426623319,245.074179423683,6.16663428160243,-1.2,-0.01,-0.7,379
11.46,246.777101291572,0.710662426623319,245.131137895372,6.16663428160243,-1.2,-0.01,-0.7,379
11.47,246.699485869731,0.710662426623319,245.175112071349,6.16663428160243,-1.2,-0.01,-0.7,379
11.48,246.612706723159,0.710662426623319,245.204523288984,6.16663428160243,-1.2,-0.01,-0.7,379
11.49,246.518352602386,0.710662426623319,245.218139551236,6.16663428160243,-1.2,-0.01,-0.7,379
11.5,246.417773765617,0.710662426623319,245.215147253908,6.16663428160243,-1.2,-0.01,-0.7,379
11.505,246.365509635217,0.710662426623319,245.207242328793,0.596426161765829,-1.2,-0.01,-0.7,379
11.51,246.312094025632,0.710662426623319,245.194993350053,0.596426161765829,-1.2,-0.01,-0.7,379
11.52,246.202229465575,0.710662426623319,245.157847904369,0.596426161765829,-1.2,-0.01,-0.7,379
11.53,246.088910870025,0.710662426623319,245.105653442823,0.596426161765829,-1.2,-0.01,-0.7,379
11.54,245.972707714102,0.710662426623319,245.041801904145,0.596426161765829,-1.2,-0.01,-0.7,379
11.55,245.854052099289,0.710662426623319,244.969447239951,0.596426161765829,-1.2,-0.01,-0.7,379
11.56,245.733261561554,0.710662426623319,244.890929115747,0.596426161765829,-1.2,-0.01,-0.7,379
11.564,245.684400434958,0.710662426623319,244.858194702827,-1.25617592401399,-1.2,-0.01,-0.7,379
11.57,245.610560053768,0.710662426623319,244.807973966815,-1.25617592401399,-1.2,-0.01,-0.7,379
11.58,245.4860967032,0.710662426623319,244.722026626988,-1.25617592401399,-1.2,-0.01,-0.7,379
11.59,245.359962183195,0.710662426623319,244.634793375687,-1.25617592401399,-1.2,-0.01,-0.7,379
11.6,245.232202679193,0.710662426623319,244.548150831658,-1.25617592401399,-1.2,-0.01,-0.7,379
11.61,245.102831562905,0.710662426623319,244.463591611716,-1.25617592401399,-1.2,-0.01,-0.7,379
11.62,244.971838948537,0.710662426623319,244.382116939089,-1.25617592401399,-1.2,-0.01,-0.7,379
11.623,244.932221459365,-0.174823999164157,244.358381540508,-6.10358632632746,-1.2,-0.01,-0.7,379
11.63,244.839200671528,-0.174823999164157,244.30441255157,-6.10358632632746,-1.2,-0.01,-0.7,379
11.64,244.70492032136,-0.174823999164157,244.231444883275,-6.10358632632746,-1.2,-0.01,-0.7,379
11.65,244.569085800978,-0.174823999164157,244.165510193691,-6.10358632632746,-1.2,-0.01,-0.7,379
11.66,244.431851582213,-0.174823999164157,244.109857366073,-6.10358632632746,-1.2,-0.01,-0.7,379
11.67,244.293411053064,-0.174823999164157,244.067180562399,-6.10358632632746,-1.2,-0.01,-0.7,379
11.68,244.153975623461,-0.174823999164157,244.039265780896,-6.10358632632746,-1.2,-0.01,-0.7,379
11.682,244.125988082315,-9.90367260860358,244.035562046524,-4.39142339545965,-1.2,-0.01,-0.7,379
11.69,244.013784046897,-9.90367260860358,244.027322903348,-4.39142339545965,-1.2,-0.01,-0.7,379
11.7,243.873553425219,-9.90367260860358,244.031909185245,-4.39142339545965,-1.2,-0.01,-0.7,379
11.71,243.73497385503,-9.90367260860358,244.052717762355,-4.39142339545965,-1.2,-0.01,-0.7,379
11.72,243.600428519191,-9.90367260860358,244.088834219405,-4.39142339545965,-1.2,-0.01,-0.7,379
11.73,243.472669069013,-9.90367260860358,244.139405837023,-4.39142339545965,-1.2,-0.01,-0.7,379
11.74,243.354574193387,-9.90367260860358,244.203835009927,-4.39142339545965,-1.2,-0.01,-0.7,379
11.741,243.343406436281,-10.562672493047,244.211023855169,1.7303738216248,-1.2,-0.01,-0.7,379
11.746,243.289540827482,-10.562672493047,244.248953731941,1.7303738216248,-1.2,-0.01,-0.7,379
11.75,243.248979651225,-10.562672493047,244.281680414031,1.7303738216248,-1.2,-0.01,-0.7,379
11.76,243.158596852046,-10.562672493047,244.372016633075,1.7303738216248,-1.2,-0.01,-0.7,379
11.77,243.085968010121,-10.562672493047,244.472089977118,1.7303738216248,-1.2,-0.01,-0.7,379
11.78,243.033406124078,-10.562672493047,244.577691001379,1.7303738216248,-1.2,-0.01,-0.7,379
11.79,243.00295969593,-10.562672493047,244.685185472296,1.7303738216248,-1.2,-0.01,-0.7,379
11.8,242.996400849985,-5.81220503059397,244.792076463539,7.23926568976551,-1.2,-0.01,-0.7,379
11.81,243.015201556625,-5.81220503059397,244.896257031225,7.23926568976551,-1.2,-0.01,-0.7,379
11.82,243.060269326016,-5.81220503059397,244.994596197428,7.23926568976551,-1.2,-0.01,-0.7,379
11.83,243.131811820884,-5.81220503059397,245.082893884511,7.23926568976551,-1.2,-0.01,-0.7,379
11.84,243.229521846644,-5.81220503059397,245.157682847776,7.23926568976551,-1.2,-0.01,-0.7,379
11.85,243.35275059678,-5.81220503059397,245.216613902967,7.23926568976551,-1.2,-0.01,-0.7,379
11.859,243.484770462067,4.68388754758864,245.25471114986,3.06169616818028,-1.2,-0.01,-0.7,379
11.86,243.50064258734,4.68388754758864,245.258035789872,3.06169616818028,-1.2,-0.01,-0.7,379
11.865,243.583530869514,4.68388754758864,245.271910120652,3.06169616818028,-1.2,-0.01,-0.7,379
11.87,243.672146660995,4.68388754758864,245.28119510029,3.06169616818028,-1.2,-0.01,-0.7,379
11.88,243.865418481828,4.68388754758864,245.286928732021,3.06169616818028,-1.2,-0.01,-0.7,379
11.89,244.077619836903,4.68388754758864,245.277364631075,3.06169616818028,-1.2,-0.01,-0.7,379
11.9,244.305317712209,4.68388754758864,245.254527450302,3.06169616818028,-1.2,-0.01,-0.7,379
11.91,244.544821958831,4.68388754758864,245.219906092169,3.06169616818028,-1.2,-0.01,-0.7,379
11.918,244.742434979002,15.3194186671906,245.184495696046,0.594806752544884,-1.2,-0.01,-0.7,379
11.92,244.792432209823,15.3194186671906,245.174623151212,0.594806752544884,-1.2,-0.01,-0.7,379
11.93,245.04447887932,15.3194186671906,245.119778824571,0.594806752544884,-1.2,-0.01,-0.7,379
11.94,245.296710087941,15.3194186671906,245.057067427141,0.594806752544884,-1.2,-0.01,-0.7,379
11.95,245.544204771377,15.3194186671906,244.988608094151,0.594806752544884,-1.2,-0.01,-0.7,379
11.96,245.781789116785,15.3194186671906,244.916160265337,0.594806752544884,-1.2,-0.01,-0.7,379
11.97,246.00435841667,15.3194186671906,244.840931716092,0.594806752544884,-1.2,-0.01,-0.7,379
11.977,246.148627623706,3.76275748909645,244.78708655827,-2.18678105906711,-1.2,-0.01,-0.7,379
11.98,246.207096687188,3.76275748909645,244.763770765459,-2.18678105906711,-1.2,-0.01,-0.7,379
11.99,246.385803567755,3.76275748909645,244.685571557013,-2.18678105906711,-1.2,-0.01,-0.7,379
12,246.537762229173,3.76275748909645,244.60795044499,-2.18678105906711,-1.2,-0.01,-0.7,379
12.01,246.661814774661,3.76275748909645,244.5330410566,-2.18678105906711,-1.2,-0.01,-0.7,379
12.02,246.757941079733,3.76275748909645,244.462592218997,-2.18678105906711,-1.2,-0.01,-0.7,379
12.03,246.826906861291,3.76275748909645,244.397762488867,-2.18678105906711,-1.2,-0.01,-0.7,379
12.036,246.855765092094,0.706901307762038,244.361904293691,-5.21556905642061,-1.2,-0.01,-0.7,379
12.04,246.869987074436,0.706901307762038,244.339341823628,-5.21556905642061,-1.2,-0.01,-0.7,379
12.05,246.888817831432,0.706901307762038,244.288187252936,-5.21556905642061,-1.2,-0.01,-0.7,379
12.06,246.885446872579,0.706901307762038,244.245950803828,-5.21556905642061,-1.2,-0.01,-0.7,379
12.07,246.862205734175,0.706901307762038,244.214845032661,-5.21556905642061,-1.2,-0.01,-0.7,379
12.08,246.821518978545,0.706901307762038,244.196663686811,-5.21556905642061,-1.2,-0.01,-0.7,379
12.09,246.765765552505,0.706901307762038,244.192569635302,-5.21556905642061,-1.2,-0.01,-0.7,379
12.095,246.732945827743,0.706901307762038,244.196059391337,-2.33807545710861,-1.2,-0.01,-0.7,379
12.1,246.697184529786,0.706901307762038,244.203338674496,-2.33807545710861,-1.2,-0.01,-0.7,379
12.11,246.617816126552,0.706901307762038,244.229092813816,-2.33807545710861,-1.2,-0.01,-0.7,379
12.12,246.529469842024,0.706901307762038,244.268779071725,-2.33807545710861,-1.2,-0.01,-0.7,379
12.13,246.433713066987,0.706901307762038,244.320502619579,-2.33807545710861,-1.2,-0.01,-0.7,379
12.14,246.331874277075,0.706901307762038,244.382589224284,-2.33807545710861,-1.2,-0.01,-0.7,379
12.15,246.225056211408,0.706901307762038,244.453876159746,-2.33807545710861,-1.2,-0.01,-0.7,379
12.154,246.181142014467,0.706901307762038,244.484772095462,3.40096181093932,-1.2,-0.01,-0.7,379
12.16,246.114155329053,0.706901307762038,244.533522618069,3.40096181093932,-1.2,-0.01,-0.7,379
12.17,245.99988470245,0.706901307762038,244.620408383666,3.40096181093932,-1.2,-0.01,-0.7,379
12.18,245.882798214759,0.706901307762038,244.711795656338,3.40096181093932,-1.2,-0.01,-0.7,379
12.19,245.763314557436,0.706901307762038,244.803625775791,3.40096181093932,-1.2,-0.01,-0.7,379
12.2,245.641739974964,0.706901307762038,244.892437294736,3.40096181093932,-1.2,-0.01,-0.7,379
12.21,245.518289106621,0.706901307762038,244.975865349869,3.40096181093932,-1.2,-0.01,-0.7,379
12.213,245.480910760612,0.706901307762038,244.999587417906,6.70100965108757,-1.2,-0.01,-0.7,379
12.22,245.393103559867,0.706901307762038,245.052234000415,6.70100965108757,-1.2,-0.01,-0.7,379
12.23,245.266268064665,0.706901307762038,245.120137895169,6.70100965108757,-1.2,-0.01,-0.7,379
12.24,245.137824227568,0.706901307762038,245.177496150696,6.70100965108757,-1.2,-0.01,-0.7,379
12.25,245.007781990146,0.706901307762038,245.221633670669,6.70100965108757,-1.2,-0.01,-0.7,379
12.26,244.87612898644,0.706901307762038,245.250392217378,6.70100965108757,-1.2,-0.01,-0.7,379
12.27,244.74283802006,0.706901307762038,245.26234188209,6.70100965108757,-1.2,-0.01,-0.7,379
12.272,244.715980190742,-3.00364901386265,245.262626857278,0.598421146092014,-1.2,-0.01,-0.7,379
12.28,244.607882271701,-3.00364901386265,245.256490020196,0.598421146092014,-1.2,-0.01,-0.7,379
12.29,244.471415801405,-3.00364901386265,245.232720041868,0.598421146092014,-1.2,-0.01,-0.7,379
12.3,244.333968167118,-3.00364901386265,245.192885277698,0.598421146092014,-1.2,-0.01,-0.7,379
12.31,244.196341723604,-3.00364901386265,245.140481243938,0.598421146092014,-1.2,-0.01,-0.7,379
12.32,244.059490445779,-3.00364901386265,245.078831171131,0.598421146092014,-1.2,-0.01,-0.7,379
12.33,243.92442932191,-3.00364901386265,245.010442080591,0.598421146092014,-1.2,-0.01,-0.7,379
12.331,243.911060886784,-10.14988324675,245.003300706016,0.593526104301318,-1.2,-0.01,-0.7,379
12.336,243.84467681523,-10.14988324675,244.966978837262,0.593526104301318,-1.2,-0.01,-0.7,379
12.34,243.792197683372,-10.14988324675,244.937183347197,0.593526104301318,-1.2,-0.01,-0.7,379
12.35,243.664199799417,-10.14988324675,244.860374281874,0.593526104301318,-1.2,-0.01,-0.7,379
12.36,243.542483936331,-10.14988324675,244.780943600789,0.593526104301318,-1.2,-0.01,-0.7,379
12.37,243.429499357176,-10.14988324675,244.699533245386,0.593526104301318,-1.2,-0.01,-0.7,379
12.38,243.327858604989,-10.14988324675,244.616584740157,0.593526104301318,-1.2,-0.01,-0.7,379
12.39,243.240165926779,-9.36548033778213,244.532397894701,-5.51541801035656,-1.2,-0.01,-0.7,379
12.4,243.168894705016,-9.36548033778213,244.447786744636,-5.51541801035656,-1.2,-0.01,-0.7,379
12.41,243.116265690454,-9.36548033778213,244.365300153591,-5.51541801035656,-1.2,-0.01,-0.7,379
12.42,243.084178587787,-9.36548033778213,244.288785324333,-5.51541801035656,-1.2,-0.01,-0.7,379
12.43,243.074221003307,-9.36548033778213,244.221560541295,-5.51541801035656,-1.2,-0.01,-0.7,379
12.44,243.08769281172,-9.36548033778213,244.165916919386,-5.51541801035656,-1.2,-0.01,-0.7,379
12.449,243.120715714269,-2.96729409412137,244.127072936043,-5.26320244515512,-1.2,-0.01,-0.7,379
12.45,243.125636162836,-2.96729409412137,244.123447052643,-5.26320244515512,-1.2,-0.01,-0.7,379
12.455,243.154042740604,-2.96729409412137,244.107486151504,-5.26320244515512,-1.2,-0.01,-0.7,379
12.46,243.188812276834,-2.96729409412137,244.095172167339,-5.26320244515512,-1.2,-0.01,-0.7,379
12.47,243.277325480509,-2.96729409412137,244.081673265465,-5.26320244515512,-1.2,-0.01,-0.7,379
12.48,243.390502073562,-2.96729409412137,244.083223791354,-5.26320244515512,-1.2,-0.01,-0.7,379
12.49,243.527141017871,-2.96729409412137,244.099960764371,-5.26320244515512,-1.2,-0.01,-0.7,379
12.5,243.685730722625,-2.96729409412137,244.131958744936,-5.26320244515512,-1.2,-0.01,-0.7,379
12.508,243.827294436859,7.67983489305578,244.168566183814,0.087307382839787,-1.2,-0.01,-0.7,379
12.51,243.864612961492,7.67983489305578,244.179247913367,0.087307382839787,-1.2,-0.01,-0.7,379
12.52,244.061972406495,7.67983489305578,244.241234336925,0.087307382839787,-1.2,-0.01,-0.7,379
12.53,244.27519834979,7.67983489305578,244.315566712615,0.087307382839787,-1.2,-0.01,-0.7,379
12.54,244.500784654767,7.67983489305578,244.398559141204,0.087307382839787,-1.2,-0.01,-0.7,379
12.55,244.734742818781,7.67983489305578,244.487022850916,0.087307382839787,-1.2,-0.01,-0.7,379
12.56,244.972932481231,7.67983489305578,244.578768629011,0.087307382839787,-1.2,-0.01,-0.7,379
12.567,245.140002864767,14.6167081197596,244.644081327227,5.80684733015324,-1.2,-0.01,-0.7,379
12.57,245.211298191874,14.6167081197596,244.672237604684,5.80684733015324,-1.2,-0.01,-0.7,379
12.58,245.445914240299,14.6167081197596,244.765940139102,5.80684733015324,-1.2,-0.01,-0.7,379
12.59,245.67259969936,14.6167081197596,244.857011161192,5.80684733015324,-1.2,-0.01,-0.7,379
12.6,245.886939091258,14.6167081197596,244.941361829124,5.80684733015324,-1.2,-0.01,-0.7,379
12.61,246.084554565168,14.6167081197596,245.015580586993,5.80684733015324,-1.2,-0.01,-0.7,379
12.62,246.261299591958,14.6167081197596,245.077376407822,5.80684733015324,-1.2,-0.01,-0.7,379
12.626,246.355733790662,0.703252285883744,245.10779494707,4.81479856837537,-1.2,-0.01,-0.7,379
12.63,246.413383129257,0.703252285883744,245.125139612057,4.81479856837537,-1.2,-0.01,-0.7,379
12.64,246.537734627282,0.703252285883744,245.157875376214,4.81479856837537,-1.2,-0.01,-0.7,379
12.65,246.632983714241,0.703252285883744,245.17524386908,4.81479856837537,-1.2,-0.01,-0.7,379
12.66,246.699401737161,0.703252285883744,245.177409666635,4.81479856837537,-1.2,-0.01,-0.7,379
12.67,246.738389559537,0.703252285883744,245.164622836284,4.81479856837537,-1.2,-0.01,-0.7,379
12.68,246.752067463212,0.703252285883744,245.137084653964,4.81479856837537,-1.2,-0.01,-0.7,379
12.685,246.750195137815,0.703252285883744,245.117841399578,0.592034654122971,-1.2,-0.01,-0.7,379
12.69,246.742959462845,0.703252285883744,245.094975503958,0.592034654122971,-1.2,-0.01,-0.7,379
12.7,246.71375597669,0.703252285883744,245.038894343336,0.592034654122971,-1.2,-0.01,-0.7,379
12.71,246.667140917112,0.703252285883744,244.970736241435,0.592034654122971,-1.2,-0.01,-0.7,379
12.72,246.605671814763,0.703252285883744,244.893405258464,0.592034654122971,-1.2,-0.01,-0.7,379
12.73,246.531702150393,0.703252285883744,244.809479405431,0.592034654122971,-1.2,-0.01,-0.7,379
12.74,246.447336802585,0.703252285883744,244.720804395184,0.592034654122971,-1.2,-0.01,-0.7,379
12.744,246.411100437473,0.703252285883744,244.684313643563,-3.53222032116312,-1.2,-0.01,-0.7,379
12.75,246.354412575804,0.703252285883744,244.628715145552,-3.53222032116312,-1.2,-0.01,-0.7,379
12.76,246.254497059713,0.703252285883744,244.534604406273,-3.53222032116312,-1.2,-0.01,-0.7,379
12.77,246.148900168957,0.703252285883744,244.440888097025,-3.53222032116312,-1.2,-0.01,-0.7,379
12.78,246.03869399114,0.703252285883744,244.350706217338,-3.53222032116312,-1.2,-0.01,-0.7,379
12.79,245.924737387242,0.703252285883744,244.266651028627,-3.53222032116312,-1.2,-0.01,-0.7,379
12.8,245.80770275599,0.703252285883744,244.190464482488,-3.53222032116312,-1.2,-0.01,-0.7,379
12.803,245.772072553121,0.703252285883744,244.169326571321,-6.51497582658019,-1.2,-0.01,-0.7,379
12.81,245.688103051141,0.703252285883744,244.123339337034,-6.51497582658019,-1.2,-0.01,-0.7,379
12.82,245.566317726745,0.703252285883744,244.066400284614,-6.51497582658019,-1.2,-0.01,-0.7,379
12.83,245.442616754688,0.703252285883744,244.021462324152,-6.51497582658019,-1.2,-0.01,-0.7,379
12.84,245.317182205862,0.703252285883744,243.990821784328,-6.51497582658019,-1.2,-0.01,-0.7,379
12.85,245.190127164188,0.703252285883744,243.976322333093,-6.51497582658019,-1.2,-0.01,-0.7,379
12.86,245.061511933699,0.703252285883744,243.979160278392,-6.51497582658019,-1.2,-0.01,-0.7,379
12.862,245.035604079816,0.703252285883744,243.98187958131,-2.85433353969122,-1.2,-0.01,-0.7,379
12.87,244.931357636798,0.703252285883744,244.000130771137,-2.85433353969122,-1.2,-0.01,-0.7,379
12.88,244.799657387487,0.703252285883744,244.039270011159,-2.85433353969122,-1.2,-0.01,-0.7,379
12.89,244.666385287045,0.703252285883744,244.095175516034,-2.85433353969122,-1.2,-0.01,-0.7,379
12.9,244.531503497053,0.703252285883744,244.165410357371,-2.85433353969122,-1.2,-0.01,-0.7,379
12.91,244.394967668432,0.703252285883744,244.247828407785,-2.85433353969122,-1.2,-0.01,-0.7,379
12.92,244.256730985431,0.703252285883744,244.340942190241,-2.85433353969122,-1.2,-0.01,-0.7,379
12.921,244.242811968785,-9.18896016260351,244.35080223534,4.18876873085111,-1.2,-0.01,-0.7,379
12.926,244.172957085079,-9.18896016260351,244.401481858976,4.18876873085111,-1.2,-0.01,-0.7,379
12.93,244.116786768759,-9.18896016260351,244.443680835652,4.18876873085111,-1.2,-0.01,-0.7,379
12.94,243.975704262048,-9.18896016260351,244.554732544231,4.18876873085111,-1.2,-0.01,-0.7,379
12.95,243.835056790062,-9.18896016260351,244.670943376374,4.18876873085111,-1.2,-0.01,-0.7,379
12.96,243.697109573869,-9.18896016260351,244.787560245654,4.18876873085111,-1.2,-0.01,-0.7,379
12.97,243.564501121434,-9.18896016260351,244.900475460631,4.18876873085111,-1.2,-0.01,-0.7,379
12.98,243.440005805596,-10.6940063736247,245.00685869375,8.29272094449431,-1.2,-0.01,-0.7,379
12.99,243.32637270651,-10.6940063736247,245.104446835613,8.29272094449431,-1.2,-0.01,-0.7,379
13,243.226299448143,-10.6940063736247,245.19039572571,8.29272094449431,-1.2,-0.01,-0.7,379
13.01,243.142409723817,-10.6940063736247,245.261205048206,8.29272094449431,-1.2,-0.01,-0.7,379
13.02,243.077162203498,-10.6940063736247,245.314072114581,8.29272094449431,-1.2,-0.01,-0.7,379
13.03,243.032788355084,-10.6940063736247,245.347119539004,8.29272094449431,-1.2,-0.01,-0.7,379
13.039,243.012334445255,-6.75738050442043,245.358820683479,0.590374584121576,-1.2,-0.01,-0.7,379
13.04,243.011260341562,-6.75738050442043,245.359038399034,0.590374584121576,-1.2,-0.01,-0.7,379
13.045,243.009602982334,-6.75738050442043,245.35694846438,0.590374584121576,-1.2,-0.01,-0.7,379
13.05,243.014246801798,-6.75738050442043,245.349583916472,0.590374584121576,-1.2,-0.01,-0.7,379
13.06,243.042867281708,-6.75738050442043,245.320888774817,0.590374584121576,-1.2,-0.01,-0.7,379
13.07,243.09761545058,-6.75738050442043,245.277112690959,0.590374584121576,-1.2,-0.01,-0.7,379
13.08,243.178518816157,-6.75738050442043,245.222317287349,0.590374584121576,-1.2,-0.01,-0.7,379
13.09,243.285281984866,-6.75738050442043,245.159641452237,0.590374584121576,-1.2,-0.01,-0.7,379
13.098,243.388976936372,3.23612447445288,245.105442368978,0.590374584121576,-1.2,-0.01,-0.7,379
13.1,243.417399904258,3.23612447445288,245.091436998765,0.590374584121576,-1.2,-0.01,-0.7,379
13.11,243.574123549378,3.23612447445288,245.019365124655,0.590374584121576,-1.2,-0.01,-0.7,379
13.12,243.753851567024,3.23612447445288,244.944585738085,0.590374584121576,-1.2,-0.01,-0.7,379
13.13,243.954032786617,3.23612447445288,244.867893368064,0.590374584121576,-1.2,-0.01,-0.7,379
13.14,244.171552629051,3.23612447445288,244.789829395373,0.590374584121576,-1.2,-0.01,-0.7,379
13.15,244.403046471995,3.23612447445288,244.710758478513,0.590374584121576,-1.2,-0.01,-0.7,379
13.157,244.571589667751,14.2166680312783,244.654944211497,-3.91757459855612,-1.2,-0.01,-0.7,379
13.16,244.645128714631,14.2166680312783,244.630923733848,-3.91757459855612,-1.2,-0.01,-0.7,379
13.17,244.894370196424,14.2166680312783,244.550964613782,-3.91757459855612,-1.2,-0.01,-0.7,379
13.18,245.146634507925,14.2166680312783,244.472859175765,-3.91757459855612,-1.2,-0.01,-0.7,379
13.19,245.397084496059,14.2166680312783,244.399567459605,-3.91757459855612,-1.2,-0.01,-0.7,379
13.2,245.640611304027,14.2166680312783,244.333584997958,-3.91757459855612,-1.2,-0.01,-0.7,379
13.21,245.872157848625,14.2166680312783,244.276583637131,-3.91757459855612,-1.2,-0.01,-0.7,379
13.216,246.003329122612,5.78234361039759,244.247191076017,-5.15094877259287,-1.2,-0.01,-0.7,379
13.22,246.086941572201,5.78234361039759,244.229711139668,-5.15094877259287,-1.2,-0.01,-0.7,379
13.23,246.280775863819,5.78234361039759,244.193865563177,-5.15094877259287,-1.2,-0.01,-0.7,379
13.24,246.450727429018,5.78234361039759,244.170099997963,-5.15094877259287,-1.2,-0.01,-0.7,379
13.25,246.595108010725,5.78234361039759,244.159576509366,-5.15094877259287,-1.2,-0.01,-0.7,379
13.26,246.713167263527,5.78234361039759,244.163200287246,-5.15094877259287,-1.2,-0.01,-0.7,379
13.27,246.804834930536,5.78234361039759,244.181554198141,-5.15094877259287,-1.2,-0.01,-0.7,379
13.275,246.840883886244,0.699509159989762,244.196379929653,-0.977461349883815,-1.2,-0.01,-0.7,379
13.28,246.870515101116,0.699509159989762,244.215019121431,-0.977461349883815,-1.2,-0.01,-0.7,379
13.29,246.911060732173,0.699509159989762,244.263320968588,-0.977461349883815,-1.2,-0.01,-0.7,379
13.3,246.927988791646,0.699509159989762,244.32467809784,-0.977461349883815,-1.2,-0.01,-0.7,379
13.31,246.923328261458,0.699509159989762,244.396200998065,-0.977461349883815,-1.2,-0.01,-0.7,379
13.32,246.899372789817,0.699509159989762,244.47537328768,-0.977461349883815,-1.2,-0.01,-0.7,379
13.33,246.858495575587,0.699509159989762,244.56045555889,-0.977461349883815,-1.2,-0.01,-0.7,379
13.334,246.837930431606,0.699509159989762,244.595854048439,4.8438010094553,-1.2,-0.01,-0.7,379
13.34,246.803017125445,0.699509159989762,244.650201085138,4.8438010094553,-1.2,-0.01,-0.7,379
13.35,246.735115856764,0.699509159989762,244.743272064251,4.8438010094553,-1.2,-0.01,-0.7,379
13.36,246.656772465195,0.699509159989762,244.836824813229,4.8438010094553,-1.2,-0.01,-0.7,379
13.37,246.569740528768,0.699509159989762,244.926727702623,4.8438010094553,-1.2,-0.01,-0.7,379
13.38,246.475536530299,0.699509159989762,245.009495795689,4.8438010094553,-1.2,-0.01,-0.7,379
13.39,246.375443846584,0.699509159989762,245.082768805718,4.8438010094553,-1.2,-0.01,-0.7,379
13.393,246.344432206123,0.699509159989762,245.102644071572,5.3839662296614,-1.2,-0.01,-0.7,379
13.4,246.270526199027,0.699509159989762,245.144881548745,5.3839662296614,-1.2,-0.01,-0.7,379
13.41,246.161647022937,0.699509159989762,245.194663517054,5.3839662296614,-1.2,-0.01,-0.7,379
13.42,246.049492008249,0.699509159989762,245.231131580912,5.3839662296614,-1.2,-0.01,-0.7,379
13.43,245.934592813349,0.699509159989762,245.253421454843,5.3839662296614,-1.2,-0.01,-0.7,379
13.44,245.817350477454,0.699509159989762,245.260898988414,5.3839662296614,-1.2,-0.01,-0.7,379
13.45,245.698057557152,0.699509159989762,245.253153101087,5.3839662296614,-1.2,-0.01,-0.7,379
13.452,245.673972225016,0.699509159989762,245.249753272633,0.589014261988283,-1.2,-0.01,-0.7,379
13.46,245.576918366366,0.699509159989762,245.229918969662,0.589014261988283,-1.2,-0.01,-0.7,379
13.47,245.454066977588,0.699509159989762,245.191516379258,0.589014261988283,-1.2,-0.01,-0.7,379
13.48,245.329582860691,0.699509159989762,245.139791259197,0.589014261988283,-1.2,-0.01,-0.7,379
13.49,245.203504168111,0.699509159989762,245.077811108131,0.589014261988283,-1.2,-0.01,-0.7,379
13.5,245.075838793708,0.699509159989762,245.008369457421,0.589014261988283,-1.2,-0.01,-0.7,379
13.51,244.946573387622,0.699509159989762,244.93350351278,0.589014261988283,-1.2,-0.01,-0.7,379
13.511,244.933557879525,-0.168517729194648,244.925773289728,-0.380713674923404,-1.2,-0.01,-0.7,379
13.516,244.868235478654,-0.168517729194648,244.88662337135,-0.380713674923404,-1.2,-0.01,-0.7,379
13.52,244.815684032679,-0.168517729194648,244.854704872906,-0.380713674923404,-1.2,-0.01,-0.7,379
13.53,244.683188688143,-0.168517729194648,244.773136257992,-0.380713674923404,-1.2,-0.01,-0.7,379
13.54,244.549188903788,-0.168517729194648,244.689978099382,-0.380713674923404,-1.2,-0.01,-0.7,379
13.55,244.413845507419,-0.168517729194648,244.606415735093,-0.380713674923404,-1.2,-0.01,-0.7,379
13.56,244.277352887816,-0.168517729194648,244.523372206039,-0.380713674923404,-1.2,-0.01,-0.7,379
13.57,244.139919713917,-9.74867241679969,244.441468580083,-5.82725531620735,-1.2,-0.01,-0.7,379
13.58,244.001813181136,-9.74867241679969,244.361696636976,-5.82725531620735,-1.2,-0.01,-0.7,379
13.59,243.863922682116,-9.74867241679969,244.286542817997,-5.82725531620735,-1.2,-0.01,-0.7,379
13.6,243.728078012958,-9.74867241679969,244.21959040282,-5.82725531620735,-1.2,-0.01,-0.7,379
13.61,243.596720425538,-9.74867241679969,244.163855443057,-5.82725531620735,-1.2,-0.01,-0.7,379
13.62,243.472600531421,-9.74867241679969,244.121373958599,-5.82725531620735,-1.2,-0.01,-0.7,379
13.629,243.369426484961,-10.3991707955879,244.095640447055,-4.59963617493478,-1.2,-0.01,-0.7,379
13.63,243.358555236293,-10.3991707955879,244.093540814588,-4.59963617493478,-1.2,-0.01,-0.7,379
13.635,243.306181220363,-10.3991707955879,244.085372952938,-4.59963617493478,-1.2,-0.01,-0.7,379
13.64,243.257355507797,-10.3991707955879,244.081106046068,-4.59963617493478,-1.2,-0.01,-0.7,379
13.65,243.17164272717,-10.3991707955879,244.0840839965,-4.59963617493478,-1.2,-0.01,-0.7,379
13.66,243.103879658492,-10.3991707955879,244.101974507281,-4.59963617493478,-1.2,-0.01,-0.7,379
13.67,243.056294445353,-10.3991707955879,244.134268968967,-4.59963617493478,-1.2,-0.01,-0.7,379
13.68,243.030850986902,-10.3991707955879,244.180605204431,-4.59963617493478,-1.2,-0.01,-0.7,379
13.688,243.027584080379,-5.7246559726445,244.227595108166,1.2267852682486,-1.2,-0.01,-0.7,379
13.69,243.029240861385,-5.7246559726445,244.240707976693,1.2267852682486,-1.2,-0.01,-0.7,379
13.7,243.052833483419,-5.7246559726445,244.313768985372,1.2267852682486,-1.2,-0.01,-0.7,379
13.71,243.102379015314,-5.7246559726445,244.397179817614,1.2267852682486,-1.2,-0.01,-0.7,379
13.72,243.177965863264,-5.7246559726445,244.486925367328,1.2267852682486,-1.2,-0.01,-0.7,379
13.73,243.279212848667,-5.7246559726445,244.579541720646,1.2267852682486,-1.2,-0.01,-0.7,379
13.74,243.405431746434,-5.7246559726445,244.672653060226,1.2267852682486,-1.2,-0.01,-0.7,379
13.747,243.508182059529,4.60866514154884,244.737191636867,6.31834211791531,-1.2,-0.01,-0.7,379
13.75,243.55575280891,4.60866514154884,244.764570859869,6.31834211791531,-1.2,-0.01,-0.7,379
13.76,243.729049210725,4.60866514154884,244.853766597169,6.31834211791531,-1.2,-0.01,-0.7,379
13.77,243.923289311581,4.60866514154884,244.93753348551,6.31834211791531,-1.2,-0.01,-0.7,379
13.78,244.135530293047,4.60866514154884,245.012113665124,6.31834211791531,-1.2,-0.01,-0.7,379
13.79,244.362318279618,4.60866514154884,245.074408125132,6.31834211791531,-1.2,-0.01,-0.7,379
13.8,244.600001594137,4.60866514154884,245.122348441871,6.31834211791531,-1.2,-0.01,-0.7,379
13.806,244.746328169233,15.0814194766906,245.143596237118,3.7055619120472,-1.2,-0.01,-0.7,379
13.81,244.844956359666,15.0814194766906,245.154486188054,3.7055619120472,-1.2,-0.01,-0.7,379
13.82,245.09351458183,15.0814194766906,245.170083721394,3.7055619120472,-1.2,-0.01,-0.7,379
13.83,245.341331254064,15.0814194766906,245.169512930657,3.7055619120472,-1.2,-0.01,-0.7,379
13.84,245.583480648688,15.0814194766906,245.154033885209,3.7055619120472,-1.2,-0.01,-0.7,379
13.85,245.814860330319,15.0814194766906,245.124864777764,3.7055619120472,-1.2,-0.01,-0.7,379
13.86,246.03048601603,15.0814194766906,245.082902005142,3.7055619120472,-1.2,-0.01,-0.7,379
13.865,246.130916182501,3.7054726977956,245.057345571153,0.587496586734803,-1.2,-0.01,-0.7,379
13.87,246.225693819611,3.7054726977956,245.028834673723,0.587496586734803,-1.2,-0.01,-0.7,379
13.88,246.396570979919,3.7054726977956,244.963524508955,0.587496586734803,-1.2,-0.01,-0.7,379
13.89,246.540777198156,3.7054726977956,244.888714872261,0.587496586734803,-1.2,-0.01,-0.7,379
13.9,246.657427036652,3.7054726977956,244.806806765311,0.587496586734803,-1.2,-0.01,-0.7,379
13.91,246.746679862115,3.7054726977956,244.719855978774,0.587496586734803,-1.2,-0.01,-0.7,379
13.92,246.809408999244,3.7054726977956,244.629299305742,0.587496586734803,-1.2,-0.01,-0.7,379
13.924,246.827361030954,0.695806909038413,244.592304443875,-4.73880400073887,-1.2,-0.01,-0.7,379
13.93,246.84694448645,0.695806909038413,244.536160596173,-4.73880400073887,-1.2,-0.01,-0.7,379
13.94,246.860974628754,0.695806909038413,244.441707432914,-4.73880400073887,-1.2,-0.01,-0.7,379
13.95,246.853588140225,0.695806909038413,244.348609161246,-4.73880400073887,-1.2,-0.01,-0.7,379
13.96,246.82711242961,0.695806909038413,244.260550307666,-4.73880400073887,-1.2,-0.01,-0.7,379
13.97,246.783935232736,0.695806909038413,244.180625920832,-4.73880400073887,-1.2,-0.01,-0.7,379
13.98,246.726377594618,0.695806909038413,244.110936055071,-4.73880400073887,-1.2,-0.01,-0.7,379
13.983,246.70663541716,0.695806909038413,244.092246868255,-6.43493420215219,-1.2,-0.01,-0.7,379
13.99,246.65660868445,0.695806909038413,244.052923989286,-6.43493420215219,-1.2,-0.01,-0.7,379
14,246.576593678748,0.695806909038413,244.007742775499,-6.43493420215219,-1.2,-0.01,-0.7,379
14.01,246.488066925429,0.695806909038413,243.97678304793,-6.43493420215219,-1.2,-0.01,-0.7,379
14.02,246.392524029909,0.695806909038413,243.961599552804,-6.43493420215219,-1.2,-0.01,-0.7,379
14.03,246.291227304592,0.695806909038413,243.96340786808,-6.43493420215219,-1.2,-0.01,-0.7,379
14.04,246.1852202449,0.695806909038413,243.982993265456,-6.43493420215219,-1.2,-0.01,-0.7,379
14.042,246.163531172807,0.695806909038413,243.989089918798,-1.85026763594071,-1.2,-0.01,-0.7,379
14.05,246.075347561282,0.695806909038413,244.020871521816,-1.85026763594071,-1.2,-0.01,-0.7,379
14.06,245.962278122416,0.695806909038413,244.076801575025,-1.85026763594071,-1.2,-0.01,-0.7,379
14.07,245.84652884132,0.695806909038413,244.148876528286,-1.85026763594071,-1.2,-0.01,-0.7,379
14.08,245.728488123094,0.695806909038413,244.233969009522,-1.85026763594071,-1.2,-0.01,-0.7,379
14.09,245.608437924645,0.695806909038413,244.329343995547,-1.85026763594071,-1.2,-0.01,-0.7,379
14.1,245.486573848526,0.695806909038413,244.433109206004,-1.85026763594071,-1.2,-0.01,-0.7,379
14.101,245.474293076467,0.695806909038413,244.443897025954,5.31481699178803,-1.2,-0.01,-0.7,379
14.106,245.412639973134,0.695806909038413,244.498809870814,5.31481699178803,-1.2,-0.01,-0.7,379
14.11,245.363022959797,0.695806909038413,244.543908640834,5.31481699178803,-1.2,-0.01,-0.7,379
14.12,245.237859212358,0.695806909038413,244.660284804021,5.31481699178803,-1.2,-0.01,-0.7,379
14.13,245.111116528882,0.695806909038413,244.779008321348,5.31481699178803,-1.2,-0.01,-0.7,379
14.14,244.982799652125,0.695806909038413,244.895249815428,5.31481699178803,-1.2,-0.01,-0.7,379
14.15,244.852892970022,0.695806909038413,245.004849503197,5.31481699178803,-1.2,-0.01,-0.7,379
14.16,244.721367536075,-2.94436094170286,245.104945813845,7.18362782976922,-1.2,-0.01,-0.7,379
14.17,244.588208639262,-2.94436094170286,245.193375758278,7.18362782976922,-1.2,-0.01,-0.7,379
14.18,244.453637764123,-2.94436094170286,245.26804993608,7.18362782976922,-1.2,-0.01,-0.7,379
14.19,244.318238923463,-2.94436094170286,245.326823546151,7.18362782976922,-1.2,-0.01,-0.7,379
14.2,244.182837334837,-2.94436094170286,245.368054469613,7.18362782976922,-1.2,-0.01,-0.7,379
14.21,244.04838696364,-2.94436094170286,245.390647222181,7.18362782976922,-1.2,-0.01,-0.7,379
14.219,243.929020838158,-9.99025601293319,245.394416523007,0.585795934306363,-1.2,-0.01,-0.7,379
14.22,243.915887002748,-9.99025601293319,245.393851109121,0.585795934306363,-1.2,-0.01,-0.7,379
14.225,243.850683632679,-9.99025601293319,245.388169867055,0.585795934306363,-1.2,-0.01,-0.7,379
14.23,243.786384291794,-9.99025601293319,245.377764504811,0.585795934306363,-1.2,-0.01,-0.7,379
14.24,243.66138868951,-9.99025601293319,245.344536338055,0.585795934306363,-1.2,-0.01,-0.7,379
14.25,243.543016795506,-9.99025601293319,245.298020721594,0.585795934306363,-1.2,-0.01,-0.7,379
14.26,243.433728423316,-9.99025601293319,245.241865072513,0.585795934306363,-1.2,-0.01,-0.7,379
14.27,243.336106335789,-9.99025601293319,245.178816483283,0.585795934306363,-1.2,-0.01,-0.7,379
14.278,243.268124813959,-9.22437885522195,245.124812356716,0.585795934306363,-1.2,-0.01,-0.7,379
14.28,243.252698601634,-9.22437885522195,245.110908941616,0.585795934306363,-1.2,-0.01,-0.7,379
14.29,243.185902263294,-9.22437885522195,245.039568130503,0.585795934306363,-1.2,-0.01,-0.7,379
14.3,243.137844468401,-9.22437885522195,244.965787826976,0.585795934306363,-1.2,-0.01,-0.7,379
14.31,243.110335539814,-9.22437885522195,244.890247905052,0.585795934306363,-1.2,-0.01,-0.7,379
14.32,243.104883018857,-9.22437885522195,244.813411615967,0.585795934306363,-1.2,-0.01,-0.7,379
14.33,243.122716806953,-9.22437885522195,244.735590722982,0.585795934306363,-1.2,-0.01,-0.7,379
14.337,243.149590844109,-2.93283739075406,244.680645105163,-3.58638631892459,-1.2,-0.01,-0.7,379
14.34,243.164818913773,-2.93283739075406,244.65699278386,-3.58638631892459,-1.2,-0.01,-0.7,379
14.35,243.231851770906,-2.93283739075406,244.578201706864,-3.58638631892459,-1.2,-0.01,-0.7,379
14.36,243.323755301685,-2.93283739075406,244.501055043626,-3.58638631892459,-1.2,-0.01,-0.7,379
14.37,243.439745827661,-2.93283739075406,244.428311640664,-3.58638631892459,-1.2,-0.01,-0.7,379
14.38,243.578567809894,-2.93283739075406,244.3622983743,-3.58638631892459,-1.2,-0.01,-0.7,379
14.39,243.738696002864,-2.93283739075406,244.304573712372,-3.58638631892459,-1.2,-0.01,-0.7,379
14.396,243.844317810496,7.5486017930178,244.274381626203,-5.10520970774158,-1.2,-0.01,-0.7,379
14.4,243.918485894995,7.5486017930178,244.256208909131,-5.10520970774158,-1.2,-0.01,-0.7,379
14.41,244.116056915486,7.5486017930178,244.218085354727,-5.10520970774158,-1.2,-0.01,-0.7,379
14.42,244.328638433337,7.5486017930178,244.191349193977,-5.10520970774158,-1.2,-0.01,-0.7,379
14.43,244.552654788816,7.5486017930178,244.177332814956,-5.10520970774158,-1.2,-0.01,-0.7,379
14.44,244.784128562365,7.5486017930178,244.177087815402,-5.10520970774158,-1.2,-0.01,-0.7,379
14.45,245.018986118699,7.5486017930178,244.191294085586,-5.10520970774158,-1.2,-0.01,-0.7,379
14.455,245.136439463037,14.4036988422149,244.203963331295,-1.20553589787649,-1.2,-0.01,-0.7,379
14.46,245.253271966175,14.4036988422149,244.220399621991,-1.20553589787649,-1.2,-0.01,-0.7,379
14.47,245.483104238558,14.4036988422149,244.264202715195,-1.20553589787649,-1.2,-0.01,-0.7,379
14.48,245.704297192657,14.4036988422149,244.321065194244,-1.20553589787649,-1.2,-0.01,-0.7,379
14.49,245.912486977582,14.4036988422149,244.388298629409,-1.20553589787649,-1.2,-0.01,-0.7,379
14.5,246.103389665932,14.4036988422149,244.463558779583,-1.20553589787649,-1.2,-0.01,-0.7,379
14.51,246.272977154421,14.4036988422149,244.545224680261,-1.20553589787649,-1.2,-0.01,-0.7,379
14.514,246.334009410372,0.692215237925663,244.579414830726,4.5345168505987,-1.2,-0.01,-0.7,379
14.52,246.4175966008,0.692215237925663,244.632133160765,4.5345168505987,-1.2,-0.01,-0.7,379
14.53,246.534485503275,0.692215237925663,244.722995788819,4.5345168505987,-1.2,-0.01,-0.7,379
14.54,246.622653239742,0.692215237925663,244.815012081947,4.5345168505987,-1.2,-0.01,-0.7,379
14.55,246.682624248192,0.692215237925663,244.904103149129,4.5345168505987,-1.2,-0.01,-0.7,379
14.56,246.715947662734,0.692215237925663,244.986825275348,4.5345168505987,-1.2,-0.01,-0.7,379
14.57,246.724812965784,0.692215237925663,245.060844666422,4.5345168505987,-1.2,-0.01,-0.7,379
14.573,246.723077308513,0.692215237925663,245.081101104625,5.57445512694779,-1.2,-0.01,-0.7,379
14.58,246.71175530526,0.692215237925663,245.124514060898,5.57445512694779,-1.2,-0.01,-0.7,379
14.59,246.679435246384,0.692215237925663,245.176631768261,5.57445512694779,-1.2,-0.01,-0.7,379
14.6,246.630479640648,0.692215237925663,245.21602131623,5.57445512694779,-1.2,-0.01,-0.7,379
14.61,246.5673726006,0.692215237925663,245.241493232696,5.57445512694779,-1.2,-0.01,-0.7,379
14.62,246.492386177865,0.692215237925663,245.25213699024,5.57445512694779,-1.2,-0.01,-0.7,379
14.63,246.407541996933,0.692215237925663,245.24735469649,5.57445512694779,-1.2,-0.01,-0.7,379
14.632,246.389549465269,0.692215237925663,245.244511455145,0.584461593193461,-1.2,-0.01,-0.7,379
14.64,246.314596167785,0.692215237925663,245.226747237411,0.584461593193461,-1.2,-0.01,-0.7,379
14.65,246.215041058979,0.692215237925663,245.190551544208,0.584461593193461,-1.2,-0.01,-0.7,379
14.66,246.11011860864,0.692215237925663,245.140603824014,0.584461593193461,-1.2,-0.01,-0.7,379
14.67,246.000841048015,0.692215237925663,245.080031173432,0.584461593193461,-1.2,-0.01,-0.7,379
14.68,245.888015734959,0.692215237925663,245.011705038215,0.584461593193461,-1.2,-0.01,-0.7,379
14.69,245.772271691766,0.692215237925663,244.93773303515,0.584461593193461,-1.2,-0.01,-0.7,379
14.691,245.760556305312,0.692215237925663,244.930082068387,-0.328974706596377,-1.2,-0.01,-0.7,379
14.696,245.701628327838,0.692215237925663,244.891307606751,-0.328974706596377,-1.2,-0.01,-0.7,379
14.7,245.654086091531,0.692215237925663,244.85966448406,-0.328974706596377,-1.2,-0.01,-0.7,379
14.71,245.533809487338,0.692215237925663,244.778699248017,-0.328974706596377,-1.2,-0.01,-0.7,379
14.72,245.41168902076,0.692215237925663,244.696024758361,-0.328974706596377,-1.2,-0.01,-0.7,379
14.73,245.28788916578,0.692215237925663,244.612810850212,-0.328974706596377,-1.2,-0.01,-0.7,379
14.74,245.162509825822,0.692215237925663,244.529964519062,-0.328974706596377,-1.2,-0.01,-0.7,379
14.75,245.035601774897,0.692215237925663,244.448096869263,-5.79633187944869,-1.2,-0.01,-0.7,379
14.76,244.907179559842,0.692215237925663,244.368194607779,-5.79633187944869,-1.2,-0.01,-0.7,379
14.77,244.777232060489,0.692215237925663,244.292747248563,-5.79633187944869,-1.2,-0.01,-0.7,379
14.78,244.645730950762,0.692215237925663,244.225348375755,-5.79633187944869,-1.2,-0.01,-0.7,379
14.79,244.51263732439,0.692215237925663,244.169026771921,-5.79633187944869,-1.2,-0.01,-0.7,379
14.8,244.377906751131,0.692215237925663,244.125829943516,-5.79633187944869,-1.2,-0.01,-0.7,379
14.809,244.255211442443,-9.03800544283003,244.099350276514,-4.63435638881469,-1.2,-0.01,-0.7,379
14.81,244.241493025179,-9.03800544283003,244.097161962905,-4.63435638881469,-1.2,-0.01,-0.7,379
14.815,244.172648600969,-9.03800544283003,244.088536247455,-4.63435638881469,-1.2,-0.01,-0.7,379
14.82,244.103436654047,-9.03800544283003,244.083788365583,-4.63435638881469,-1.2,-0.01,-0.7,379
14.83,243.964496576537,-9.03800544283003,244.085759911367,-4.63435638881469,-1.2,-0.01,-0.7,379
14.84,243.826385796118,-9.03800544283003,244.102627598388,-4.63435638881469,-1.2,-0.01,-0.7,379
14.85,243.691428138642,-9.03800544283003,244.1339258822,-4.63435638881469,-1.2,-0.01,-0.7,379
14.86,243.562262006771,-9.03800544283003,244.179321876772,-4.63435638881469,-1.2,-0.01,-0.7,379
14.868,243.464937122203,-10.5264356435266,244.225614047936,1.15234493863939,-1.2,-0.01,-0.7,379
14.87,243.441621149463,-10.5264356435266,244.23856095076,1.15234493863939,-1.2,-0.01,-0.7,379
14.88,243.332197253288,-10.5264356435266,244.310849601526,1.15234493863939,-1.2,-0.01,-0.7,379
14.89,243.236636296614,-10.5264356435266,244.393598676141,1.15234493863939,-1.2,-0.01,-0.7,379
14.9,243.157495038218,-10.5264356435266,244.482818964606,1.15234493863939,-1.2,-0.01,-0.7,379
14.91,243.097153466223,-10.5264356435266,244.575068741126,1.15234493863939,-1.2,-0.01,-0.7,379
14.92,243.057759983418,-10.5264356435266,244.667987482239,1.15234493863939,-1.2,-0.01,-0.7,379
14.927,243.043671407369,-6.65479198870044,244.732500679577,6.27601645217637,-1.2,-0.01,-0.7,379
14.93,243.041204357142,-6.65479198870044,244.759897375386,6.27601645217637,-1.2,-0.01,-0.7,379
14.94,243.049047482957,-6.65479198870044,244.84927427698,6.27601645217637,-1.2,-0.01,-0.7,379
14.95,243.082261935872,-6.65479198870044,244.933404387424,6.27601645217637,-1.2,-0.01,-0.7,379
14.96,243.141230872261,-6.65479198870044,245.008513453527,6.27601645217637,-1.2,-0.01,-0.7,379
14.97,243.225909300393,-6.65479198870044,245.071486949472,6.27601645217637,-1.2,-0.01,-0.7,379
14.98,243.335958790692,-6.65479198870044,245.120245538906,6.27601645217637,-1.2,-0.01,-0.7,379
14.986,243.41395309409,3.17963215893434,245.142047720816,3.75666937389686,-1.2,-0.01,-0.7,379
14.99,243.470852064668,3.17963215893434,245.153332889017,3.75666937389686,-1.2,-0.01,-0.7,379
15,243.629742467916,3.17963215893434,245.169997527288,3.75666937389686,-1.2,-0.01,-0.7,379
0,71,-45,71,-45,-1.2,-0.01,-0.7,71
4.46557587823925e-06,71,-45,71.0000000001712,-45,-1.2,-0.01,-0.7,71
2.67934552694355e-05,71,-45,71.0000000061639,-45,-1.2,-0.01,-0.7,71
0.000138432852225417,71.0000000000108,-45,71.0000001645425,-45,-1.2,-0.01,-0.7,71
0.000696629837005323,71.0000000068944,-45,71.0000041668128,-45,-1.2,-0.01,-0.7,71
0.00348761476090486,71.0000042424792,-45,71.0001044375939,-45,-1.2,-0.01,-0.7,71
0.00855535014100542,71.0001479569543,-45,71.0006284567865,-45,-1.2,-0.01,-0.7,71
0.01,71.0002732294294,-45,71.0008586177129,-45,-1.2,-0.01,-0.7,71
0.0172232492949729,71.0022788464947,-45,71.004036701172,-45,-1.2,-0.01,-0.7,71
0.02,71.0040589970588,-45,71.0062896417955,-45,-1.2,-0.01,-0.7,71
0.03,71.0190755707467,-45,71.023401275484,-45,-1.2,-0.01,-0.7,71
0.04,71.0559495322622,-45,71.0611226769357,-45,-1.2,-0.01,-0.7,71
0.05,71.1267264932933,-45,71.1290096259463,-45,-1.2,-0.01,-0.7,71
0.059,71.2296133489831,-45,71.2241316255768,-45,-1.2,-0.01,-0.7,71
0.06,71.2437387270622,-45,71.2369542434185,-45,-1.2,-0.01,-0.7,71
0.065,71.3233118610178,-45,71.3090919358792,-45,-1.2,-0.01,-0.7,71
0.07,71.4188038812444,-45,71.3950253280727,-45,-1.2,-0.01,-0.7,71
0.08,71.6627173714493,-45,71.6133314255678,-45,-1.2,-0.01,-0.7,71
0.09,71.9849857043013,-45,71.9018392437217,-45,-1.2,-0.01,-0.7,71
0.1,72.3937404720653,-45,72.2699428654046,-45,-1.2,-0.01,-0.7,71
0.11,72.8957735480093,-45,72.7258282402642,-45,-1.2,-0.01,-0.7,71
0.118,73.3683342116752,-45,73.1582108122805,-45,-1.2,-0.01,-0.7,71
0.12,73.4966444113669,-45,73.2760186510921,-45,-1.2,-0.01,-0.7,71
0.13,74.2008226563656,-45,73.9253562637911,-45,-1.2,-0.01,-0.7,71
0.14,75.0118407274721,-45,74.6772604454231,-45,-1.2,-0.01,-0.7,71
0.15,75.9324420654105,-45,75.5340587155819,-45,-1.2,-0.01,-0.7,71
0.16,76.9647166676877,-45,76.4972992384057,-45,-1.2,-0.01,-0.7,71
0.17,78.1102208791823,-45,77.5679978743697,-45,-1.2,-0.01,-0.7,71
0.177,78.9800630771246,-45,78.3817905146469,-45,-1.2,-0.01,-0.7,71
0.18,79.370080872039,-45,78.7468156501151,-45,-1.2,-0.01,-0.7,71
0.19,80.7450806729557,-45,80.0341798107016,-45,-1.2,-0.01,-0.7,71
0.2,82.2357362345604,-45,81.4303643550156,-45,-1.2,-0.01,-0.7,71
0.21,83.8423571402738,-45,82.9355430285016,-45,-1.2,-0.01,-0.7,71
0.22,85.5650975410421,-45,84.5498240710583,-45,-1.2,-0.01,-0.7,71
0.23,87.4039977511664,-45,86.2732729913487,-45,-1.2,-0.01,-0.7,71
0.236,88.5630804549778,-45,87.3597594220237,-45,-1.2,-0.01,-0.7,71
0.24,89.3590177951784,-45,88.105927506095,-45,-1.2,-0.01,-0.7,71
0.25,91.4300640468617,-45,90.0478073485654,-45,-1.2,-0.01,-0.7,71
0.26,93.6170100195773,-45,92.098920712275,-45,-1.2,-0.01,-0.7,71
0.27,95.9197121986345,-45,94.2592684838004,-45,-1.2,-0.01,-0.7,71
0.28,98.3380217765844,-45,96.5288470206362,-45,-1.2,-0.01,-0.7,71
0.29,100.871793023192,-45,98.9076499702294,-45,-1.2,-0.01,-0.7,71
0.295,102.181933513096,-10.2987639866005,100.138008171551,-22.7259360015453,-1.2,-0.01,-0.7,71
0.3,103.520879643986,-10.2987639866005,101.395669456563,-22.7259360015453,-1.2,-0.01,-0.7,71
0.31,106.284480087577,-10.2987639866005,103.992277680346,-22.7259360015453,-1.2,-0.01,-0.7,71
0.32,109.159464197046,-10.2987639866005,106.694453844667,-22.7259360015453,-1.2,-0.01,-0.7,71
0.33,112.14047960295,-10.2987639866005,109.496149950935,-22.7259360015453,-1.2,-0.01,-0.7,71
0.34,115.220645404002,-10.2987639866005,112.389812739123,-22.7259360015453,-1.2,-0.01,-0.7,71
0.35,118.392149544431,-10.2987639866005,115.367663951427,-22.7259360015453,-1.2,-0.01,-0.7,71
0.354,119.684487546046,45,116.580770561085,40.3971907653645,-1.2,-0.01,-0.7,71
0.36,121.646731634642,45,118.422568972821,40.3971907653645,-1.2,-0.01,-0.7,71
0.37,124.974437079707,45,121.558646655908,40.3971907653645,-1.2,-0.01,-0.7,71
0.38,128.360525106598,45,124.771761612018,40.3971907653645,-1.2,-0.01,-0.7,71
0.39,131.786210305718,45,128.043784911982,40.3971907653645,-1.2,-0.01,-0.7,71
0.4,135.230539268475,45,131.367642479094,40.3971907653645,-1.2,-0.01,-0.7,71
0.41,138.672110646288,45,134.734523773188,40.3971907653645,-1.2,-0.01,-0.7,71
0.413,139.700942387562,45,135.750844621893,45,-1.2,-0.01,-0.7,71
0.42,142.090465543755,45,138.130471335254,45,-1.2,-0.01,-0.7,71
0.43,145.467040160671,45,141.544720641221,45,-1.2,-0.01,-0.7,71
0.44,148.785679651538,45,144.964137505424,45,-1.2,-0.01,-0.7,71
0.45,152.032789216092,45,148.375490951901,45,-1.2,-0.01,-0.7,71
0.46,155.197234577095,45,151.767840164919,45,-1.2,-0.01,-0.7,71
0.47,158.270097705199,45,155.129099039494,45,-1.2,-0.01,-0.7,71
0.472,158.873033722048,45,155.796635483574,45,-1.2,-0.01,-0.7,71
0.48,161.244370481949,45,158.447458275472,45,-1.2,-0.01,-0.7,71
0.49,164.114640773957,45,161.712032538201,45,-1.2,-0.01,-0.7,71
0.5,166.876801519376,45,164.911935906274,45,-1.2,-0.01,-0.7,71
0.51,169.52779617785,45,168.036626202766,45,-1.2,-0.01,-0.7,71
0.52,172.06540366364,45,171.07650722615,45,-1.2,-0.01,-0.7,71
0.53,174.488060265035,45,174.023736769732,45,-1.2,-0.01,-0.7,71
0.531,174.72395936614,45,174.313153976221,45,-1.2,-0.01,-0.7,71
0.536,175.886022554794,45,175.745114451597,45,-1.2,-0.01,-0.7,71
0.54,176.794713858446,45,176.872532163416,45,-1.2,-0.01,-0.7,71
0.55,178.98470532557,45,179.618819769888,45,-1.2,-0.01,-0.7,71
0.56,181.057672437465,45,182.259804888803,45,-1.2,-0.01,-0.7,71
0.57,183.013472351292,45,184.793609253852,45,-1.2,-0.01,-0.7,71
0.58,184.852119453357,45,187.218969110674,45,-1.2,-0.01,-0.7,71
0.59,186.573735986539,45,189.53502763298,45,-1.2,-0.01,-0.7,71
0.6,188.178513343502,45,191.741197570796,45,-1.2,-0.01,-0.7,71
0.61,189.666682260423,45,193.837071228728,45,-1.2,-0.01,-0.7,71
0.62,191.038490404754,45,195.822361713503,45,-1.2,-0.01,-0.7,71
0.63,192.294186050307,45,197.696864208289,45,-1.2,-0.01,-0.7,71
0.64,193.434006697599,45,199.460430213293,45,-1.2,-0.01,-0.7,71
0.649,194.360953857892,30.7800938553777,200.95269741178,45,-1.2,-0.01,-0.7,71
0.65,194.458171648108,30.7800938553777,201.112950242866,45,-1.2,-0.01,-0.7,71
0.655,194.926953487042,30.7800938553777,201.897541627285,45,-1.2,-0.01,-0.7,71
0.66,195.366963005454,30.7800938553777,202.654342105094,45,-1.2,-0.01,-0.7,71
0.67,196.161355009553,30.7800938553777,204.084542903017,45,-1.2,-0.01,-0.7,71
0.68,196.843271908621,30.7800938553777,205.403503538769,45,-1.2,-0.01,-0.7,71
0.69,197.415279010688,30.7800938553777,206.611184912758,45,-1.2,-0.01,-0.7,71
0.7,197.880307428204,30.7800938553777,207.707555277459,45,-1.2,-0.01,-0.7,71
0.708,198.177375087224,-11.7812243068978,208.504489697022,44.9262959318776,-1.2,-0.01,-0.7,71
0.71,198.241438007032,-11.7812243068978,208.692588381504,44.9262959318776,-1.2,-0.01,-0.7,71
0.72,198.502143652124,-11.7812243068978,209.5662664614,44.9262959318776,-1.2,-0.01,-0.7,71
0.73,198.668507623147,-11.7812243068978,210.328591203702,44.9262959318776,-1.2,-0.01,-0.7,71
0.74,198.749911553533,-11.7812243068978,210.979580185085,44.9262959318776,-1.2,-0.01,-0.7,71
0.75,198.758027543309,-11.7812243068978,211.519247006976,44.9262959318776,-1.2,-0.01,-0.7,71
0.76,198.705830788279,-11.7812243068978,211.947597089351,44.9262959318776,-1.2,-0.01,-0.7,71
0.767,198.640587712654,-45,212.181209836118,3.3413955053182,-1.2,-0.01,-0.7,71
0.77,198.606721648471,-45,212.264632372645,3.3413955053182,-1.2,-0.01,-0.7,71
0.78,198.474345770784,-45,212.470801651317,3.3413955053182,-1.2,-0.01,-0.7,71
0.79,198.324380953098,-45,212.568478733746,3.3413955053182,-1.2,-0.01,-0.7,71
0.8,198.174390438633,-45,212.562787058614,3.3413955053182,-1.2,-0.01,-0.7,71
0.81,198.042348934527,-45,212.46055374129,3.3413955053182,-1.2,-0.01,-0.7,71
0.82,197.945475472139,-45,212.269331795182,3.3413955053182,-1.2,-0.01,-0.7,71
0.826,197.910835153113,-45,212.115302122126,-41.1611161116064,-1.2,-0.01,-0.7,71
0.83,197.899453796332,-45,211.997307675595,-41.1611161116064,-1.2,-0.01,-0.7,71
0.84,197.918012188991,-45,211.649805156866,-41.1611161116064,-1.2,-0.01,-0.7,71
0.85,198.012789780631,-45,211.228067084483,-41.1611161116064,-1.2,-0.01,-0.7,71
0.86,198.193402292273,-45,210.73229849909,-41.1611161116064,-1.2,-0.01,-0.7,71
0.87,198.467624583103,-45,210.167870048488,-41.1611161116064,-1.2,-0.01,-0.7,71
0.88,198.841627040889,-45,209.5435743158,-41.1611161116064,-1.2,-0.01,-0.7,71
0.885,199.067596496505,-42.3510054073047,209.211087572301,-45,-1.2,-0.01,-0.7,71
0.89,199.320222406582,-42.3510054073047,208.866133855299,-45,-1.2,-0.01,-0.7,71
0.9,199.907047263302,-42.3510054073047,208.140997961649,-45,-1.2,-0.01,-0.7,71
0.91,200.604645803048,-42.3510054073047,207.373522246693,-45,-1.2,-0.01,-0.7,71
0.92,201.414677956137,-42.3510054073047,206.570767339653,-45,-1.2,-0.01,-0.7,71
0.93,202.338137069968,-42.3510054073047,205.741191385331,-45,-1.2,-0.01,-0.7,71
0.94,203.375521582452,-42.3510054073047,204.894228238748,-45,-1.2,-0.01,-0.7,71
0.944,203.822415062872,6.016491264139,204.552745015119,-45,-1.2,-0.01,-0.7,71
0.95,204.526943077881,6.016491264139,204.039803313779,-45,-1.2,-0.01,-0.7,71
0.96,205.791084761365,6.016491264139,203.188226539397,-45,-1.2,-0.01,-0.7,71
0.97,207.162985713198,6.016491264139,202.350003385834,-45,-1.2,-0.01,-0.7,71
0.98,208.634371636889,6.016491264139,201.535641609532,-45,-1.2,-0.01,-0.7,71
0.99,210.194604484572,6.016491264139,200.755572821209,-45,-1.2,-0.01,-0.7,71
1,211.831565764302,6.016491264139,200.020134733737,-45,-1.2,-0.01,-0.7,71
1.003,212.33571098547,45,199.809669844926,-45,-1.2,-0.01,-0.7,71
1.01,213.532431175322,45,199.339585248367,-45,-1.2,-0.01,-0.7,71
1.02,215.282872643948,45,198.724066122992,-45,-1.2,-0.01,-0.7,71
1.03,217.06529248405,45,198.183361765401,-45,-1.2,-0.01,-0.7,71
1.04,218.859990370113,45,197.726368621424,-45,-1.2,-0.01,-0.7,71
1.05,220.646813632426,45,197.360505485181,-45,-1.2,-0.01,-0.7,71
1.06,222.406467451929,45,197.091468251428,-45,-1.2,-0.01,-0.7,71
1.062,222.753556472212,45,197.0496382334,-45,-1.2,-0.01,-0.7,71
1.07,224.121407463497,45,196.923376756264,-45,-1.2,-0.01,-0.7,71
1.08,225.776323328913,45,196.859084641053,-45,-1.2,-0.01,-0.7,71
1.09,227.358288583717,45,196.900509896598,-45,-1.2,-0.01,-0.7,71
1.1,228.856677337481,45,197.048918908021,-45,-1.2,-0.01,-0.7,71
1.11,230.262945508733,45,197.305138943133,-45,-1.2,-0.01,-0.7,71
1.12,231.570351773637,45,197.669706575236,-45,-1.2,-0.01,-0.7,71
1.121,231.695442123932,45,197.712135388965,-45,-1.2,-0.01,-0.7,71
1.126,232.305112506884,45,197.940603689221,-45,-1.2,-0.01,-0.7,71
1.13,232.773668647685,45,198.142967407357,-45,-1.2,-0.01,-0.7,71
1.14,233.868912405611,45,198.72514201575,-45,-1.2,-0.01,-0.7,71
1.15,234.853105054719,45,199.4163692286,-45,-1.2,-0.01,-0.7,71
1.16,235.724071777202,45,200.216734497724,-45,-1.2,-0.01,-0.7,71
1.17,236.480272190105,45,201.126288497283,-45,-1.2,-0.01,-0.7,71
1.18,237.120661449082,45,202.145059330853,0.103327178563795,-1.2,-0.01,-0.7,71
1.19,237.644576719412,45,203.272555959011,0.103327178563795,-1.2,-0.01,-0.7,71
1.2,238.051644829262,45,204.505655808778,0.103327178563795,-1.2,-0.01,-0.7,71
1.21,238.341707522006,45,205.837809993509,0.103327178563795,-1.2,-0.01,-0.7,71
1.22,238.514761354569,45,207.261271288718,0.103327178563795,-1.2,-0.01,-0.7,71
1.23,238.57090982937,45,208.767726637818,0.103327178563795,-1.2,-0.01,-0.7,71
1.239,238.521631271391,7.79493433119851,210.186767260081,45,-1.2,-0.01,-0.7,71
1.24,238.510325784616,7.79493433119851,210.347883532373,45,-1.2,-0.01,-0.7,71
1.245,238.43634498281,7.79493433119851,211.164073782143,45,-1.2,-0.01,-0.7,71
1.25,238.333443902606,7.79493433119851,211.9980367165,45,-1.2,-0.01,-0.7,71
1.26,238.042595786169,7.79493433119851,213.704794352307,45,-1.2,-0.01,-0.7,71
1.27,237.642760002382,7.79493433119851,215.447499179117,45,-1.2,-0.01,-0.7,71
1.28,237.140869380757,7.79493433119851,217.21752121597,45,-1.2,-0.01,-0.7,71
1.29,236.54514028334,7.79493433119851,219.00364737163,45,-1.2,-0.01,-0.7,71
1.298,236.006965845047,-41.6831758087604,220.434215190633,45,-1.2,-0.01,-0.7,71
1.3,235.864474572556,-41.6831758087604,220.791459295594,45,-1.2,-0.01,-0.7,71
1.31,235.108483306343,-41.6831758087604,222.57050699313,45,-1.2,-0.01,-0.7,71
1.32,234.290204169937,-41.6831758087604,224.329058120018,45,-1.2,-0.01,-0.7,71
1.33,233.426792956704,-41.6831758087604,226.054588110922,45,-1.2,-0.01,-0.7,71
1.34,232.537842377205,-41.6831758087604,227.736153062462,45,-1.2,-0.01,-0.7,71
1.35,231.643730149459,-41.6831758087604,229.362776501603,45,-1.2,-0.01,-0.7,71
1.357,231.025434202501,-45,230.462763992609,45,-1.2,-0.01,-0.7,71
1.36,230.76424793951,-45,230.92350003653,45,-1.2,-0.01,-0.7,71
1.37,229.917671718011,-45,232.407887039331,45,-1.2,-0.01,-0.7,71
1.38,229.120399839865,-45,233.806484828782,45,-1.2,-0.01,-0.7,71
1.39,228.386713545107,-45,235.11167939364,45,-1.2,-0.01,-0.7,71
1.4,227.728665143305,-45,236.317909325164,45,-1.2,-0.01,-0.7,71
1.41,227.156166647286,-45,237.421262412449,45,-1.2,-0.01,-0.7,71
1.416,226.857123511805,-45,238.032738219729,45,-1.2,-0.01,-0.7,71
1.42,226.677196945157,-45,238.419063507308,45,-1.2,-0.01,-0.7,71
1.43,226.298060715178,-45,239.309516616853,45,-1.2,-0.01,-0.7,71
1.44,226.02365469598,-45,240.091412219736,45,-1.2,-0.01,-0.7,71
1.45,225.857716461597,-45,240.763929456882,45,-1.2,-0.01,-0.7,71
1.46,225.803043996419,-45,241.326504936949,45,-1.2,-0.01,-0.7,71
1.47,225.861683113659,-45,241.778746950132,45,-1.2,-0.01,-0.7,71
1.475,225.933967309991,-34.9127163985186,241.963403713477,41.8533362114176,-1.2,-0.01,-0.7,71
1.48,226.035081503588,-34.9127163985186,242.120379418001,41.8533362114176,-1.2,-0.01,-0.7,71
1.49,226.324029676414,-34.9127163985186,242.351380709753,41.8533362114176,-1.2,-0.01,-0.7,71
1.5,226.728302753048,-34.9127163985186,242.472449745563,41.8533362114176,-1.2,-0.01,-0.7,71
1.51,227.246815762801,-34.9127163985186,242.484916260166,41.8533362114176,-1.2,-0.01,-0.7,71
1.52,227.877917691155,-34.9127163985186,242.389969808271,41.8533362114176,-1.2,-0.01,-0.7,71
1.53,228.619619299735,-34.9127163985186,242.188440980696,41.8533362114176,-1.2,-0.01,-0.7,71
1.534,228.946788136698,15.3894521760244,242.078128390092,-3.28465987003106,-1.2,-0.01,-0.7,71
1.54,229.469739479664,15.3894521760244,241.880943630157,-3.28465987003106,-1.2,-0.01,-0.7,71
1.55,230.42475721321,15.3894521760244,241.468562142068,-3.28465987003106,-1.2,-0.01,-0.7,71
1.56,231.477296078588,15.3894521760244,240.954339460096,-3.28465987003106,-1.2,-0.01,-0.7,71
1.57,232.61645528347,15.3894521760244,240.343841332973,-3.28465987003106,-1.2,-0.01,-0.7,71
1.58,233.828921470733,15.3894521760244,239.644392992032,-3.28465987003106,-1.2,-0.01,-0.7,71
1.59,235.100033307937,15.3894521760244,238.86418537124,-3.28465987003106,-1.2,-0.01,-0.7,71
1.593,235.490550104919,45,238.61560258684,-45,-1.2,-0.01,-0.7,71
1.6,236.414715050589,45,238.011930099851,-45,-1.2,-0.01,-0.7,71
1.61,237.757094807052,45,237.090780013147,-45,-1.2,-0.01,-0.7,71
1.62,239.109335945168,45,236.100224724132,-45,-1.2,-0.01,-0.7,71
1.63,240.452729832945,45,235.041336985916,-45,-1.2,-0.01,-0.7,71
1.64,241.769024487486,45,233.918517354618,-45,-1.2,-0.01,-0.7,71
1.65,243.041363581915,45,232.739438378138,-45,-1.2,-0.01,-0.7,71
1.652,243.289206956916,45,232.497417640894,-45,-1.2,-0.01,-0.7,71
1.66,244.254836964948,45,231.510713966998,-45,-1.2,-0.01,-0.7,71
1.67,245.396702931242,45,230.239890660986,-45,-1.2,-0.01,-0.7,71
1.68,246.456372411162,45,228.93595178453,-45,-1.2,-0.01,-0.7,71
1.69,247.425244586308,45,227.608046258966,-45,-1.2,-0.01,-0.7,71
1.7,248.29646840078,45,226.265862964965,-45,-1.2,-0.01,-0.7,71
1.71,249.064681472763,45,224.919676294661,-45,-1.2,-0.01,-0.7,71
1.711,249.135668902191,19.1894278103219,224.785176152587,-45,-1.2,-0.01,-0.7,71
1.716,249.474410712058,19.1894278103219,224.114430216699,-45,-1.2,-0.01,-0.7,71
1.72,249.725832451387,19.1894278103219,223.579939197363,-45,-1.2,-0.01,-0.7,71
1.73,250.27794564815,19.1894278103219,222.257179344157,-45,-1.2,-0.01,-0.7,71
1.74,250.721706318996,19.1894278103219,220.961908454275,-45,-1.2,-0.01,-0.7,71
1.75,251.059764657014,19.1894278103219,219.704534112033,-45,-1.2,-0.01,-0.7,71
1.76,251.296096163204,19.1894278103219,218.495366470343,-45,-1.2,-0.01,-0.7,71
1.77,251.435506747894,-1.10811676864089,217.344636247799,-45,-1.2,-0.01,-0.7,71
1.78,251.483334853472,-1.10811676864089,216.262404063991,-45,-1.2,-0.01,-0.7,71
1.79,251.446161992942,-1.10811676864089,215.258217330198,-45,-1.2,-0.01,-0.7,71
1.8,251.332251579882,-1.10811676864089,214.340514325229,-45,-1.2,-0.01,-0.7,71
1.81,251.15089262277,-1.10811676864089,213.516118112618,-45,-1.2,-0.01,-0.7,71
1.82,250.911753778666,-1.10811676864089,212.790146297703,-45,-1.2,-0.01,-0.7,71
1.829,250.655011965698,-1.10811676864089,212.22397061486,-45,-1.2,-0.01,-0.7,71
1.83,250.62436368358,-1.10811676864089,212.166239994401,-45,-1.2,-0.01,-0.7,71
1.835,250.465415696687,-1.10811676864089,211.89337062152,-45,-1.2,-0.01,-0.7,71
1.84,250.297723012805,-1.10811676864089,211.646890918714,-45,-1.2,-0.01,-0.7,71
1.85,249.940043685265,-1.10811676864089,211.233761624655,-45,-1.2,-0.01,-0.7,71
1.86,249.55860010205,-1.10811676864089,210.927945087704,-45,-1.2,-0.01,-0.7,71
1.87,249.159671320695,-1.10811676864089,210.730153381445,-45,-1.2,-0.01,-0.7,71
1.88,248.74855060315,-1.10811676864089,210.640847288923,-45,-1.2,-0.01,-0.7,71
1.888,248.413837139288,-1.10811676864089,210.647715915145,-45,-1.2,-0.01,-0.7,71
1.89,248.329601215656,-1.10811676864089,210.660322765857,-45,-1.2,-0.01,-0.7,71
1.9,247.906340684525,-1.10811676864089,210.788767915749,-45,-1.2,-0.01,-0.7,71
1.91,247.481539719577,-1.10811676864089,211.026300354578,-45,-1.2,-0.01,-0.7,71
1.92,247.057325937335,-1.10811676864089,211.37299170161,-45,-1.2,-0.01,-0.7,71
1.93,246.635285489778,-1.10811676864089,211.828883640737,-45,-1.2,-0.01,-0.7,71
1.94,246.216558261203,-1.10811676864089,212.393998464746,-45,-1.2,-0.01,-0.7,71
1.947,245.925850298843,-1.10811676864089,212.854572044893,-13.6117452257234,-1.2,-0.01,-0.7,71
1.95,245.801924078529,-1.10811676864089,213.068346001718,-13.6117452257234,-1.2,-0.01,-0.7,71
1.96,245.391878674754,-1.10811676864089,213.851372137459,-13.6117452257234,-1.2,-0.01,-0.7,71
1.97,244.986699110934,-1.10811676864089,214.740026953978,-13.6117452257234,-1.2,-0.01,-0.7,71
1.98,244.586498883286,-1.10811676864089,215.727860848779,-13.6117452257234,-1.2,-0.01,-0.7,71
1.99,244.191273426666,-1.10811676864089,216.806798309314,-13.6117452257234,-1.2,-0.01,-0.7,71
2,243.800936904744,-1.10811676864089,217.968170076561,-13.6117452257234,-1.2,-0.01,-0.7,71
2.006,243.56902572648,-19.8029467691425,218.700724949629,36.5627697878315,-1.2,-0.01,-0.7,71
2.01,243.41535435003,-19.8029467691425,219.202835453456,36.5627697878315,-1.2,-0.01,-0.7,71
2.02,243.034772124914,-19.8029467691425,220.513042373249,36.5627697878315,-1.2,-0.01,-0.7,71
2.03,242.661142463475,-19.8029467691425,221.892981054917,36.5627697878315,-1.2,-0.01,-0.7,71
2.04,242.298063331239,-19.8029467691425,223.324320684041,36.5627697878315,-1.2,-0.01,-0.7,71
2.05,241.950108249697,-19.8029467691425,224.801085497562,36.5627697878315,-1.2,-0.01,-0.7,71
2.06,241.622304469172,-19.8029467691425,226.314291763585,36.5627697878315,-1.2,-0.01,-0.7,71
2.065,241.467557830206,-30.2805616030069,227.079934026815,45,-1.2,-0.01,-0.7,71
2.07,241.319754724807,-30.2805616030069,227.849779025024,45,-1.2,-0.01,-0.7,71
2.08,241.047654562318,-30.2805616030069,229.396493217697,45,-1.2,-0.01,-0.7,71
2.09,240.81180832536,-30.2805616030069,230.939905841089,45,-1.2,-0.01,-0.7,71
2.1,240.6183889102,-30.2805616030069,232.466347076999,45,-1.2,-0.01,-0.7,71
2.11,240.473511754879,-30.2805616030069,233.965375612128,45,-1.2,-0.01,-0.7,71
2.12,240.382946721314,-30.2805616030069,235.424844573616,45,-1.2,-0.01,-0.7,71
2.124,240.363123890288,-19.778750040439,235.994906263894,45,-1.2,-0.01,-0.7,71
2.13,240.351935296551,-19.778750040439,236.833019540302,45,-1.2,-0.01,-0.7,71
2.14,240.384777058772,-19.778750040439,238.179158040868,45,-1.2,-0.01,-0.7,71
2.15,240.484201613915,-19.778750040439,239.452575569115,45,-1.2,-0.01,-0.7,71
2.16,240.651574303889,-19.778750040439,240.643361099965,45,-1.2,-0.01,-0.7,71
2.17,240.887267072821,-19.778750040439,241.743199390744,45,-1.2,-0.01,-0.7,71
2.18,241.190952248592,-19.778750040439,242.745825226354,45,-1.2,-0.01,-0.7,71
2.183,241.295206153886,5.49906957084968,243.02698186925,45,-1.2,-0.01,-0.7,71
2.19,241.561798779716,5.49906957084968,243.646793505078,45,-1.2,-0.01,-0.7,71
2.2,241.997713547643,5.49906957084968,244.443036170504,45,-1.2,-0.01,-0.7,71
2.21,242.494091221076,5.49906957084968,245.132484835619,45,-1.2,-0.01,-0.7,71
2.22,243.044394555422,5.49906957084968,245.713749839881,45,-1.2,-0.01,-0.7,71
2.23,243.640970199716,5.49906957084968,246.185890973785,45,-1.2,-0.01,-0.7,71
2.24,244.275693167821,5.49906957084968,246.548265715142,45,-1.2,-0.01,-0.7,71
2.242,244.406497636541,35.0854581545366,246.607529952676,22.1368868800562,-1.2,-0.01,-0.7,71
2.25,244.940388473934,35.0854581545366,246.800429409775,22.1368868800562,-1.2,-0.01,-0.7,71
2.26,245.625796675712,35.0854581545366,246.942512505695,22.1368868800562,-1.2,-0.01,-0.7,71
2.27,246.320272979019,35.0854581545366,246.976846737908,22.1368868800562,-1.2,-0.01,-0.7,71
2.28,247.010758623499,35.0854581545366,246.90870861622,22.1368868800562,-1.2,-0.01,-0.7,71
2.29,247.683878470974,35.0854581545366,246.745280474613,22.1368868800562,-1.2,-0.01,-0.7,71
2.3,248.326749108958,35.0854581545366,246.494692115711,22.1368868800562,-1.2,-0.01,-0.7,71
2.301,248.388905163291,5.92523652876248,246.465109557601,-1.27180280681134,-1.2,-0.01,-0.7,71
2.306,248.692977817649,5.92523652876248,246.305917360414,-1.27180280681134,-1.2,-0.01,-0.7,71
2.31,248.92762644477,5.92523652876248,246.165028314697,-1.27180280681134,-1.2,-0.01,-0.7,71
2.32,249.477679875682,5.92523652876248,245.763684309646,-1.27180280681134,-1.2,-0.01,-0.7,71
2.33,249.972206838949,5.92523652876248,245.298885358886,-1.27180280681134,-1.2,-0.01,-0.7,71
2.34,250.409688951106,5.92523652876248,244.781207799317,-1.27180280681134,-1.2,-0.01,-0.7,71
2.35,250.790847728844,5.92523652876248,244.221865217898,-1.27180280681134,-1.2,-0.01,-0.7,71
2.36,251.117924027535,-1.11631693601083,243.631224455857,-19.1540433055426,-1.2,-0.01,-0.7,71
2.37,251.394164500059,-1.11631693601083,243.018721649287,-19.1540433055426,-1.2,-0.01,-0.7,71
2.38,251.623798983731,-1.11631693601083,242.394053710449,-19.1540433055426,-1.2,-0.01,-0.7,71
2.39,251.8119570758,-1.11631693601083,241.768671479499,-19.1540433055426,-1.2,-0.01,-0.7,71
2.4,251.964212770432,-1.11631693601083,241.154155576964,-19.1540433055426,-1.2,-0.01,-0.7,71
2.41,252.086206287605,-1.11631693601083,240.560598159052,-19.1540433055426,-1.2,-0.01,-0.7,71
2.419,252.174624487,-1.11631693601083,240.051479138888,-45,-1.2,-0.01,-0.7,71
2.42,252.183371048962,-1.11631693601083,239.996582543549,-45,-1.2,-0.01,-0.7,71
2.425,252.224237124777,-1.11631693601083,239.727896437602,-45,-1.2,-0.01,-0.7,71
2.43,252.260749352831,-1.11631693601083,239.469131888466,-45,-1.2,-0.01,-0.7,71
2.44,252.322880628923,-1.11631693601083,238.985951924653,-45,-1.2,-0.01,-0.7,71
2.45,252.373746750617,-1.11631693601083,238.557351935535,-45,-1.2,-0.01,-0.7,71
2.46,252.416760330541,-1.11631693601083,238.194046791229,-45,-1.2,-0.01,-0.7,71
2.47,252.454783314308,-1.11631693601083,237.905667309987,-45,-1.2,-0.01,-0.7,71
2.478,252.48320359983,-1.11631693601083,237.734922363949,-37.4781950809971,-1.2,-0.01,-0.7,71
2.48,252.490165673235,-1.11631693601083,237.701027398289,-37.4781950809971,-1.2,-0.01,-0.7,71
2.49,252.524796023127,-1.11631693601083,237.586999909356,-37.4781950809971,-1.2,-0.01,-0.7,71
2.5,252.560157951103,-1.11631693601083,237.566500411497,-37.4781950809971,-1.2,-0.01,-0.7,71
2.51,252.597387605359,-1.11631693601083,237.639336696213,-37.4781950809971,-1.2,-0.01,-0.7,71
2.52,252.637329399162,-1.11631693601083,237.804714352862,-37.4781950809971,-1.2,-0.01,-0.7,71
2.53,252.680587825677,-1.11631693601083,238.06195708484,-37.4781950809971,-1.2,-0.01,-0.7,71
2.537,252.713068876632,-1.11631693601083,238.296424121015,-2.6622222089581,-1.2,-0.01,-0.7,71
2.54,252.727574192375,-1.11631693601083,238.410591113701,-2.6622222089581,-1.2,-0.01,-0.7,71
2.55,252.778547693891,-1.11631693601083,238.850131679815,-2.6622222089581,-1.2,-0.01,-0.7,71
2.56,252.833650716739,-1.11631693601083,239.377581122439,-2.6622222089581,-1.2,-0.01,-0.7,71
2.57,252.892938526406,-1.11631693601083,239.986138886642,-2.6622222089581,-1.2,-0.01,-0.7,71
2.58,252.956403739019,-1.11631693601083,240.667418093179,-2.6622222089581,-1.2,-0.01,-0.7,71
2.59,253.023996070609,-1.11631693601083,241.412393714099,-2.6622222089581,-1.2,-0.01,-0.7,71
2.596,253.066500962003,-1.11631693601083,241.885906180393,37.5663911799589,-1.2,-0.01,-0.7,71
2.6,253.095637927612,-1.11631693601083,242.211404225921,37.5663911799589,-1.2,-0.01,-0.7,71
2.61,253.171236410121,-1.11631693601083,243.063194969905,37.5663911799589,-1.2,-0.01,-0.7,71
2.62,253.250692303854,-1.11631693601083,243.961070037179,37.5663911799589,-1.2,-0.01,-0.7,71
2.63,253.333906566735,-1.11631693601083,244.889694444994,37.5663911799589,-1.2,-0.01,-0.7,71
2.64,253.420784801788,-1.11631693601083,245.841556003778,37.5663911799589,-1.2,-0.01,-0.7,71
2.65,253.511240131273,-1.11631693601083,246.806339375654,37.5663911799589,-1.2,-0.01,-0.7,71
2.655,253.557784537116,-1.11631693601083,247.289295085998,35.6612669932324,-1.2,-0.01,-0.7,71
2.66,253.605194837013,-1.11631693601083,247.770806603612,35.6612669932324,-1.2,-0.01,-0.7,71
2.67,253.702581072867,-1.11631693601083,248.725001453473,35.6612669932324,-1.2,-0.01,-0.7,71
2.68,253.803340907537,-1.11631693601083,249.658572557038,35.6612669932324,-1.2,-0.01,-0.7,71
2.69,253.907425898907,-1.11631693601083,250.56010566514,35.6612669932324,-1.2,-0.01,-0.7,71
2.7,254.014796367708,-1.11631693601083,251.418536464334,35.6612669932324,-1.2,-0.01,-0.7,71
2.71,254.125420495594,-1.11631693601083,252.223007774672,35.6612669932324,-1.2,-0.01,-0.7,71
2.714,254.1705753766,-1.11631693601083,252.527437175448,-1.28560883261788,-1.2,-0.01,-0.7,71
2.72,254.239273343448,-1.11631693601083,252.963467696636,-1.28560883261788,-1.2,-0.01,-0.7,71
2.73,254.356335859509,-1.11631693601083,253.633483159794,-1.28560883261788,-1.2,-0.01,-0.7,71
2.74,254.4765939258,-1.11631693601083,254.233785160734,-1.28560883261788,-1.2,-0.01,-0.7,71
2.75,254.600037474531,-1.11631693601083,254.769720379529,-1.28560883261788,-1.2,-0.01,-0.7,71
2.76,254.72665969322,-1.11631693601083,255.248303679255,-1.28560883261788,-1.2,-0.01,-0.7,71
2.77,254.856456327353,-1.11631693601083,255.678552738539,-1.28560883261788,-1.2,-0.01,-0.7,71
2.773,254.896013943387,-1.11631693601083,255.799623332134,9.16099564888707,-1.2,-0.01,-0.7,71
2.78,254.989425082184,-1.11631693601083,256.070556729376,9.16099564888707,-1.2,-0.01,-0.7,71
2.79,255.125565120457,-1.11631693601083,256.433493405109,9.16099564888707,-1.2,-0.01,-0.7,71
2.8,255.264876648941,-1.11631693601083,256.771066257586,9.16099564888707,-1.2,-0.01,-0.7,71
2.81,255.407360585561,-1.11631693601083,257.081621610232,9.16099564888707,-1.2,-0.01,-0.7,71
2.82,255.553018297088,-1.11631693601083,257.363137817165,9.16099564888707,-1.2,-0.01,-0.7,71
2.83,255.701851397605,-1.11631693601083,257.614545997185,9.16099564888707,-1.2,-0.01,-0.7,71
2.832,255.731999214591,8.44681856580412,257.661155732214,23.9942274518751,-1.2,-0.01,-0.7,71
2.84,255.853837454366,8.44681856580412,257.835232404489,23.9942274518751,-1.2,-0.01,-0.7,71
2.85,256.008476160463,8.44681856580412,258.024463480632,23.9942274518751,-1.2,-0.01,-0.7,71
2.86,256.16429607376,8.44681856580412,258.178761552096,23.9942274518751,-1.2,-0.01,-0.7,71
2.87,256.319125178751,8.44681856580412,258.291450303038,23.9942274518751,-1.2,-0.01,-0.7,71
2.88,256.470407516675,8.44681856580412,258.355994812878,23.9942274518751,-1.2,-0.01,-0.7,71
2.89,256.615439813446,8.44681856580412,258.36753453145,23.9942274518751,-1.2,-0.01,-0.7,71
2.891,256.62949519718,11.4877666006893,258.365644657773,11.1135498009593,-1.2,-0.01,-0.7,71
2.896,256.698338221931,11.4877666006893,258.347498010466,11.1135498009593,-1.2,-0.01,-0.7,71
2.9,256.751529629698,11.4877666006893,258.322543957912,11.1135498009593,-1.2,-0.01,-0.7,71
2.91,256.875948211606,11.4877666006893,258.219267574376,11.1135498009593,-1.2,-0.01,-0.7,71
2.92,256.985874346162,11.4877666006893,258.059384474747,11.1135498009593,-1.2,-0.01,-0.7,71
2.93,257.078532219834,11.4877666006893,257.847778358242,11.1135498009593,-1.2,-0.01,-0.7,71
2.94,257.151305969604,11.4877666006893,257.59009697802,11.1135498009593,-1.2,-0.01,-0.7,71
2.95,257.201810881236,8.31743548518696,257.291441548631,-11.2766340351103,-1.2,-0.01,-0.7,71
2.96,257.227950441484,8.31743548518696,256.956585978559,-11.2766340351103,-1.2,-0.01,-0.7,71
2.97,257.228116801707,8.31743548518696,256.592287402009,-11.2766340351103,-1.2,-0.01,-0.7,71
2.98,257.201291891948,8.31743548518696,256.208513314027,-11.2766340351103,-1.2,-0.01,-0.7,71
2.99,257.146925306941,8.31743548518696,255.816229127326,-11.2766340351103,-1.2,-0.01,-0.7,71
3,257.064814011456,8.31743548518696,255.425463466788,-11.2766340351103,-1.2,-0.01,-0.7,71
3.009,256.967226159314,-1.53616175988525,255.082196323596,-27.3929777296283,-1.2,-0.01,-0.7,71
3.01,256.955003812961,-1.53616175988525,255.0447501719,-27.3929777296283,-1.2,-0.01,-0.7,71
3.015,256.889781991422,-1.53616175988525,254.86037750735,-27.3929777296283,-1.2,-0.01,-0.7,71
3.02,256.817795791735,-1.53616175988525,254.681026388672,-27.3929777296283,-1.2,-0.01,-0.7,71
3.03,256.654312960427,-1.53616175988525,254.341832720967,-27.3929777296283,-1.2,-0.01,-0.7,71
3.04,256.466689555648,-1.53616175988525,254.036695953765,-27.3929777296283,-1.2,-0.01,-0.7,71
3.05,256.257696308022,-1.53616175988525,253.775236275918,-27.3929777296283,-1.2,-0.01,-0.7,71
3.06,256.03042088999,-1.53616175988525,253.565523358864,-27.3929777296283,-1.2,-0.01,-0.7,71
3.068,255.837568080955,-13.5101051888924,253.439228785666,-2.25539141521223,-1.2,-0.01,-0.7,71
3.07,255.788031244983,-13.5101051888924,253.413706430466,-2.25539141521223,-1.2,-0.01,-0.7,71
3.08,255.533754678364,-13.5101051888924,253.319114593244,-2.25539141521223,-1.2,-0.01,-0.7,71
3.09,255.271580635376,-13.5101051888924,253.275020011499,-2.25539141521223,-1.2,-0.01,-0.7,71
3.1,255.00636560732,-13.5101051888924,253.273210153813,-2.25539141521223,-1.2,-0.01,-0.7,71
3.11,254.74336534718,-13.5101051888924,253.304691369236,-2.25539141521223,-1.2,-0.01,-0.7,71
3.12,254.487866586571,-13.5101051888924,253.361537844352,-2.25539141521223,-1.2,-0.01,-0.7,71
3.127,254.316205245818,-11.0492181753924,253.412877641185,-1.28018079627721,-1.2,-0.01,-0.7,71
3.13,254.244929623864,-11.0492181753924,253.43730860523,-1.28018079627721,-1.2,-0.01,-0.7,71
3.14,254.019180703104,-11.0492181753924,253.527280851045,-1.28018079627721,-1.2,-0.01,-0.7,71
3.15,253.814545772592,-11.0492181753924,253.627825520296,-1.28018079627721,-1.2,-0.01,-0.7,71
3.16,253.634198348122,-11.0492181753924,253.736061789129,-1.28018079627721,-1.2,-0.01,-0.7,71
3.17,253.480645949797,-11.0492181753924,253.849918204365,-1.28018079627721,-1.2,-0.01,-0.7,71
3.18,253.355823287664,-11.0492181753924,253.967981052985,-1.28018079627721,-1.2,-0.01,-0.7,71
3.186,253.295341608756,-1.1119697572862,254.040418549355,-1.28018079627721,-1.2,-0.01,-0.7,71
3.19,253.261181063598,-1.1119697572862,254.089279109496,-1.28018079627721,-1.2,-0.01,-0.7,71
3.2,253.197557507952,-1.1119697572862,254.213158144954,-1.28018079627721,-1.2,-0.01,-0.7,71
3.21,253.164572482097,-1.1119697572862,254.339183270684,-1.28018079627721,-1.2,-0.01,-0.7,71
3.22,253.160728235968,-1.1119697572862,254.467075948269,-1.28018079627721,-1.2,-0.01,-0.7,71
3.23,253.183813716386,-1.1119697572862,254.596667810901,-1.28018079627721,-1.2,-0.01,-0.7,71
3.24,253.231221992774,-1.1119697572862,254.727868646219,-1.28018079627721,-1.2,-0.01,-0.7,71
3.245,253.263184345317,-1.1119697572862,254.794059952621,-1.28018079627721,-1.2,-0.01,-0.7,71
3.25,253.300188711251,-1.1119697572862,254.86064304808,-1.28018079627721,-1.2,-0.01,-0.7,71
3.26,253.387965240866,-1.1119697572862,254.994993700102,-1.28018079627721,-1.2,-0.01,-0.7,71
3.27,253.491938740594,-1.1119697572862,255.130949218745,-1.28018079627721,-1.2,-0.01,-0.7,71
3.28,253.609709346309,-1.1119697572862,255.268555401166,-1.28018079627721,-1.2,-0.01,-0.7,71
3.29,253.739134106685,-1.1119697572862,255.407868925705,-1.28018079627721,-1.2,-0.01,-0.7,71
3.3,253.878345643618,-1.1119697572862,255.548952866204,-1.28018079627721,-1.2,-0.01,-0.7,71
3.304,253.936405009708,-1.1119697572862,255.60589668808,6.63550000325275,-1.2,-0.01,-0.7,71
3.31,254.025752415378,-1.1119697572862,255.691873527611,6.63550000325275,-1.2,-0.01,-0.7,71
3.32,254.180026210213,-1.1119697572862,255.835926115141,6.63550000325275,-1.2,-0.01,-0.7,71
3.33,254.340081437099,-1.1119697572862,255.978053844745,6.63550000325275,-1.2,-0.01,-0.7,71
3.34,254.505049657994,-1.1119697572862,256.113342394592,6.63550000325275,-1.2,-0.01,-0.7,71
3.35,254.674252059377,-1.1119697572862,256.237582709958,6.63550000325275,-1.2,-0.01,-0.7,71
3.36,254.847171757026,-1.1119697572862,256.347972361532,6.63550000325275,-1.2,-0.01,-0.7,71
3.363,254.899712399311,-1.1119697572862,256.378086215041,9.53545079966795,-1.2,-0.01,-0.7,71
3.37,255.023427264415,-1.1119697572862,256.442541553572,9.53545079966795,-1.2,-0.01,-0.7,71
3.38,255.202747986962,-1.1119697572862,256.519757089031,9.53545079966795,-1.2,-0.01,-0.7,71
3.39,255.384952231499,-1.1119697572862,256.577620533606,9.53545079966795,-1.2,-0.01,-0.7,71
3.4,255.569927967755,-1.1119697572862,256.613689473485,9.53545079966795,-1.2,-0.01,-0.7,71
3.41,255.757616364052,-1.1119697572862,256.626033318198,9.53545079966795,-1.2,-0.01,-0.7,71
3.42,255.947997992803,-1.1119697572862,256.613390615815,9.53545079966795,-1.2,-0.01,-0.7,71
3.422,255.986397883149,11.7747334347701,256.607786914816,3.37559659111814,-1.2,-0.01,-0.7,71
3.43,256.141048972177,11.7747334347701,256.574897163062,3.37559659111814,-1.2,-0.01,-0.7,71
3.44,256.336120431761,11.7747334347701,256.510534699289,3.37559659111814,-1.2,-0.01,-0.7,71
3.45,256.531266774098,11.7747334347701,256.422241862118,3.37559659111814,-1.2,-0.01,-0.7,71
3.46,256.723605160363,11.7747334347701,256.313606405327,3.37559659111814,-1.2,-0.01,-0.7,71
3.47,256.909738856057,11.7747334347701,256.188052872804,3.37559659111814,-1.2,-0.01,-0.7,71
3.48,257.086074098345,11.7747334347701,256.048181655595,3.37559659111814,-1.2,-0.01,-0.7,71
3.481,257.103030335924,14.66043026366,256.033477992354,-6.85172273453268,-1.2,-0.01,-0.7,71
3.486,257.185682438171,14.66043026366,255.958224975022,-6.85172273453268,-1.2,-0.01,-0.7,71
3.49,257.249036822624,14.66043026366,255.895940919806,-6.85172273453268,-1.2,-0.01,-0.7,71
3.5,257.395073866143,14.66043026366,255.733571239791,-6.85172273453268,-1.2,-0.01,-0.7,71
3.51,257.520629224647,14.66043026366,255.565499218888,-6.85172273453268,-1.2,-0.01,-0.7,71
3.52,257.622290749108,14.66043026366,255.397963988506,-6.85172273453268,-1.2,-0.01,-0.7,71
3.53,257.696904557455,14.66043026366,255.236722239568,-6.85172273453268,-1.2,-0.01,-0.7,71
3.54,257.741641049317,9.75655954208932,255.086122555658,-12.4139150991591,-1.2,-0.01,-0.7,71
3.55,257.754053755307,9.75655954208932,254.949849661526,-12.4139150991591,-1.2,-0.01,-0.7,71
3.56,257.732368998033,9.75655954208932,254.832210551004,-12.4139150991591,-1.2,-0.01,-0.7,71
3.57,257.675631765364,9.75655954208932,254.737907160979,-12.4139150991591,-1.2,-0.01,-0.7,71
3.58,257.583516836481,9.75655954208932,254.670673579065,-12.4139150991591,-1.2,-0.01,-0.7,71
3.59,257.456147822703,9.75655954208932,254.633035344312,-12.4139150991591,-1.2,-0.01,-0.7,71
3.599,257.311722701161,-3.43518834958072,254.625882084897,-2.29919412099646,-1.2,-0.01,-0.7,71
3.6,257.293952572691,-3.43518834958072,254.626684723948,-2.29919412099646,-1.2,-0.01,-0.7,71
3.605,257.19999395806,-3.43518834958072,254.635282053362,-2.29919412099646,-1.2,-0.01,-0.7,71
3.61,257.097663459006,-3.43518834958072,254.651450205439,-2.29919412099646,-1.2,-0.01,-0.7,71
3.62,256.86906649306,-3.43518834958072,254.703843744959,-2.29919412099646,-1.2,-0.01,-0.7,71
3.63,256.611255283314,-3.43518834958072,254.778007115712,-2.29919412099646,-1.2,-0.01,-0.7,71
3.64,256.328137813658,-3.43518834958072,254.868564722887,-2.29919412099646,-1.2,-0.01,-0.7,71
3.65,256.024014794414,-3.43518834958072,254.971720642438,-2.29919412099646,-1.2,-0.01,-0.7,71
3.658,255.768539234523,-18.4938748124402,255.061449048734,-0.474605718880017,-1.2,-0.01,-0.7,71
3.66,255.703266461572,-18.4938748124402,255.084760423766,-0.474605718880017,-1.2,-0.01,-0.7,71
3.67,255.370314969317,-18.4938748124402,255.205701427582,-0.474605718880017,-1.2,-0.01,-0.7,71
3.68,255.030501507806,-18.4938748124402,255.332580973124,-0.474605718880017,-1.2,-0.01,-0.7,71
3.69,254.690214622146,-18.4938748124402,255.463368757171,-0.474605718880017,-1.2,-0.01,-0.7,71
3.7,254.356298151038,-18.4938748124402,255.596488436862,-0.474605718880017,-1.2,-0.01,-0.7,71
3.71,254.035585179544,-18.4938748124402,255.730880308681,-0.474605718880017,-1.2,-0.01,-0.7,71
3.717,253.822442457207,-10.2249741763862,255.825306872577,8.77572335817048,-1.2,-0.01,-0.7,71
3.72,253.734574019079,-10.2249741763862,255.865813273247,8.77572335817048,-1.2,-0.01,-0.7,71
3.73,253.459086017095,-10.2249741763862,256.00014288794,8.77572335817048,-1.2,-0.01,-0.7,71
3.74,253.21358573635,-10.2249741763862,256.130415053799,8.77572335817048,-1.2,-0.01,-0.7,71
3.75,253.001106037729,-10.2249741763862,256.251081963712,8.77572335817048,-1.2,-0.01,-0.7,71
3.76,252.823551540851,-10.2249741763862,256.357268175645,8.77572335817048,-1.2,-0.01,-0.7,71
3.77,252.681966055019,-10.2249741763862,256.445624241718,8.77572335817048,-1.2,-0.01,-0.7,71
3.776,252.614469083376,-1.10671207187579,256.48905366349,8.38494842051129,-1.2,-0.01,-0.7,71
3.78,252.576752619354,-1.10671207187579,256.513775379807,8.38494842051129,-1.2,-0.01,-0.7,71
3.79,252.507660122917,-1.10671207187579,256.560141816317,8.38494842051129,-1.2,-0.01,-0.7,71
3.8,252.47330501064,-1.10671207187579,256.583774121588,8.38494842051129,-1.2,-0.01,-0.7,71
3.81,252.471312600335,-1.10671207187579,256.58418739886,8.38494842051129,-1.2,-0.01,-0.7,71
3.82,252.498719332035,-1.10671207187579,256.561110046064,8.38494842051129,-1.2,-0.01,-0.7,71
3.83,252.552284296634,-1.10671207187579,256.514379756765,8.38494842051129,-1.2,-0.01,-0.7,71
3.835,252.587845575487,-1.10671207187579,256.482118208063,0.420257425182592,-1.2,-0.01,-0.7,71
3.84,252.628719405112,-1.10671207187579,256.443917677203,0.420257425182592,-1.2,-0.01,-0.7,71
3.85,252.724852417475,-1.10671207187579,256.350418701054,0.420257425182592,-1.2,-0.01,-0.7,71
3.86,252.837735701893,-1.10671207187579,256.236815480841,0.420257425182592,-1.2,-0.01,-0.7,71
3.87,252.9647115756,-1.10671207187579,256.107910212414,0.420257425182592,-1.2,-0.01,-0.7,71
3.88,253.10344447879,-1.10671207187579,255.9682467659,0.420257425182592,-1.2,-0.01,-0.7,71
3.89,253.251928444024,-1.10671207187579,255.821268747773,0.420257425182592,-1.2,-0.01,-0.7,71
3.894,253.31366428297,-1.10671207187579,255.761011372657,-8.91741609002306,-1.2,-0.01,-0.7,71
3.9,253.408477087036,-1.10671207187579,255.669496875416,-8.91741609002306,-1.2,-0.01,-0.7,71
3.91,253.571701956026,-1.10671207187579,255.515485274493,-8.91741609002306,-1.2,-0.01,-0.7,71
3.92,253.74048389095,-1.10671207187579,255.363660799412,-8.91741609002306,-1.2,-0.01,-0.7,71
3.93,253.913940845036,-1.10671207187579,255.219948371714,-8.91741609002306,-1.2,-0.01,-0.7,71
3.94,254.091394800738,-1.10671207187579,255.089606772086,-8.91741609002306,-1.2,-0.01,-0.7,71
3.95,254.272339577229,-1.10671207187579,254.976493335709,-8.91741609002306,-1.2,-0.01,-0.7,71
3.953,254.327246014597,-1.10671207187579,254.946332658418,-10.3036244028103,-1.2,-0.01,-0.7,71
3.96,254.456410739985,-1.10671207187579,254.883318461664,-10.3036244028103,-1.2,-0.01,-0.7,71
3.97,254.64335834905,-1.10671207187579,254.812084395547,-10.3036244028103,-1.2,-0.01,-0.7,71
3.98,254.833022906839,-1.10671207187579,254.764638030796,-10.3036244028103,-1.2,-0.01,-0.7,71
3.99,255.025314628116,-1.10671207187579,254.74270797899,-10.3036244028103,-1.2,-0.01,-0.7,71
4,255.220195943358,-1.10671207187579,254.747581393359,-10.3036244028103,-1.2,-0.01,-0.7,71
4.01,255.41766703696,-1.10671207187579,254.780086496106,-10.3036244028103,-1.2,-0.01,-0.7,71
4.012,255.457473990884,4.86991423614416,254.789951313646,-1.27467591365364,-1.2,-0.01,-0.7,71
4.02,255.617739050425,4.86991423614416,254.840757196355,-1.27467591365364,-1.2,-0.01,-0.7,71
4.03,255.820141246382,4.86991423614416,254.928951940078,-1.27467591365364,-1.2,-0.01,-0.7,71
4.04,256.024005637968,4.86991423614416,255.041293070214,-1.27467591365364,-1.2,-0.01,-0.7,71
4.05,256.228030721179,4.86991423614416,255.172259133244,-1.27467591365364,-1.2,-0.01,-0.7,71
4.06,256.430675273245,4.86991423614416,255.316803996563,-1.27467591365364,-1.2,-0.01,-0.7,71
4.07,256.63030320835,4.86991423614416,255.471322404743,-1.27467591365364,-1.2,-0.01,-0.7,71
4.071,256.650036950418,15.0226542405461,255.487227337118,5.09066021263307,-1.2,-0.01,-0.7,71
4.076,256.747948612376,15.0226542405461,255.567702539203,5.09066021263307,-1.2,-0.01,-0.7,71
4.08,256.82524724688,15.0226542405461,255.633223349119,5.09066021263307,-1.2,-0.01,-0.7,71
4.09,257.013333231802,15.0226542405461,255.800397553417,5.09066021263307,-1.2,-0.01,-0.7,71
4.1,257.191489716972,15.0226542405461,255.969514174398,5.09066021263307,-1.2,-0.01,-0.7,71
4.11,257.356097393598,15.0226542405461,256.135949354719,5.09066021263307,-1.2,-0.01,-0.7,71
4.12,257.503329244846,15.0226542405461,256.295800929901,5.09066021263307,-1.2,-0.01,-0.7,71
4.13,257.629394878166,13.6693060510668,256.446386245992,11.8411265068728,-1.2,-0.01,-0.7,71
4.14,257.730714847694,13.6693060510668,256.585482447012,11.8411265068728,-1.2,-0.01,-0.7,71
4.15,257.8041044568,13.6693060510668,256.709626796825,11.8411265068728,-1.2,-0.01,-0.7,71
4.16,257.846874531622,13.6693060510668,256.813984212724,11.8411265068728,-1.2,-0.01,-0.7,71
4.17,257.856806763142,13.6693060510668,256.894476985295,11.8411265068728,-1.2,-0.01,-0.7,71
4.18,257.832108342148,13.6693060510668,256.948295331399,11.8411265068728,-1.2,-0.01,-0.7,71
4.189,257.779091580529,4.0070551696061,256.972260669804,7.33236580125708,-1.2,-0.01,-0.7,71
4.19,257.771361156094,4.0070551696061,256.973450381834,7.33236580125708,-1.2,-0.01,-0.7,71
4.195,257.72712332198,4.0070551696061,256.974934810918,7.33236580125708,-1.2,-0.01,-0.7,71
4.2,257.673552457723,4.0070551696061,256.968964081215,7.33236580125708,-1.2,-0.01,-0.7,71
4.21,257.53863166396,4.0070551696061,256.935595550218,7.33236580125708,-1.2,-0.01,-0.7,71
4.22,257.367690625737,4.0070551696061,256.87551502861,7.33236580125708,-1.2,-0.01,-0.7,71
4.23,257.162593646915,4.0070551696061,256.790799612009,7.33236580125708,-1.2,-0.01,-0.7,71
4.24,256.925658117701,4.0070551696061,256.682972780933,7.33236580125708,-1.2,-0.01,-0.7,71
4.248,256.714882811913,-11.6706239884606,256.580863534692,-4.01903002958338,-1.2,-0.01,-0.7,71
4.25,256.659412671404,-11.6706239884606,256.553187940774,-4.01903002958338,-1.2,-0.01,-0.7,71
4.26,256.366610329716,-11.6706239884606,256.40316835812,-4.01903002958338,-1.2,-0.01,-0.7,71
4.27,256.051162208653,-11.6706239884606,256.237173898962,-4.01903002958338,-1.2,-0.01,-0.7,71
4.28,255.718288925234,-11.6706239884606,256.061687916245,-4.01903002958338,-1.2,-0.01,-0.7,71
4.29,255.373918438443,-11.6706239884606,255.883002122323,-4.01903002958338,-1.2,-0.01,-0.7,71
4.3,255.024199201389,-11.6706239884606,255.706047563516,-4.01903002958338,-1.2,-0.01,-0.7,71
4.307,254.779448039613,-21.4473331125323,255.585186217451,-12.3823359904372,-1.2,-0.01,-0.7,71
4.31,254.675148036684,-21.4473331125323,255.534406108185,-12.3823359904372,-1.2,-0.01,-0.7,71
4.32,254.3325730547,-21.4473331125323,255.37127061874,-12.3823359904372,-1.2,-0.01,-0.7,71
4.33,254.002605901377,-21.4473331125323,255.221217403589,-12.3823359904372,-1.2,-0.01,-0.7,71
4.34,253.691664343457,-21.4473331125323,255.089922806666,-12.3823359904372,-1.2,-0.01,-0.7,71
4.35,253.406063832964,-21.4473331125323,254.982246162785,-12.3823359904372,-1.2,-0.01,-0.7,71
4.36,253.151744406351,-21.4473331125323,254.901674287076,-12.3823359904372,-1.2,-0.01,-0.7,71
4.366,253.016438518644,-1.10126585255077,254.867384525992,-8.2139808041855,-1.2,-0.01,-0.7,71
4.37,252.934100053021,-1.10126585255077,254.850621474513,-8.2139808041855,-1.2,-0.01,-0.7,71
4.38,252.757465375713,-1.10126585255077,254.830095190672,-8.2139808041855,-1.2,-0.01,-0.7,71
4.39,252.623727984603,-1.10126585255077,254.839111587492,-8.2139808041855,-1.2,-0.01,-0.7,71
4.4,252.532427149728,-1.10126585255077,254.875342941932,-8.2139808041855,-1.2,-0.01,-0.7,71
4.41,252.48148817587,-1.10126585255077,254.936657201813,-8.2139808041855,-1.2,-0.01,-0.7,71
4.42,252.467804594811,-1.10126585255077,255.02158657204,-8.2139808041855,-1.2,-0.01,-0.7,71
4.425,252.473793359012,-1.10126585255077,255.072562908257,-0.323102127908612,-1.2,-0.01,-0.7,71
4.43,252.48768658681,-1.10126585255077,255.129073509202,-0.323102127908612,-1.2,-0.01,-0.7,71
4.44,252.537200592878,-1.10126585255077,255.257818435303,-0.323102127908612,-1.2,-0.01,-0.7,71
4.45,252.612419348207,-1.10126585255077,255.404563300843,-0.323102127908612,-1.2,-0.01,-0.7,71
4.46,252.709597149732,-1.10126585255077,255.56427675443,-0.323102127908612,-1.2,-0.01,-0.7,71
4.47,252.825284624188,-1.10126585255077,255.732570040262,-0.323102127908612,-1.2,-0.01,-0.7,71
4.48,252.956395288348,-1.10126585255077,255.906419881026,-0.323102127908612,-1.2,-0.01,-0.7,71
4.484,253.01254122147,-1.10126585255077,255.977018123946,10.6321956752862,-1.2,-0.01,-0.7,71
4.49,253.100235158698,-1.10126585255077,256.083681891964,10.6321956752862,-1.2,-0.01,-0.7,71
4.5,253.25450513018,-1.10126585255077,256.262557903528,10.6321956752862,-1.2,-0.01,-0.7,71
4.51,253.417284420826,-1.10126585255077,256.439220208697,10.6321956752862,-1.2,-0.01,-0.7,71
4.52,253.587001580329,-1.10126585255077,256.607383242707,10.6321956752862,-1.2,-0.01,-0.7,71
4.53,253.762398372633,-1.10126585255077,256.761061278286,10.6321956752862,-1.2,-0.01,-0.7,71
4.54,253.942490407157,-1.10126585255077,256.895712325931,10.6321956752862,-1.2,-0.01,-0.7,71
4.543,253.997315965852,-1.10126585255077,256.931893204259,12.3768239960173,-1.2,-0.01,-0.7,71
4.55,254.126527374585,-1.10126585255077,257.008015057709,12.3768239960173,-1.2,-0.01,-0.7,71
4.56,254.313954861707,-1.10126585255077,257.095535629319,12.3768239960173,-1.2,-0.01,-0.7,71
4.57,254.504379015209,-1.10126585255077,257.156014830918,12.3768239960173,-1.2,-0.01,-0.7,71
4.58,254.697534805797,-1.10126585255077,257.187243673173,12.3768239960173,-1.2,-0.01,-0.7,71
4.59,254.893258230131,-1.10126585255077,257.187554419376,12.3768239960173,-1.2,-0.01,-0.7,71
4.6,255.09146250565,-1.10126585255077,257.155836390067,12.3768239960173,-1.2,-0.01,-0.7,71
4.602,255.13139765301,0.615366536261997,257.145582147599,3.84065671652754,-1.2,-0.01,-0.7,71
4.61,255.292113775767,0.615366536261997,257.091330070128,3.84065671652754,-1.2,-0.01,-0.7,71
4.62,255.495133272282,0.615366536261997,256.994242500354,3.84065671652754,-1.2,-0.01,-0.7,71
4.63,255.700295613954,0.615366536261997,256.86722224158,3.84065671652754,-1.2,-0.01,-0.7,71
4.64,255.90726702813,0.615366536261997,256.715022483871,3.84065671652754,-1.2,-0.01,-0.7,71
4.65,256.115654172157,0.615366536261997,256.542273943226,3.84065671652754,-1.2,-0.01,-0.7,71
4.66,256.325040561848,0.615366536261997,256.352563105358,3.84065671652754,-1.2,-0.01,-0.7,71
4.661,256.346018107644,14.9247845579113,256.332756301502,-9.31245743252999,-1.2,-0.01,-0.7,71
4.666,256.450973700147,14.9247845579113,256.231743748853,-9.31245743252999,-1.2,-0.01,-0.7,71
4.67,256.534955345535,14.9247845579113,256.148559466687,-9.31245743252999,-1.2,-0.01,-0.7,71
4.68,256.744119065981,14.9247845579113,255.932989214074,-9.31245743252999,-1.2,-0.01,-0.7,71
4.69,256.94983795965,14.9247845579113,255.710887179563,-9.31245743252999,-1.2,-0.01,-0.7,71
4.7,257.14846434866,14.9247845579113,255.489551861642,-9.31245743252999,-1.2,-0.01,-0.7,71
4.71,257.335862771375,14.9247845579113,255.276174342595,-9.31245743252999,-1.2,-0.01,-0.7,71
4.72,257.507755434059,15.6922365553256,255.076527286217,-16.0798614913025,-1.2,-0.01,-0.7,71
4.73,257.659962801769,15.6922365553256,254.895390515662,-16.0798614913025,-1.2,-0.01,-0.7,71
4.74,257.788522020109,15.6922365553256,254.738025354703,-16.0798614913025,-1.2,-0.01,-0.7,71
4.75,257.889761299232,15.6922365553256,254.610063014909,-16.0798614913025,-1.2,-0.01,-0.7,71
4.76,257.960376773083,15.6922365553256,254.516091582389,-16.0798614913025,-1.2,-0.01,-0.7,71
4.77,257.997471016587,15.6922365553256,254.459346610212,-16.0798614913025,-1.2,-0.01,-0.7,71
4.779,258.000133747936,8.34302250129917,254.441949343534,-2.1751878913302,-1.2,-0.01,-0.7,71
4.78,257.998559960478,8.34302250129917,254.442031567792,-2.1751878913302,-1.2,-0.01,-0.7,71
4.785,257.984941624886,8.34302250129917,254.448207129909,-2.1751878913302,-1.2,-0.01,-0.7,71
4.79,257.961620837117,8.34302250129917,254.4638963198,-2.1751878913302,-1.2,-0.01,-0.7,71
4.8,257.885523381972,8.34302250129917,254.520746956,-2.1751878913302,-1.2,-0.01,-0.7,71
4.81,257.770162670532,8.34302250129917,254.605557675482,-2.1751878913302,-1.2,-0.01,-0.7,71
4.82,257.616168185596,8.34302250129917,254.711403016477,-2.1751878913302,-1.2,-0.01,-0.7,71
4.83,257.424649029636,8.34302250129917,254.833063828477,-2.1751878913302,-1.2,-0.01,-0.7,71
4.838,257.245345598447,-7.35784344250238,254.939164379286,-1.26723703790731,-1.2,-0.01,-0.7,71
4.84,257.1969969124,-7.35784344250238,254.966735160085,-1.26723703790731,-1.2,-0.01,-0.7,71
4.85,256.934926507307,-7.35784344250238,255.109722881052,-1.26723703790731,-1.2,-0.01,-0.7,71
4.86,256.641416191562,-7.35784344250238,255.259873973847,-1.26723703790731,-1.2,-0.01,-0.7,71
4.87,256.320865883381,-7.35784344250238,255.415371672296,-1.26723703790731,-1.2,-0.01,-0.7,71
4.88,255.978503483202,-7.35784344250238,255.57488099569,-1.26723703790731,-1.2,-0.01,-0.7,71
4.89,255.619900003503,-7.35784344250238,255.73749900405,-1.26723703790731,-1.2,-0.01,-0.7,71
4.897,255.362198221041,-23.0036084150821,255.852840352175,9.87461624101561,-1.2,-0.01,-0.7,71
4.9,255.250612652713,-23.0036084150821,255.902609592105,9.87461624101561,-1.2,-0.01,-0.7,71
4.91,254.876195324849,-23.0036084150821,256.069081898349,9.87461624101561,-1.2,-0.01,-0.7,71
4.92,254.50313097649,-23.0036084150821,256.233187090311,9.87461624101561,-1.2,-0.01,-0.7,71
4.93,254.138812004299,-23.0036084150821,256.388702119859,9.87461624101561,-1.2,-0.01,-0.7,71
4.94,253.790919896846,-23.0036084150821,256.529863540053,9.87461624101561,-1.2,-0.01,-0.7,71
4.95,253.466960421357,-23.0036084150821,256.652511794395,9.87461624101561,-1.2,-0.01,-0.7,71
4.956,253.287018596307,-5.39287310108058,256.715924175672,11.0323527156233,-1.2,-0.01,-0.7,71
4.96,253.17394897619,-5.39287310108058,256.753655127322,11.0323527156233,-1.2,-0.01,-0.7,71
4.97,252.917850861149,-5.39287310108058,256.831155144644,11.0323527156233,-1.2,-0.01,-0.7,71
4.98,252.702308359047,-5.39287310108058,256.883160387395,11.0323527156233,-1.2,-0.01,-0.7,71
4.99,252.528704364177,-5.39287310108058,256.907975235375,11.0323527156233,-1.2,-0.01,-0.7,71
5,252.396800275903,-5.39287310108058,256.904341701108,11.0323527156233,-1.2,-0.01,-0.7,71
5.01,252.305248730497,-5.39287310108058,256.871428070984,11.0323527156233,-1.2,-0.01,-0.7,71
5.015,252.273981221558,-1.09560607178111,256.843808722493,2.46412328447298,-1.2,-0.01,-0.7,71
5.02,252.251991466858,-1.09560607178111,256.808675033555,2.46412328447298,-1.2,-0.01,-0.7,71
5.03,252.234450797766,-1.09560607178111,256.716445428205,2.46412328447298,-1.2,-0.01,-0.7,71
5.04,252.249474193936,-1.09560607178111,256.597522932328,2.46412328447298,-1.2,-0.01,-0.7,71
5.05,252.293547743408,-1.09560607178111,256.456776162657,2.46412328447298,-1.2,-0.01,-0.7,71
5.06,252.363061835372,-1.09560607178111,256.298940467017,2.46412328447298,-1.2,-0.01,-0.7,71
5.07,252.454503002249,-1.09560607178111,256.127684451416,2.46412328447298,-1.2,-0.01,-0.7,71
5.074,252.496472998898,-1.09560607178111,256.056051781098,-9.34364027858072,-1.2,-0.01,-0.7,71
5.08,252.564583921959,-1.09560607178111,255.945730281754,-9.34364027858072,-1.2,-0.01,-0.7,71
5.09,252.690323811885,-1.09560607178111,255.75583135094,-9.34364027858072,-1.2,-0.01,-0.7,71
5.1,252.829090433418,-1.09560607178111,255.562897850521,-9.34364027858072,-1.2,-0.01,-0.7,71
5.11,252.978613079076,-1.09560607178111,255.373814494626,-9.34364027858072,-1.2,-0.01,-0.7,71
5.12,253.136974943192,-1.09560607178111,255.195115940404,-9.34364027858072,-1.2,-0.01,-0.7,71
5.13,253.302591504973,-1.09560607178111,255.031893636794,-9.34364027858072,-1.2,-0.01,-0.7,71
5.133,253.353492094548,-1.09560607178111,254.986501028665,-13.7934384604758,-1.2,-0.01,-0.7,71
5.14,253.474180275363,-1.09560607178111,254.887805952054,-13.7934384604758,-1.2,-0.01,-0.7,71
5.15,253.650725998878,-1.09560607178111,254.76584909004,-13.7934384604758,-1.2,-0.01,-0.7,71
5.16,253.831444358456,-1.09560607178111,254.66952039675,-13.7934384604758,-1.2,-0.01,-0.7,71
5.17,254.015746316172,-1.09560607178111,254.602628762735,-13.7934384604758,-1.2,-0.01,-0.7,71
5.18,254.203204556643,-1.09560607178111,254.568153589248,-13.7934384604758,-1.2,-0.01,-0.7,71
5.19,254.393522921068,-1.09560607178111,254.568062732305,-13.7934384604758,-1.2,-0.01,-0.7,71
5.192,254.431911349011,-1.09560607178111,254.572286626043,-1.26401054913876,-1.2,-0.01,-0.7,71
5.2,254.586509309538,-1.09560607178111,254.60365613508,-1.26401054913876,-1.2,-0.01,-0.7,71
5.21,254.782052223623,-1.09560607178111,254.674415293601,-1.26401054913876,-1.2,-0.01,-0.7,71
5.22,254.980100885021,-1.09560607178111,254.776365516641,-1.26401054913876,-1.2,-0.01,-0.7,71
5.23,255.180648744824,-1.09560607178111,254.902817412718,-1.26401054913876,-1.2,-0.01,-0.7,71
5.24,255.383720077879,-1.09560607178111,255.047234048608,-1.26401054913876,-1.2,-0.01,-0.7,71
5.25,255.589359322629,-1.09560607178111,255.204682370367,-1.26401054913876,-1.2,-0.01,-0.7,71
5.251,255.610066584377,6.87455194919723,255.221012070057,1.62338103729693,-1.2,-0.01,-0.7,71
5.256,255.713995464011,6.87455194919723,255.303853915757,1.62338103729693,-1.2,-0.01,-0.7,71
5.26,255.797590818815,6.87455194919723,255.37155940902,1.62338103729693,-1.2,-0.01,-0.7,71
5.27,256.007982497826,6.87455194919723,255.545205183137,1.62338103729693,-1.2,-0.01,-0.7,71
5.28,256.219297335073,6.87455194919723,255.722871654761,1.62338103729693,-1.2,-0.01,-0.7,71
5.29,256.429742059286,6.87455194919723,255.901578501669,1.62338103729693,-1.2,-0.01,-0.7,71
5.3,256.637221673265,6.87455194919723,256.078989492292,1.62338103729693,-1.2,-0.01,-0.7,71
5.31,256.839529154377,15.699032903611,256.253526104369,12.490517682018,-1.2,-0.01,-0.7,71
5.32,257.034428104545,15.699032903611,256.423599998576,12.490517682018,-1.2,-0.01,-0.7,71
5.33,257.219218808399,15.699032903611,256.58542401759,12.490517682018,-1.2,-0.01,-0.7,71
5.34,257.390500960479,15.699032903611,256.732780985059,12.490517682018,-1.2,-0.01,-0.7,71
5.35,257.544508469027,15.699032903611,256.859840901186,12.490517682018,-1.2,-0.01,-0.7,71
5.36,257.677400555414,15.699032903611,256.962275667491,12.490517682018,-1.2,-0.01,-0.7,71
5.369,257.77587708396,13.3461044143198,257.030784830275,10.3955149218997,-1.2,-0.01,-0.7,71
5.37,257.785465585323,13.3461044143198,257.036944357826,10.3955149218997,-1.2,-0.01,-0.7,71
5.375,257.829099312176,13.3461044143198,257.063200558359,10.3955149218997,-1.2,-0.01,-0.7,71
5.38,257.865275026602,13.3461044143198,257.081826486089,10.3955149218997,-1.2,-0.01,-0.7,71
5.39,257.913911238398,13.3461044143198,257.096210273226,10.3955149218997,-1.2,-0.01,-0.7,71
5.4,257.929058823175,13.3461044143198,257.08039258985,10.3955149218997,-1.2,-0.01,-0.7,71
5.41,257.908929451472,13.3461044143198,257.034811313764,10.3955149218997,-1.2,-0.01,-0.7,71
5.42,257.852178808439,13.3461044143198,256.959787694661,10.3955149218997,-1.2,-0.01,-0.7,71
5.428,257.779743552416,2.28904257464363,256.878757861642,-0.811142771930254,-1.2,-0.01,-0.7,71
5.43,257.757829435654,2.28904257464363,256.85559509167,-0.811142771930254,-1.2,-0.01,-0.7,71
5.44,257.625333491228,2.28904257464363,256.723324396215,-0.811142771930254,-1.2,-0.01,-0.7,71
5.45,257.455243195684,2.28904257464363,256.566762225466,-0.811142771930254,-1.2,-0.01,-0.7,71
5.46,257.249315735957,2.28904257464363,256.392104789655,-0.811142771930254,-1.2,-0.01,-0.7,71
5.47,257.010087985148,2.28904257464363,256.205534928708,-0.811142771930254,-1.2,-0.01,-0.7,71
5.48,256.74052639643,2.28904257464363,256.011982930763,-0.811142771930254,-1.2,-0.01,-0.7,71
5.487,256.535461638632,-14.0109958014653,255.874345995425,-12.128369702036,-1.2,-0.01,-0.7,71
5.49,256.443764522386,-14.0109958014653,255.815081383186,-12.128369702036,-1.2,-0.01,-0.7,71
5.5,256.123181009904,-14.0109958014653,255.618136388265,-12.128369702036,-1.2,-0.01,-0.7,71
5.51,255.783401498382,-14.0109958014653,255.426263058641,-12.128369702036,-1.2,-0.01,-0.7,71
5.52,255.430305924528,-14.0109958014653,255.246297527828,-12.128369702036,-1.2,-0.01,-0.7,71
5.53,255.070398079301,-14.0109958014653,255.084598142518,-12.128369702036,-1.2,-0.01,-0.7,71
5.54,254.710313820569,-14.0109958014653,254.946067622,-12.128369702036,-1.2,-0.01,-0.7,71
5.546,254.496864619634,-19.3073185470519,254.875577697814,-11.6339146331824,-1.2,-0.01,-0.7,71
5.55,254.356470277248,-19.3073185470519,254.834202677665,-11.6339146331824,-1.2,-0.01,-0.7,71
5.56,254.014946626928,-19.3073185470519,254.751312085902,-11.6339146331824,-1.2,-0.01,-0.7,71
5.57,253.691711071199,-19.3073185470519,254.698733554937,-11.6339146331824,-1.2,-0.01,-0.7,71
5.58,253.392528276149,-19.3073185470519,254.677145349629,-11.6339146331824,-1.2,-0.01,-0.7,71
5.59,253.122750710888,-19.3073185470519,254.686913133612,-11.6339146331824,-1.2,-0.01,-0.7,71
5.6,252.887193556361,-19.3073185470519,254.728253828015,-11.6339146331824,-1.2,-0.01,-0.7,71
5.605,252.783590056602,-1.08997707175299,254.760801893656,-1.26031807729032,-1.2,-0.01,-0.7,71
5.61,252.690069507522,-1.08997707175299,254.801281514218,-1.26031807729032,-1.2,-0.01,-0.7,71
5.62,252.534494153659,-1.08997707175299,254.905107741236,-1.26031807729032,-1.2,-0.01,-0.7,71
5.63,252.421321226031,-1.08997707175299,255.03607260096,-1.26031807729032,-1.2,-0.01,-0.7,71
5.64,252.34939028319,-1.08997707175299,255.18815659695,-1.26031807729032,-1.2,-0.01,-0.7,71
5.65,252.316191056001,-1.08997707175299,255.355707993967,-1.26031807729032,-1.2,-0.01,-0.7,71
5.66,252.318383194475,-1.08997707175299,255.534579199899,-1.26031807729032,-1.2,-0.01,-0.7,71
5.664,252.328331822515,-1.08997707175299,255.608602646282,6.69071446091971,-1.2,-0.01,-0.7,71
5.67,252.352194526988,-1.08997707175299,255.721766417265,6.69071446091971,-1.2,-0.01,-0.7,71
5.68,252.413719521336,-1.08997707175299,255.914926045156,6.69071446091971,-1.2,-0.01,-0.7,71
5.69,252.499135412653,-1.08997707175299,256.110332927126,6.69071446091971,-1.2,-0.01,-0.7,71
5.7,252.604849982167,-1.08997707175299,256.302579499386,6.69071446091971,-1.2,-0.01,-0.7,71
5.71,252.727594585569,-1.08997707175299,256.486899165065,6.69071446091971,-1.2,-0.01,-0.7,71
5.72,252.864474134483,-1.08997707175299,256.659873659554,6.69071446091971,-1.2,-0.01,-0.7,71
5.723,252.907909744182,-1.08997707175299,256.709180065616,13.848755272498,-1.2,-0.01,-0.7,71
5.73,253.012984605337,-1.08997707175299,256.819051331391,13.848755272498,-1.2,-0.01,-0.7,71
5.74,253.171007076739,-1.08997707175299,256.962386869426,13.848755272498,-1.2,-0.01,-0.7,71
5.75,253.336785849664,-1.08997707175299,257.086402564007,13.848755272498,-1.2,-0.01,-0.7,71
5.76,253.508896504744,-1.08997707175299,257.186120992266,13.848755272498,-1.2,-0.01,-0.7,71
5.77,253.686208593949,-1.08997707175299,257.257295176837,13.848755272498,-1.2,-0.01,-0.7,71
5.78,253.867846353195,-1.08997707175299,257.296977897999,13.848755272498,-1.2,-0.01,-0.7,71
5.782,253.904631538187,-1.08997707175299,257.300951660876,8.52321033436675,-1.2,-0.01,-0.7,71
5.79,254.053149886481,-1.08997707175299,257.303075247767,8.52321033436675,-1.2,-0.01,-0.7,71
5.8,254.241638478319,-1.08997707175299,257.27458984143,8.52321033436675,-1.2,-0.01,-0.7,71
5.81,254.432977061243,-1.08997707175299,257.212484307826,8.52321033436675,-1.2,-0.01,-0.7,71
5.82,254.62694641021,-1.08997707175299,257.119329451346,8.52321033436675,-1.2,-0.01,-0.7,71
5.83,254.823417271652,-1.08997707175299,256.997593332155,8.52321033436675,-1.2,-0.01,-0.7,71
5.84,255.022328394564,-1.08997707175299,256.849102286365,8.52321033436675,-1.2,-0.01,-0.7,71
5.841,255.042352932183,-0.536661137400552,256.832832044341,-4.61215612290854,-1.2,-0.01,-0.7,71
5.846,255.142839782306,-0.536661137400552,256.747760565369,-4.61215612290854,-1.2,-0.01,-0.7,71
5.85,255.22366603841,-0.536661137400552,256.675239059568,-4.61215612290854,-1.2,-0.01,-0.7,71
5.86,255.427419238574,-0.536661137400552,256.477908767145,-4.61215612290854,-1.2,-0.01,-0.7,71
5.87,255.633544061991,-0.536661137400552,256.261684609261,-4.61215612290854,-1.2,-0.01,-0.7,71
5.88,255.841971862458,-0.536661137400552,256.033658075849,-4.61215612290854,-1.2,-0.01,-0.7,71
5.89,256.052620075146,-0.536661137400552,255.800995717108,-4.61215612290854,-1.2,-0.01,-0.7,71
5.9,256.265400301844,14.9392597831433,255.569520231922,-15.5615326068812,-1.2,-0.01,-0.7,71
5.91,256.480130136469,14.9392597831433,255.344159595313,-15.5615326068812,-1.2,-0.01,-0.7,71
5.92,256.695611067794,14.9392597831433,255.130957694631,-15.5615326068812,-1.2,-0.01,-0.7,71
5.93,256.909106915806,14.9392597831433,254.937253638314,-15.5615326068812,-1.2,-0.01,-0.7,71
5.94,257.116871405381,14.9392597831433,254.769772955038,-15.5615326068812,-1.2,-0.01,-0.7,71
5.95,257.314635860448,14.9392597831433,254.633710932845,-15.5615326068812,-1.2,-0.01,-0.7,71
5.959,257.480412332623,16.3026862771419,254.541201955748,-8.01319533694141,-1.2,-0.01,-0.7,71
5.96,257.497971493082,16.3026862771419,254.532753518756,-8.01319533694141,-1.2,-0.01,-0.7,71
5.965,257.582864907619,16.3026862771419,254.495941783749,-8.01319533694141,-1.2,-0.01,-0.7,71
5.97,257.662535328024,16.3026862771419,254.4681606104,-8.01319533694141,-1.2,-0.01,-0.7,71
5.98,257.804155877611,16.3026862771419,254.437764867256,-8.01319533694141,-1.2,-0.01,-0.7,71
5.99,257.918907450115,16.3026862771419,254.43727003381,-8.01319533694141,-1.2,-0.01,-0.7,71
6,258.003213029695,16.3026862771419,254.462842265316,-8.01319533694141,-1.2,-0.01,-0.7,71
6.01,258.05390207505,16.3026862771419,254.511923463736,-8.01319533694141,-1.2,-0.01,-0.7,71
6.018,258.068391075039,9.57034621379192,254.566869720349,-1.25617563616739,-1.2,-0.01,-0.7,71
6.02,258.068230493868,9.57034621379192,254.582704997647,-1.25617563616739,-1.2,-0.01,-0.7,71
6.03,258.043954393245,9.57034621379192,254.673585084359,-1.25617563616739,-1.2,-0.01,-0.7,71
6.04,257.979748934114,9.57034621379192,254.781503007486,-1.25617563616739,-1.2,-0.01,-0.7,71
6.05,257.87526446106,9.57034621379192,254.90196390657,-1.25617563616739,-1.2,-0.01,-0.7,71
6.06,257.730851688191,9.57034621379192,255.031182583728,-1.25617563616739,-1.2,-0.01,-0.7,71
6.07,257.547329419493,9.57034621379192,255.166621444281,-1.25617563616739,-1.2,-0.01,-0.7,71
6.077,257.396178724898,-6.18591799783636,255.264143624134,2.19470411777447,-1.2,-0.01,-0.7,71
6.08,257.325804390732,-6.18591799783636,255.306498561485,2.19470411777447,-1.2,-0.01,-0.7,71
6.09,257.067789567745,-6.18591799783636,255.44935821887,2.19470411777447,-1.2,-0.01,-0.7,71
6.1,256.776180941565,-6.18591799783636,255.593079462582,2.19470411777447,-1.2,-0.01,-0.7,71
6.11,256.455276458898,-6.18591799783636,255.734926971627,2.19470411777447,-1.2,-0.01,-0.7,71
6.12,256.110181482925,-6.18591799783636,255.872693416629,2.19470411777447,-1.2,-0.01,-0.7,71
6.13,255.746336922324,-6.18591799783636,256.004921696107,2.19470411777447,-1.2,-0.01,-0.7,71
6.136,255.521296955547,-22.7033215865877,256.081163963012,9.73483861189189,-1.2,-0.01,-0.7,71
6.14,255.369173518848,-22.7033215865877,256.130603989195,9.73483861189189,-1.2,-0.01,-0.7,71
6.15,254.984227664206,-22.7033215865877,256.248541200657,9.73483861189189,-1.2,-0.01,-0.7,71
6.16,254.598138796817,-22.7033215865877,256.355634374053,9.73483861189189,-1.2,-0.01,-0.7,71
6.17,254.218494102355,-22.7033215865877,256.447096840919,9.73483861189189,-1.2,-0.01,-0.7,71
6.18,253.853181098054,-22.7033215865877,256.518900772572,9.73483861189189,-1.2,-0.01,-0.7,71
6.19,253.509910069233,-22.7033215865877,256.568382963539,9.73483861189189,-1.2,-0.01,-0.7,71
6.195,253.348819471559,-7.26908952628602,256.584146006383,6.61317686838891,-1.2,-0.01,-0.7,71
6.2,253.195886810152,-7.26908952628602,256.593677520125,6.61317686838891,-1.2,-0.01,-0.7,71
6.21,252.917204624541,-7.26908952628602,256.593792768764,6.61317686838891,-1.2,-0.01,-0.7,71
6.22,252.677741895422,-7.26908952628602,256.569064349713,6.61317686838891,-1.2,-0.01,-0.7,71
6.23,252.479332443356,-7.26908952628602,256.520904068519,6.61317686838891,-1.2,-0.01,-0.7,71
6.24,252.322323049927,-7.26908952628602,256.450700837371,6.61317686838891,-1.2,-0.01,-0.7,71
6.25,252.20602081889,-7.26908952628602,256.35948740369,6.61317686838891,-1.2,-0.01,-0.7,71
6.254,252.170605030396,-1.08421039268293,256.31730362926,-2.83960941167303,-1.2,-0.01,-0.7,71
6.26,252.129039713701,-1.08421039268293,256.248066509192,-2.83960941167303,-1.2,-0.01,-0.7,71
6.27,252.089368391684,-1.08421039268293,256.117870062167,-2.83960941167303,-1.2,-0.01,-0.7,71
6.28,252.084187990804,-1.08421039268293,255.972680596529,-2.83960941167303,-1.2,-0.01,-0.7,71
6.29,252.110129500518,-1.08421039268293,255.818240603782,-2.83960941167303,-1.2,-0.01,-0.7,71
6.3,252.163589902981,-1.08421039268293,255.659970579931,-2.83960941167303,-1.2,-0.01,-0.7,71
6.31,252.240965000148,-1.08421039268293,255.502000859059,-2.83960941167303,-1.2,-0.01,-0.7,71
6.313,252.26831998352,-1.08421039268293,255.455122554115,-10.9367899777218,-1.2,-0.01,-0.7,71
6.32,252.338812729614,-1.08421039268293,255.347316399589,-10.9367899777218,-1.2,-0.01,-0.7,71
6.33,252.453959972047,-1.08421039268293,255.198704348511,-10.9367899777218,-1.2,-0.01,-0.7,71
6.34,252.583564845105,-1.08421039268293,255.060461583166,-10.9367899777218,-1.2,-0.01,-0.7,71
6.35,252.725144651873,-1.08421039268293,254.9380377952,-10.9367899777218,-1.2,-0.01,-0.7,71
6.36,252.876578757743,-1.08421039268293,254.836085771193,-10.9367899777218,-1.2,-0.01,-0.7,71
6.37,253.036093859859,-1.08421039268293,254.757912621453,-10.9367899777218,-1.2,-0.01,-0.7,71
6.372,253.068833512915,-1.08421039268293,254.745332912005,-6.65316064371437,-1.2,-0.01,-0.7,71
6.38,253.202237782429,-1.08421039268293,254.705804540058,-6.65316064371437,-1.2,-0.01,-0.7,71
6.39,253.373846575155,-1.08421039268293,254.680667122568,-6.65316064371437,-1.2,-0.01,-0.7,71
6.4,253.550008549512,-1.08421039268293,254.681402630844,-6.65316064371437,-1.2,-0.01,-0.7,71
6.41,253.730027855905,-1.08421039268293,254.705555700444,-6.65316064371437,-1.2,-0.01,-0.7,71
6.42,253.913389451507,-1.08421039268293,254.750895236949,-6.65316064371437,-1.2,-0.01,-0.7,71
6.43,254.099726637451,-1.08421039268293,254.815889848366,-6.65316064371437,-1.2,-0.01,-0.7,71
6.431,254.118513594357,-1.08421039268293,254.823429475812,-1.25340152709901,-1.2,-0.01,-0.7,71
6.436,254.212850086884,-1.08421039268293,254.863845126699,-1.25340152709901,-1.2,-0.01,-0.7,71
6.44,254.288791862819,-1.08421039268293,254.899438663794,-1.25340152709901,-1.2,-0.01,-0.7,71
6.45,254.480431128802,-1.08421039268293,255.000339814535,-1.25340152709901,-1.2,-0.01,-0.7,71
6.46,254.674562036564,-1.08421039268293,255.115994946733,-1.25340152709901,-1.2,-0.01,-0.7,71
6.47,254.87115537157,-1.08421039268293,255.242619170073,-1.25340152709901,-1.2,-0.01,-0.7,71
6.48,255.070219959116,-1.08421039268293,255.377030081885,-1.25340152709901,-1.2,-0.01,-0.7,71
6.49,255.271790474366,2.46657092327246,255.517087200336,5.50203599864462,-1.2,-0.01,-0.7,71
6.5,255.475896277349,2.46657092327246,255.660904021941,5.50203599864462,-1.2,-0.01,-0.7,71
6.51,255.68234157771,2.46657092327246,255.80522560182,5.50203599864462,-1.2,-0.01,-0.7,71
6.52,255.890579661593,2.46657092327246,255.945378204872,5.50203599864462,-1.2,-0.01,-0.7,71
6.53,256.099829333299,2.46657092327246,256.077427811366,5.50203599864462,-1.2,-0.01,-0.7,71
6.54,256.309183254983,2.46657092327246,256.198707513654,5.50203599864462,-1.2,-0.01,-0.7,71
6.549,256.496903287041,15.2474706686931,256.297079220299,9.55754122844616,-1.2,-0.01,-0.7,71
6.55,256.517688502525,15.2474706686931,256.307339600804,9.55754122844616,-1.2,-0.01,-0.7,71
6.555,256.62131687378,15.2474706686931,256.356428278225,9.55754122844616,-1.2,-0.01,-0.7,71
6.56,256.724291533141,15.2474706686931,256.401760314569,9.55754122844616,-1.2,-0.01,-0.7,71
6.57,256.927050318641,15.2474706686931,256.479573151386,9.55754122844616,-1.2,-0.01,-0.7,71
6.58,257.122852401776,15.2474706686931,256.537625287708,9.55754122844616,-1.2,-0.01,-0.7,71
6.59,257.307882520887,15.2474706686931,256.573378303554,9.55754122844616,-1.2,-0.01,-0.7,71
6.6,257.478019797115,15.2474706686931,256.585162741394,9.55754122844616,-1.2,-0.01,-0.7,71
6.608,257.60062129864,15.1325381546543,256.57653584708,3.95509894497977,-1.2,-0.01,-0.7,71
6.61,257.629126505992,15.1325381546543,256.571821000375,3.95509894497977,-1.2,-0.01,-0.7,71
6.62,257.757249034677,15.1325381546543,256.533073739676,3.95509894497977,-1.2,-0.01,-0.7,71
6.63,257.858753923428,15.1325381546543,256.470508752976,3.95509894497977,-1.2,-0.01,-0.7,71
6.64,257.930402127993,15.1325381546543,256.387275676761,3.95509894497977,-1.2,-0.01,-0.7,71
6.65,257.969376243427,15.1325381546543,256.286376121675,3.95509894497977,-1.2,-0.01,-0.7,71
6.66,257.973278805023,15.1325381546543,256.170072690458,3.95509894497977,-1.2,-0.01,-0.7,71
6.667,257.954057736811,6.65655046059749,256.080433787867,-5.84083710205357,-1.2,-0.01,-0.7,71
6.67,257.940111746312,6.65655046059749,256.040067338575,-5.84083710205357,-1.2,-0.01,-0.7,71
6.68,257.868380497177,6.65655046059749,255.898425483468,-5.84083710205357,-1.2,-0.01,-0.7,71
6.69,257.75762848335,6.65655046059749,255.749402804126,-5.84083710205357,-1.2,-0.01,-0.7,71
6.7,257.608435726107,6.65655046059749,255.599041813553,-5.84083710205357,-1.2,-0.01,-0.7,71
6.71,257.422082351822,6.65655046059749,255.452893617003,-5.84083710205357,-1.2,-0.01,-0.7,71
6.72,257.200276524538,6.65655046059749,255.315123601953,-5.84083710205357,-1.2,-0.01,-0.7,71
6.726,257.05097394439,-9.33327433886827,255.23776330512,-10.9632329792007,-1.2,-0.01,-0.7,71
6.73,256.944949457213,-9.33327433886827,255.188700129827,-10.9632329792007,-1.2,-0.01,-0.7,71
6.74,256.658443936267,-9.33327433886827,255.076200634034,-10.9632329792007,-1.2,-0.01,-0.7,71
6.75,256.344508594873,-9.33327433886827,254.981065532593,-10.9632329792007,-1.2,-0.01,-0.7,71
6.76,256.008180201603,-9.33327433886827,254.907313144098,-10.9632329792007,-1.2,-0.01,-0.7,71
6.77,255.655179073939,-9.33327433886827,254.858156802134,-10.9632329792007,-1.2,-0.01,-0.7,71
6.78,255.29144233178,-9.33327433886827,254.835735109789,-10.9632329792007,-1.2,-0.01,-0.7,71
6.785,255.1073770111,-24.0094517470373,254.835016308716,-4.07154384569803,-1.2,-0.01,-0.7,71
6.79,254.922790639129,-24.0094517470373,254.841476589647,-4.07154384569803,-1.2,-0.01,-0.7,71
6.8,254.555102076205,-24.0094517470373,254.875406840734,-4.07154384569803,-1.2,-0.01,-0.7,71
6.81,254.195163837863,-24.0094517470373,254.935001068141,-4.07154384569803,-1.2,-0.01,-0.7,71
6.82,253.85041614923,-24.0094517470373,255.015930447935,-4.07154384569803,-1.2,-0.01,-0.7,71
6.83,253.528390015906,-24.0094517470373,255.114351292059,-4.07154384569803,-1.2,-0.01,-0.7,71
6.84,253.236309028089,-24.0094517470373,255.227617753693,-4.07154384569803,-1.2,-0.01,-0.7,71
6.844,253.12937576805,-2.35258071414799,255.276643278652,2.36355704868989,-1.2,-0.01,-0.7,71
6.85,252.980815398052,-2.35258071414799,255.35384368753,2.36355704868989,-1.2,-0.01,-0.7,71
6.86,252.767118162171,-2.35258071414799,255.491338797885,2.36355704868989,-1.2,-0.01,-0.7,71
6.87,252.597614098651,-2.35258071414799,255.636989492006,2.36355704868989,-1.2,-0.01,-0.7,71
6.88,252.472284934789,-2.35258071414799,255.786315391914,2.36355704868989,-1.2,-0.01,-0.7,71
6.89,252.389445775675,-2.35258071414799,255.935532545684,2.36355704868989,-1.2,-0.01,-0.7,71
6.9,252.346327717825,-2.35258071414799,256.082072503145,2.36355704868989,-1.2,-0.01,-0.7,71
6.903,252.340639345925,-1.07861617566904,256.12523510561,10.1678606947217,-1.2,-0.01,-0.7,71
6.91,252.339525520337,-1.07861617566904,256.224124511431,10.1678606947217,-1.2,-0.01,-0.7,71
6.92,252.365288649903,-1.07861617566904,256.360025225087,10.1678606947217,-1.2,-0.01,-0.7,71
6.93,252.419700590043,-1.07861617566904,256.486384479061,10.1678606947217,-1.2,-0.01,-0.7,71
6.94,252.498887236814,-1.07861617566904,256.598100935673,10.1678606947217,-1.2,-0.01,-0.7,71
6.95,252.599179121841,-1.07861617566904,256.690788657498,10.1678606947217,-1.2,-0.01,-0.7,71
6.96,252.717215752919,-1.07861617566904,256.761436604945,10.1678606947217,-1.2,-0.01,-0.7,71
6.962,252.742682241943,-1.07861617566904,256.772733872282,8.55967323563487,-1.2,-0.01,-0.7,71
6.97,252.850004263218,-1.07861617566904,256.807912138965,8.55967323563487,-1.2,-0.01,-0.7,71
6.98,252.994943220286,-1.07861617566904,256.828901048818,8.55967323563487,-1.2,-0.01,-0.7,71
6.99,253.149821110756,-1.07861617566904,256.824037806755,8.55967323563487,-1.2,-0.01,-0.7,71
7,253.31279720077,-1.07861617566904,256.79369212998,8.55967323563487,-1.2,-0.01,-0.7,71
7.01,253.482371206749,-1.07861617566904,256.738316911221,8.55967323563487,-1.2,-0.01,-0.7,71
7.02,253.657346638362,-1.07861617566904,256.65825104178,8.55967323563487,-1.2,-0.01,-0.7,71
7.021,253.675103300146,-1.07861617566904,256.648896567708,-0.739330529961451,-1.2,-0.01,-0.7,71
7.026,253.764527056317,-1.07861617566904,256.598481120526,-0.739330529961451,-1.2,-0.01,-0.7,71
7.03,253.836791505142,-1.07861617566904,256.553777070591,-0.739330529961451,-1.2,-0.01,-0.7,71
7.04,254.019999041557,-1.07861617566904,256.425927149067,-0.739330529961451,-1.2,-0.01,-0.7,71
7.05,254.206450266375,-1.07861617566904,256.278152761481,-0.739330529961451,-1.2,-0.01,-0.7,71
7.06,254.395779538412,-1.07861617566904,256.115948190158,-0.739330529961451,-1.2,-0.01,-0.7,71
7.07,254.587743765554,-1.07861617566904,255.944556076597,-0.739330529961451,-1.2,-0.01,-0.7,71
7.08,254.782195547518,-1.07861617566904,255.76799205608,-10.7775963989725,-1.2,-0.01,-0.7,71
7.09,254.979060264185,-1.07861617566904,255.589960749567,-10.7775963989725,-1.2,-0.01,-0.7,71
7.1,255.178316935639,-1.07861617566904,255.41572471386,-10.7775963989725,-1.2,-0.01,-0.7,71
7.11,255.379982560725,-1.07861617566904,255.251924653992,-10.7775963989725,-1.2,-0.01,-0.7,71
7.12,255.584099572447,-1.07861617566904,255.104502086478,-10.7775963989725,-1.2,-0.01,-0.7,71
7.13,255.790726017918,-1.07861617566904,254.977909006526,-10.7775963989725,-1.2,-0.01,-0.7,71
7.139,255.978890000795,11.7100009872598,254.884409215495,-10.3590944478331,-1.2,-0.01,-0.7,71
7.14,255.999928058979,11.7100009872598,254.875282190457,-10.3590944478331,-1.2,-0.01,-0.7,71
7.145,256.10550607946,11.7100009872598,254.833629765147,-10.3590944478331,-1.2,-0.01,-0.7,71
7.15,256.211661638205,11.7100009872598,254.798680898963,-10.3590944478331,-1.2,-0.01,-0.7,71
7.16,256.424940655402,11.7100009872598,254.749303743357,-10.3590944478331,-1.2,-0.01,-0.7,71
7.17,256.637526021171,11.7100009872598,254.727765264405,-10.3590944478331,-1.2,-0.01,-0.7,71
7.18,256.846376037964,11.7100009872598,254.734399619502,-10.3590944478331,-1.2,-0.01,-0.7,71
7.19,257.04803572316,11.7100009872598,254.769404500058,-10.3590944478331,-1.2,-0.01,-0.7,71
7.198,257.201779448546,16.0729545623579,254.81790670242,-1.2473242909568,-1.2,-0.01,-0.7,71
7.2,257.238925316,16.0729545623579,254.832883133503,-1.2473242909568,-1.2,-0.01,-0.7,71
7.21,257.415491743467,16.0729545623579,254.923998223843,-1.2473242909568,-1.2,-0.01,-0.7,71
7.22,257.574051123363,16.0729545623579,255.039319185595,-1.2473242909568,-1.2,-0.01,-0.7,71
7.23,257.710813624563,16.0729545623579,255.173289156918,-1.2473242909568,-1.2,-0.01,-0.7,71
7.24,257.822086386757,16.0729545623579,255.320836285113,-1.2473242909568,-1.2,-0.01,-0.7,71
7.25,257.904416492392,16.0729545623579,255.478333015251,-1.2473242909568,-1.2,-0.01,-0.7,71
7.257,257.943137739548,11.2508020406904,255.593060214806,6.50065560010715,-1.2,-0.01,-0.7,71
7.26,257.954677510373,11.2508020406904,255.643172570999,6.50065560010715,-1.2,-0.01,-0.7,71
7.27,257.970191187598,11.2508020406904,255.813232209912,6.50065560010715,-1.2,-0.01,-0.7,71
7.28,257.949066977255,11.2508020406904,255.984914304744,6.50065560010715,-1.2,-0.01,-0.7,71
7.29,257.890212873283,11.2508020406904,256.152967328638,6.50065560010715,-1.2,-0.01,-0.7,71
7.3,257.793140798283,11.2508020406904,256.312807439988,6.50065560010715,-1.2,-0.01,-0.7,71
7.31,257.657800810625,11.2508020406904,256.461197173967,6.50065560010715,-1.2,-0.01,-0.7,71
7.316,257.558324800182,-2.57059061593138,256.543737491031,11.8847325251165,-1.2,-0.01,-0.7,71
7.32,257.484449676623,-2.57059061593138,256.595825407463,11.8847325251165,-1.2,-0.01,-0.7,71
7.33,257.273838466679,-2.57059061593138,256.71477237179,11.8847325251165,-1.2,-0.01,-0.7,71
7.34,257.028074536697,-2.57059061593138,256.815030123065,11.8847325251165,-1.2,-0.01,-0.7,71
7.35,256.75052067164,-2.57059061593138,256.892538539624,11.8847325251165,-1.2,-0.01,-0.7,71
7.36,256.445274782802,-2.57059061593138,256.943967451184,11.8847325251165,-1.2,-0.01,-0.7,71
7.37,256.116765014633,-2.57059061593138,256.967081077901,11.8847325251165,-1.2,-0.01,-0.7,71
7.375,255.945184686812,-19.0782225912343,256.967509553917,6.14275202032979,-1.2,-0.01,-0.7,71
7.38,255.769456711285,-19.0782225912343,256.960311121902,6.14275202032979,-1.2,-0.01,-0.7,71
7.39,255.408095792368,-19.0782225912343,256.923081967659,6.14275202032979,-1.2,-0.01,-0.7,71
7.4,255.038693175358,-19.0782225912343,256.856786066698,6.14275202032979,-1.2,-0.01,-0.7,71
7.41,254.668256624935,-19.0782225912343,256.764453193053,6.14275202032979,-1.2,-0.01,-0.7,71
7.42,254.304160082748,-19.0782225912343,256.648977055641,6.14275202032979,-1.2,-0.01,-0.7,71
7.43,253.953678591929,-19.0782225912343,256.512523418956,6.14275202032979,-1.2,-0.01,-0.7,71
7.434,253.818853452755,-12.2869916650684,256.452444160376,-5.61291510431882,-1.2,-0.01,-0.7,71
7.44,253.623664072518,-12.2869916650684,256.356723273336,-5.61291510431882,-1.2,-0.01,-0.7,71
7.45,253.320119816548,-12.2869916650684,256.183636567041,-5.61291510431882,-1.2,-0.01,-0.7,71
7.46,253.04767232022,-12.2869916650684,255.997791331884,-5.61291510431882,-1.2,-0.01,-0.7,71
7.47,252.809668412307,-12.2869916650684,255.805908661447,-5.61291510431882,-1.2,-0.01,-0.7,71
7.48,252.608424829511,-12.2869916650684,255.614496673574,-5.61291510431882,-1.2,-0.01,-0.7,71
7.49,252.445446486086,-12.2869916650684,255.428666799735,-5.61291510431882,-1.2,-0.01,-0.7,71
7.493,252.404159661104,-1.07293605883027,255.374568897052,-13.5829137129751,-1.2,-0.01,-0.7,71
7.5,252.321596141794,-1.07293605883027,255.252122561887,-13.5829137129751,-1.2,-0.01,-0.7,71
7.51,252.236807824582,-1.07293605883027,255.088111893345,-13.5829137129751,-1.2,-0.01,-0.7,71
7.52,252.189574579319,-1.07293605883027,254.941149280751,-13.5829137129751,-1.2,-0.01,-0.7,71
7.53,252.177303425439,-1.07293605883027,254.816742660397,-13.5829137129751,-1.2,-0.01,-0.7,71
7.54,252.196759663234,-1.07293605883027,254.719558992785,-13.5829137129751,-1.2,-0.01,-0.7,71
7.55,252.244405326928,-1.07293605883027,254.652922571812,-13.5829137129751,-1.2,-0.01,-0.7,71
7.552,252.256999927422,-1.07293605883027,254.643462881939,-5.68786257359952,-1.2,-0.01,-0.7,71
7.56,252.316649855467,-1.07293605883027,254.619124836205,-5.68786257359952,-1.2,-0.01,-0.7,71
7.57,252.410028149165,-1.07293605883027,254.618567974247,-5.68786257359952,-1.2,-0.01,-0.7,71
7.58,252.521319631147,-1.07293605883027,254.648591207805,-5.68786257359952,-1.2,-0.01,-0.7,71
7.59,252.647620009963,-1.07293605883027,254.7044831308,-5.68786257359952,-1.2,-0.01,-0.7,71
7.6,252.786376733816,-1.07293605883027,254.782052092316,-5.68786257359952,-1.2,-0.01,-0.7,71
7.61,252.935397365112,-1.07293605883027,254.878450304433,-5.68786257359952,-1.2,-0.01,-0.7,71
7.611,252.950790067349,-1.07293605883027,254.889050739352,-1.24382481196966,-1.2,-0.01,-0.7,71
7.616,253.028955786419,-1.07293605883027,254.944453962818,-1.24382481196966,-1.2,-0.01,-0.7,71
7.62,253.092838765556,-1.07293605883027,254.991657800234,-1.24382481196966,-1.2,-0.01,-0.7,71
7.63,253.2571834902,-1.07293605883027,255.120009700826,-1.24382481196966,-1.2,-0.01,-0.7,71
7.64,253.427208498724,-1.07293605883027,255.260963481084,-1.24382481196966,-1.2,-0.01,-0.7,71
7.65,253.601949975307,-1.07293605883027,255.411138182021,-1.24382481196966,-1.2,-0.01,-0.7,71
7.66,253.780667149011,-1.07293605883027,255.567765053862,-1.24382481196966,-1.2,-0.01,-0.7,71
7.67,253.962807086676,-1.07293605883027,255.728994959095,8.28006187396703,-1.2,-0.01,-0.7,71
7.68,254.147971786612,-1.07293605883027,255.893106356216,8.28006187396703,-1.2,-0.01,-0.7,71
7.69,254.335888374882,-1.07293605883027,256.056459647201,8.28006187396703,-1.2,-0.01,-0.7,71
7.7,254.526382811076,-1.07293605883027,256.213297734162,8.28006187396703,-1.2,-0.01,-0.7,71
7.71,254.719357221209,-1.07293605883027,256.358455461336,8.28006187396703,-1.2,-0.01,-0.7,71
7.72,254.91477077153,-1.07293605883027,256.488259719947,8.28006187396703,-1.2,-0.01,-0.7,71
7.729,255.092728123586,0.138501867614875,256.589756497031,10.8767381178541,-1.2,-0.01,-0.7,71
7.73,255.112623859891,0.138501867614875,256.600081635038,10.8767381178541,-1.2,-0.01,-0.7,71
7.735,255.21247244486,0.138501867614875,256.648620537175,10.8767381178541,-1.2,-0.01,-0.7,71
7.74,255.312934637785,0.138501867614875,256.691938145188,10.8767381178541,-1.2,-0.01,-0.7,71
7.75,255.515650462081,0.138501867614875,256.761608575782,10.8767381178541,-1.2,-0.01,-0.7,71
7.76,255.720610870793,0.138501867614875,256.806594339772,10.8767381178541,-1.2,-0.01,-0.7,71
7.77,255.927584476361,0.138501867614875,256.824946316744,10.8767381178541,-1.2,-0.01,-0.7,71
7.78,256.136301514909,0.138501867614875,256.815373884367,10.8767381178541,-1.2,-0.01,-0.7,71
7.788,256.304339623591,14.8673778940471,256.786998351222,3.24209886495708,-1.2,-0.01,-0.7,71
7.79,256.346477911544,14.8673778940471,256.776988171328,3.24209886495708,-1.2,-0.01,-0.7,71
7.8,256.557650625038,14.8673778940471,256.709849934799,3.24209886495708,-1.2,-0.01,-0.7,71
7.81,256.768184822723,14.8673778940471,256.61630835011,3.24209886495708,-1.2,-0.01,-0.7,71
7.82,256.975070090282,14.8673778940471,256.500663446132,3.24209886495708,-1.2,-0.01,-0.7,71
7.83,257.17445743079,14.8673778940471,256.367067508519,3.24209886495708,-1.2,-0.01,-0.7,71
7.84,257.362099160437,14.8673778940471,256.218706211231,3.24209886495708,-1.2,-0.01,-0.7,71
7.847,257.484140422269,15.9064933123455,256.10737799327,-7.97584121014244,-1.2,-0.01,-0.7,71
7.85,257.533672022086,15.9064933123455,256.057954324232,-7.97584121014244,-1.2,-0.01,-0.7,71
7.86,257.684986445212,15.9064933123455,255.887345994423,-7.97584121014244,-1.2,-0.01,-0.7,71
7.87,257.812063485282,15.9064933123455,255.711611170302,-7.97584121014244,-1.2,-0.01,-0.7,71
7.88,257.911217959974,15.9064933123455,255.5374003492,-7.97584121014244,-1.2,-0.01,-0.7,71
7.89,257.979137655862,15.9064933123455,255.37095589834,-7.97584121014244,-1.2,-0.01,-0.7,71
7.9,258.012920652918,15.9064933123455,255.217082631183,-7.97584121014244,-1.2,-0.01,-0.7,71
7.906,258.015753816976,8.85553599868492,255.132276493422,-12.6510181201116,-1.2,-0.01,-0.7,71
7.91,258.010082331803,8.85553599868492,255.079222791017,-12.6510181201116,-1.2,-0.01,-0.7,71
7.92,257.968688714175,8.85553599868492,254.960243488731,-12.6510181201116,-1.2,-0.01,-0.7,71
7.93,257.887803604155,8.85553599868492,254.863632824025,-12.6510181201116,-1.2,-0.01,-0.7,71
7.94,257.767424259022,8.85553599868492,254.793277849686,-12.6510181201116,-1.2,-0.01,-0.7,71
7.95,257.608196184009,8.85553599868492,254.752240687018,-12.6510181201116,-1.2,-0.01,-0.7,71
7.96,257.411184233661,8.85553599868492,254.742547865316,-12.6510181201116,-1.2,-0.01,-0.7,71
7.965,257.298912310151,-6.8150713126019,254.749894635311,-2.81005314878647,-1.2,-0.01,-0.7,71
7.97,257.177701866137,-6.8150713126019,254.765542953955,-2.81005314878647,-1.2,-0.01,-0.7,71
7.98,256.909600959702,-6.8150713126019,254.820911171308,-2.81005314878647,-1.2,-0.01,-0.7,71
7.99,256.610222598666,-6.8150713126019,254.905200480193,-2.81005314878647,-1.2,-0.01,-0.7,71
8,256.284168313528,-6.8150713126019,255.012644628166,-2.81005314878647,-1.2,-0.01,-0.7,71
8.01,255.936720293605,-6.8150713126019,255.137941053509,-2.81005314878647,-1.2,-0.01,-0.7,71
8.02,255.573398009334,-6.8150713126019,255.27732032888,-2.81005314878647,-1.2,-0.01,-0.7,71
8.024,255.424849857485,-22.7923299329269,255.33638918366,3.15405410817583,-1.2,-0.01,-0.7,71
8.03,255.199647518442,-22.7923299329269,255.428080230755,3.15405410817583,-1.2,-0.01,-0.7,71
8.04,254.821161480144,-22.7923299329269,255.588067651667,3.15405410817583,-1.2,-0.01,-0.7,71
8.05,254.444764373873,-22.7923299329269,255.754039139619,3.15405410817583,-1.2,-0.01,-0.7,71
8.06,254.078037402172,-22.7923299329269,255.921577089445,3.15405410817583,-1.2,-0.01,-0.7,71
8.07,253.728719441211,-22.7923299329269,256.086987354573,3.15405410817583,-1.2,-0.01,-0.7,71
8.08,253.404280194516,-22.7923299329269,256.247746548038,3.15405410817583,-1.2,-0.01,-0.7,71
8.083,253.312852011442,-6.10785136106361,256.294794987364,11.6841977461524,-1.2,-0.01,-0.7,71
8.09,253.111615704002,-6.10785136106361,256.402074945499,11.6841977461524,-1.2,-0.01,-0.7,71
8.1,252.856228955472,-6.10785136106361,256.548309700193,11.6841977461524,-1.2,-0.01,-0.7,71
8.11,252.641225522899,-6.10785136106361,256.682924019164,11.6841977461524,-1.2,-0.01,-0.7,71
8.12,252.467708672765,-6.10785136106361,256.800502244668,11.6841977461524,-1.2,-0.01,-0.7,71
8.13,252.335357045434,-6.10785136106361,256.896294277432,11.6841977461524,-1.2,-0.01,-0.7,71
8.14,252.242879718162,-6.10785136106361,256.966976801757,11.6841977461524,-1.2,-0.01,-0.7,71
8.142,252.229008967775,-1.06725983157938,256.977892330537,9.23830692138406,-1.2,-0.01,-0.7,71
8.15,252.188358505302,-1.06725983157938,257.010181196651,9.23830692138406,-1.2,-0.01,-0.7,71
8.16,252.169287091123,-1.06725983157938,257.024488420717,9.23830692138406,-1.2,-0.01,-0.7,71
8.17,252.182519138474,-1.06725983157938,257.009722975546,9.23830692138406,-1.2,-0.01,-0.7,71
8.18,252.22455182402,-1.06725983157938,256.966685291423,9.23830692138406,-1.2,-0.01,-0.7,71
8.19,252.291790815844,-1.06725983157938,256.896218033901,9.23830692138406,-1.2,-0.01,-0.7,71
8.2,252.38074020471,-1.06725983157938,256.798933525651,9.23830692138406,-1.2,-0.01,-0.7,71
8.201,252.390700897508,-1.06725983157938,256.78774762575,-1.34919864200207,-1.2,-0.01,-0.7,71
8.20600000000001,252.443158837914,-1.06725983157938,256.727898223793,-1.34919864200207,-1.2,-0.01,-0.7,71
8.21,252.488131037714,-1.06725983157938,256.675314819286,-1.34919864200207,-1.2,-0.01,-0.7,71
8.22,252.611000630631,-1.06725983157938,256.526588710022,-1.34919864200207,-1.2,-0.01,-0.7,71
8.23,252.746733824994,-1.06725983157938,256.356559290648,-1.34919864200207,-1.2,-0.01,-0.7,71
8.24,252.893075497867,-1.06725983157938,256.171271830187,-1.34919864200207,-1.2,-0.01,-0.7,71
8.25,253.048122672148,-1.06725983157938,255.976618117206,-1.34919864200207,-1.2,-0.01,-0.7,71
8.26,253.210302801925,-1.06725983157938,255.777206322674,-12.2943123973247,-1.2,-0.01,-0.7,71
8.27,253.378343538484,-1.06725983157938,255.57715347347,-12.2943123973247,-1.2,-0.01,-0.7,71
8.28,253.551238035487,-1.06725983157938,255.38207375709,-12.2943123973247,-1.2,-0.01,-0.7,71
8.29,253.728208797263,-1.06725983157938,255.199057314565,-12.2943123973247,-1.2,-0.01,-0.7,71
8.3,253.908672201844,-1.06725983157938,255.034598692605,-12.2943123973247,-1.2,-0.01,-0.7,71
8.31,254.09220513007,-1.06725983157938,254.89367732629,-12.2943123973247,-1.2,-0.01,-0.7,71
8.319,254.259764801879,-1.06725983157938,254.789929331095,-10.4581203094043,-1.2,-0.01,-0.7,71
8.32,254.27851458466,-1.06725983157938,254.779827295325,-10.4581203094043,-1.2,-0.01,-0.7,71
8.325,254.372647828636,-1.06725983157938,254.733765476851,-10.4581203094043,-1.2,-0.01,-0.7,71
8.33,254.467410769792,-1.06725983157938,254.695174859883,-10.4581203094043,-1.2,-0.01,-0.7,71
8.34,254.658783792407,-1.06725983157938,254.640391479628,-10.4581203094043,-1.2,-0.01,-0.7,71
8.35,254.852583924099,-1.06725983157938,254.615179041338,-10.4581203094043,-1.2,-0.01,-0.7,71
8.36,255.048805234893,-1.06725983157938,254.619076864401,-10.4581203094043,-1.2,-0.01,-0.7,71
8.37,255.24747229269,-1.06725983157938,254.651747235882,-10.4581203094043,-1.2,-0.01,-0.7,71
8.378,255.40819632675,4.26558302704106,254.698415194444,-1.23702834547069,-1.2,-0.01,-0.7,71
8.38,255.448629535256,4.26558302704106,254.712921684051,-1.23702834547069,-1.2,-0.01,-0.7,71
8.39,255.652267172207,4.26558302704106,254.801602915104,-1.23702834547069,-1.2,-0.01,-0.7,71
8.4,255.857951252338,4.26558302704106,254.914326721301,-1.23702834547069,-1.2,-0.01,-0.7,71
8.41,256.064742452002,4.26558302704106,255.045512749318,-1.23702834547069,-1.2,-0.01,-0.7,71
8.42,256.271385109541,4.26558302704106,255.190090053769,-1.23702834547069,-1.2,-0.01,-0.7,71
8.43,256.476462666276,4.26558302704106,255.344446037274,-1.23702834547069,-1.2,-0.01,-0.7,71
8.437,256.618301678238,15.2321251544466,255.456881557826,4.73185817608775,-1.2,-0.01,-0.7,71
8.44,256.67851181498,15.2321251544466,255.505989576503,4.73185817608775,-1.2,-0.01,-0.7,71
8.45,256.875920691158,15.2321251544466,255.672621798455,4.73185817608775,-1.2,-0.01,-0.7,71
8.46,257.066216395462,15.2321251544466,255.841109842952,4.73185817608775,-1.2,-0.01,-0.7,71
8.47,257.246045955427,15.2321251544466,256.007033056601,4.73185817608775,-1.2,-0.01,-0.7,71
8.48,257.411594182553,15.2321251544466,256.166694710941,4.73185817608775,-1.2,-0.01,-0.7,71
8.49,257.558906608928,15.2321251544466,256.317571007165,4.73185817608775,-1.2,-0.01,-0.7,71
8.496,257.636924441257,14.1835999472274,256.403110760576,11.6734222955614,-1.2,-0.01,-0.7,71
8.5,257.68411882733,14.1835999472274,256.457881897727,11.6734222955614,-1.2,-0.01,-0.7,71
8.51,257.783632083286,14.1835999472274,256.585988685721,11.6734222955614,-1.2,-0.01,-0.7,71
8.52,257.854278545106,14.1835999472274,256.698676164741,11.6734222955614,-1.2,-0.01,-0.7,71
8.53,257.893364123741,14.1835999472274,256.791233281219,11.6734222955614,-1.2,-0.01,-0.7,71
8.54,257.898645108205,14.1835999472274,256.859688120284,11.6734222955614,-1.2,-0.01,-0.7,71
8.55,257.868290420808,14.1835999472274,256.901353248532,11.6734222955614,-1.2,-0.01,-0.7,71
8.555,257.839279311816,4.74344726000027,256.911523640905,7.08991464333398,-1.2,-0.01,-0.7,71
8.56,257.800840205125,4.74344726000027,256.914333866518,7.08991464333398,-1.2,-0.01,-0.7,71
8.57,257.695411150483,4.74344726000027,256.897728142004,7.08991464333398,-1.2,-0.01,-0.7,71
8.58,257.552272182411,4.74344726000027,256.85236743929,7.08991464333398,-1.2,-0.01,-0.7,71
8.59,257.372696016247,4.74344726000027,256.780503186763,7.08991464333398,-1.2,-0.01,-0.7,71
8.6,257.158596970915,4.74344726000027,256.684295682903,7.08991464333398,-1.2,-0.01,-0.7,71
8.61,256.912249420367,4.74344726000027,256.565343018124,7.08991464333398,-1.2,-0.01,-0.7,71
8.614,256.80522232942,-11.1650391147317,256.51167302078,-4.16478593439126,-1.2,-0.01,-0.7,71
8.62,256.636088649611,-11.1650391147317,256.424859267152,-4.16478593439126,-1.2,-0.01,-0.7,71
8.63,256.333090277424,-11.1650391147317,256.264614442169,-4.16478593439126,-1.2,-0.01,-0.7,71
8.64,256.007678924389,-11.1650391147317,256.088891213872,-4.16478593439126,-1.2,-0.01,-0.7,71
8.65,255.665385261826,-11.1650391147317,255.904168653324,-4.16478593439126,-1.2,-0.01,-0.7,71
8.66,255.312262454978,-11.1650391147317,255.716719256802,-4.16478593439126,-1.2,-0.01,-0.7,71
8.67,254.954449103761,-11.1650391147317,255.531450360439,-4.16478593439126,-1.2,-0.01,-0.7,71
8.673,254.847084330925,-22.4796602003348,255.476835821256,-12.9394377643332,-1.2,-0.01,-0.7,71
8.68,254.597874945929,-22.4796602003348,255.351923070676,-12.9394377643332,-1.2,-0.01,-0.7,71
8.69,254.248514160266,-22.4796602003348,255.18132417954,-12.9394377643332,-1.2,-0.01,-0.7,71
8.7,253.912921333413,-22.4796602003348,255.024293786294,-12.9394377643332,-1.2,-0.01,-0.7,71
8.71,253.597892465999,-22.4796602003348,254.886657422526,-12.9394377643332,-1.2,-0.01,-0.7,71
8.72,253.31005948055,-22.4796602003348,254.773462158047,-12.9394377643332,-1.2,-0.01,-0.7,71
8.73,253.055619615789,-22.4796602003348,254.688371003194,-12.9394377643332,-1.2,-0.01,-0.7,71
8.732,253.009243278581,-1.06176815636776,254.674949317145,-6.89100408133757,-1.2,-0.01,-0.7,71
8.74,252.840121215019,-1.06176815636776,254.633932418774,-6.89100408133757,-1.2,-0.01,-0.7,71
8.75,252.667410578674,-1.06176815636776,254.610959078419,-6.89100408133757,-1.2,-0.01,-0.7,71
8.76,252.538569260288,-1.06176815636776,254.617626332986,-6.89100408133757,-1.2,-0.01,-0.7,71
8.77,252.452523086906,-1.06176815636776,254.650356941289,-6.89100408133757,-1.2,-0.01,-0.7,71
8.78,252.406751482678,-1.06176815636776,254.70595069417,-6.89100408133757,-1.2,-0.01,-0.7,71
8.79,252.397836158056,-1.06176815636776,254.782235190475,-6.89100408133757,-1.2,-0.01,-0.7,71
8.791,252.398824039777,-1.06176815636776,254.790944120641,-1.2336299308379,-1.2,-0.01,-0.7,71
8.796,252.408567415907,-1.06176815636776,254.837268304202,-1.2336299308379,-1.2,-0.01,-0.7,71
8.8,252.421882249998,-1.06176815636776,254.877663090331,-1.2336299308379,-1.2,-0.01,-0.7,71
8.81,252.474835016002,-1.06176815636776,254.990786101924,-1.2336299308379,-1.2,-0.01,-0.7,71
8.82,252.552710301616,-1.06176815636776,255.118842501055,-1.2336299308379,-1.2,-0.01,-0.7,71
8.83,252.651753168512,-1.06176815636776,255.257876398055,-1.2336299308379,-1.2,-0.01,-0.7,71
8.84,252.768538738206,-1.06176815636776,255.404585014166,-1.2336299308379,-1.2,-0.01,-0.7,71
8.85,252.900027391034,-1.06176815636776,255.556758352794,6.04008766804166,-1.2,-0.01,-0.7,71
8.86,253.043585371007,-1.06176815636776,255.712475288445,6.04008766804166,-1.2,-0.01,-0.7,71
8.87,253.196980297687,-1.06176815636776,255.868373934947,6.04008766804166,-1.2,-0.01,-0.7,71
8.88,253.358359485545,-1.06176815636776,256.019548255173,6.04008766804166,-1.2,-0.01,-0.7,71
8.89,253.526217406742,-1.06176815636776,256.161832276122,6.04008766804166,-1.2,-0.01,-0.7,71
8.9,253.699357200892,-1.06176815636776,256.292385112837,6.04008766804166,-1.2,-0.01,-0.7,71
8.909,253.858926338536,-1.06176815636776,256.398174768516,10.4274149060133,-1.2,-0.01,-0.7,71
8.91,253.876849889753,-1.06176815636776,256.409202359878,10.4274149060133,-1.2,-0.01,-0.7,71
8.915,253.96700151804,-1.06176815636776,256.461944408512,10.4274149060133,-1.2,-0.01,-0.7,71
8.92,254.057993915168,-1.06176815636776,256.510621455622,10.4274149060133,-1.2,-0.01,-0.7,71
8.93,254.242276782292,-1.06176815636776,256.594085025282,10.4274149060133,-1.2,-0.01,-0.7,71
8.94,254.429339918978,-1.06176815636776,256.656209768556,10.4274149060133,-1.2,-0.01,-0.7,71
8.95,254.618947382196,-1.06176815636776,256.694266046965,10.4274149060133,-1.2,-0.01,-0.7,71
8.96,254.810958648709,-1.06176815636776,256.706454235216,10.4274149060133,-1.2,-0.01,-0.7,71
8.968,254.966250621274,-1.06176815636776,256.696718712299,4.34563272511533,-1.2,-0.01,-0.7,71
8.97,255.005305472443,-1.06176815636776,256.691523665758,4.34563272511533,-1.2,-0.01,-0.7,71
8.98,255.201972611962,-1.06176815636776,256.649160485847,4.34563272511533,-1.2,-0.01,-0.7,71
8.99,255.400982099528,-1.06176815636776,256.58104756171,4.34563272511533,-1.2,-0.01,-0.7,71
9,255.602380687461,-1.06176815636776,256.490548128898,4.34563272511533,-1.2,-0.01,-0.7,71
9.01,255.806230051379,-1.06176815636776,256.380886096605,4.34563272511533,-1.2,-0.01,-0.7,71
9.02,256.012599347587,-1.06176815636776,256.254503758474,4.34563272511533,-1.2,-0.01,-0.7,71
9.027,256.158595363434,14.0745929645694,256.157101180751,-6.24519593908018,-1.2,-0.01,-0.7,71
9.03,256.221558950397,14.0745929645694,256.113238812038,-6.24519593908018,-1.2,-0.01,-0.7,71
9.04,256.432923753534,14.0745929645694,255.9592721675,-6.24519593908018,-1.2,-0.01,-0.7,71
9.05,256.645190570956,14.0745929645694,255.797054646122,-6.24519593908018,-1.2,-0.01,-0.7,71
9.06,256.855460960822,14.0745929645694,255.632951413684,-6.24519593908018,-1.2,-0.01,-0.7,71
9.07,257.059990028829,14.0745929645694,255.472911521611,-6.24519593908018,-1.2,-0.01,-0.7,71
9.08,257.254623116457,14.0745929645694,255.321474631131,-6.24519593908018,-1.2,-0.01,-0.7,71
9.086,257.364884185448,16.0886777155613,255.236143616867,-11.8740355910406,-1.2,-0.01,-0.7,71
9.09,257.435117030468,16.0886777155613,255.181892306268,-11.8740355910406,-1.2,-0.01,-0.7,71
9.1,257.597322525124,16.0886777155613,255.056976391983,-11.8740355910406,-1.2,-0.01,-0.7,71
9.11,257.737194376956,16.0886777155613,254.950448177511,-11.8740355910406,-1.2,-0.01,-0.7,71
9.12,257.850889097255,16.0886777155613,254.866648013908,-11.8740355910406,-1.2,-0.01,-0.7,71
9.13,257.934880873646,16.0886777155613,254.80906663314,-11.8740355910406,-1.2,-0.01,-0.7,71
9.14,257.986026710156,16.0886777155613,254.780050859599,-11.8740355910406,-1.2,-0.01,-0.7,71
9.145,257.998411933026,10.0548359196621,254.776768740297,-4.03235737076066,-1.2,-0.01,-0.7,71
9.15,258.001594854155,10.0548359196621,254.781174650513,-4.03235737076066,-1.2,-0.01,-0.7,71
9.16,257.979424855995,10.0548359196621,254.812438840634,-4.03235737076066,-1.2,-0.01,-0.7,71
9.17,257.918303905543,10.0548359196621,254.871020030951,-4.03235737076066,-1.2,-0.01,-0.7,71
9.18,257.81786545767,10.0548359196621,254.952104635363,-4.03235737076066,-1.2,-0.01,-0.7,71
9.19,257.678344270226,10.0548359196621,255.05139605101,-4.03235737076066,-1.2,-0.01,-0.7,71
9.2,257.500379756919,10.0548359196621,255.165932234868,-4.03235737076066,-1.2,-0.01,-0.7,71
9.204,257.418623721852,-5.03441495759223,255.215525702293,1.58506200439767,-1.2,-0.01,-0.7,71
9.21,257.284874251769,-5.03441495759223,255.29360406392,1.58506200439767,-1.2,-0.01,-0.7,71
9.22,257.033375462213,-5.03441495759223,255.432626335687,1.58506200439767,-1.2,-0.01,-0.7,71
9.23,256.748940379779,-5.03441495759223,255.58004504574,1.58506200439767,-1.2,-0.01,-0.7,71
9.24,256.43581873409,-5.03441495759223,255.731769265077,1.58506200439767,-1.2,-0.01,-0.7,71
9.25,256.098906746663,-5.03441495759223,255.884396135679,1.58506200439767,-1.2,-0.01,-0.7,71
9.26,255.743332310269,-5.03441495759223,256.035632315059,1.58506200439767,-1.2,-0.01,-0.7,71
9.263,255.633782647366,-21.4720346203014,256.080485022055,10.3282849623248,-1.2,-0.01,-0.7,71
9.27,255.374176492726,-21.4720346203014,256.183866421063,10.3282849623248,-1.2,-0.01,-0.7,71
9.28,254.996932434188,-21.4720346203014,256.327534221767,10.3282849623248,-1.2,-0.01,-0.7,71
9.29,254.618338003106,-21.4720346203014,256.463129212244,10.3282849623248,-1.2,-0.01,-0.7,71
9.3,254.245907141711,-21.4720346203014,256.585196502174,10.3282849623248,-1.2,-0.01,-0.7,71
9.31,253.887330625855,-21.4720346203014,256.688947720613,10.3282849623248,-1.2,-0.01,-0.7,71
9.32,253.550048349545,-21.4720346203014,256.771048691753,10.3282849623248,-1.2,-0.01,-0.7,71
9.322,253.4857665414,-8.57557445887919,256.784662522747,9.26635454509359,-1.2,-0.01,-0.7,71
9.33,253.240934612552,-8.57557445887919,256.829126825955,9.26635454509359,-1.2,-0.01,-0.7,71
9.34,252.965536807587,-8.57557445887919,256.8616503272,9.26635454509359,-1.2,-0.01,-0.7,71
9.35,252.727365374604,-8.57557445887919,256.867922530018,9.26635454509359,-1.2,-0.01,-0.7,71
9.36,252.528252373821,-8.57557445887919,256.847880809107,9.26635454509359,-1.2,-0.01,-0.7,71
9.37,252.36879676787,-8.57557445887919,256.801613992927,9.26635454509359,-1.2,-0.01,-0.7,71
9.38,252.248721898254,-8.57557445887919,256.729205024996,9.26635454509359,-1.2,-0.01,-0.7,71
9.381,252.238850746463,-1.0561193206356,256.720529574971,0.0749002649602883,-1.2,-0.01,-0.7,71
9.386,252.195233008659,-1.0561193206356,256.673252344211,0.0749002649602883,-1.2,-0.01,-0.7,71
9.39,252.167129531555,-1.0561193206356,256.630750582845,0.0749002649602883,-1.2,-0.01,-0.7,71
9.4,252.122326297198,-1.0561193206356,256.507139222663,0.0749002649602883,-1.2,-0.01,-0.7,71
9.41,252.111673293423,-1.0561193206356,256.36169194686,0.0749002649602883,-1.2,-0.01,-0.7,71
9.42,252.131937531238,-1.0561193206356,256.199795370287,0.0749002649602883,-1.2,-0.01,-0.7,71
9.43,252.17961624165,-1.0561193206356,256.026615386422,0.0749002649602883,-1.2,-0.01,-0.7,71
9.44,252.251176065091,-1.0561193206356,255.846121037607,-10.5868140659299,-1.2,-0.01,-0.7,71
9.45,252.343222047203,-1.0561193206356,255.662006438427,-10.5868140659299,-1.2,-0.01,-0.7,71
9.46,252.452609544199,-1.0561193206356,255.479624050876,-10.5868140659299,-1.2,-0.01,-0.7,71
9.47,252.576510809401,-1.0561193206356,255.305847516156,-10.5868140659299,-1.2,-0.01,-0.7,71
9.48,252.712446725227,-1.0561193206356,255.146937368652,-10.5868140659299,-1.2,-0.01,-0.7,71
9.49,252.858292744303,-1.0561193206356,255.007651847216,-10.5868140659299,-1.2,-0.01,-0.7,71
9.499,252.996547588141,-1.0561193206356,254.901895549701,-11.2660456957428,-1.2,-0.01,-0.7,71
9.5,253.012266647163,-1.0561193206356,254.891363246545,-11.2660456957428,-1.2,-0.01,-0.7,71
9.505,253.09183241171,-1.0561193206356,254.842608729042,-11.2660456957428,-1.2,-0.01,-0.7,71
9.51,253.172904286498,-1.0561193206356,254.800449811526,-11.2660456957428,-1.2,-0.01,-0.7,71
9.52,253.339028186018,-1.0561193206356,254.736746784594,-11.2660456957428,-1.2,-0.01,-0.7,71
9.53,253.509712674561,-1.0561193206356,254.701709070014,-11.2660456957428,-1.2,-0.01,-0.7,71
9.54,253.684248244817,-1.0561193206356,254.696357904381,-11.2660456957428,-1.2,-0.01,-0.7,71
9.55,253.86210704605,-1.0561193206356,254.721344274387,-11.2660456957428,-1.2,-0.01,-0.7,71
9.558,254.006528307105,-1.0561193206356,254.763459155261,-1.22732152074826,-1.2,-0.01,-0.7,71
9.56,254.042910743205,-1.0561193206356,254.777077910519,-1.22732152074826,-1.2,-0.01,-0.7,71
9.57,254.226401493512,-1.0561193206356,254.862803050576,-1.22732152074826,-1.2,-0.01,-0.7,71
9.58,254.412416397567,-1.0561193206356,254.974920396787,-1.22732152074826,-1.2,-0.01,-0.7,71
9.59,254.600865529998,-1.0561193206356,255.107513107009,-1.22732152074826,-1.2,-0.01,-0.7,71
9.6,254.791713438612,-1.0561193206356,255.255057405929,-1.22732152074826,-1.2,-0.01,-0.7,71
9.61,254.984963886343,-1.0561193206356,255.413525375237,-1.22732152074826,-1.2,-0.01,-0.7,71
9.617,255.121684350364,0.533614531233376,255.529344011056,5.68824396606614,-1.2,-0.01,-0.7,71
9.62,255.180647445537,0.533614531233376,255.580005136311,5.68824396606614,-1.2,-0.01,-0.7,71
9.63,255.378785213324,0.533614531233376,255.752194277994,5.68824396606614,-1.2,-0.01,-0.7,71
9.64,255.579269985344,0.533614531233376,255.926555009206,5.68824396606614,-1.2,-0.01,-0.7,71
9.65,255.781852695726,0.533614531233376,256.098136331671,5.68824396606614,-1.2,-0.01,-0.7,71
9.66,255.98619593768,0.533614531233376,256.262699570742,5.68824396606614,-1.2,-0.01,-0.7,71
9.67,256.191916748665,0.533614531233376,256.417282548214,5.68824396606614,-1.2,-0.01,-0.7,71
9.676,256.315845209125,14.6909769127745,256.504332798484,12.1458537300568,-1.2,-0.01,-0.7,71
9.68,256.39861592444,14.6909769127745,256.559779493559,12.1458537300568,-1.2,-0.01,-0.7,71
9.69,256.605591334599,14.6909769127745,256.688363571058,12.1458537300568,-1.2,-0.01,-0.7,71
9.7,256.81086188356,14.6909769127745,256.799818566436,12.1458537300568,-1.2,-0.01,-0.7,71
9.71,257.011230144495,14.6909769127745,256.889579610752,12.1458537300568,-1.2,-0.01,-0.7,71
9.72,257.202799352263,14.6909769127745,256.953823313672,12.1458537300568,-1.2,-0.01,-0.7,71
9.73,257.381372645301,14.6909769127745,256.989955095621,12.1458537300568,-1.2,-0.01,-0.7,71
9.735,257.464465586987,15.5297869245473,256.996884236725,7.01397005583414,-1.2,-0.01,-0.7,71
9.74,257.54274292375,15.5297869245473,256.996145181682,7.01397005583414,-1.2,-0.01,-0.7,71
9.75,257.682870257768,15.5297869245473,256.971580078865,7.01397005583414,-1.2,-0.01,-0.7,71
9.76,257.797954437348,15.5297869245473,256.917309516794,7.01397005583414,-1.2,-0.01,-0.7,71
9.77,257.884517968966,15.5297869245473,256.835917641461,7.01397005583414,-1.2,-0.01,-0.7,71
9.78,257.93946701332,15.5297869245473,256.729875981195,7.01397005583414,-1.2,-0.01,-0.7,71
9.79,257.960114876904,15.5297869245473,256.601018459925,7.01397005583414,-1.2,-0.01,-0.7,71
9.794,257.95824517219,8.35447892147886,256.54340663162,-4.7530983042203,-1.2,-0.01,-0.7,71
9.8,257.944184362238,8.35447892147886,256.450731904924,-4.7530983042203,-1.2,-0.01,-0.7,71
9.81,257.890022893437,8.35447892147886,256.280912038041,-4.7530983042203,-1.2,-0.01,-0.7,71
9.82,257.797015580575,8.35447892147886,256.095985646412,-4.7530983042203,-1.2,-0.01,-0.7,71
9.83,257.665419070677,8.35447892147886,255.902632403325,-4.7530983042203,-1.2,-0.01,-0.7,71
9.84,257.496081137239,8.35447892147886,255.707366842832,-4.7530983042203,-1.2,-0.01,-0.7,71
9.85,257.290220599176,8.35447892147886,255.515326032027,-4.7530983042203,-1.2,-0.01,-0.7,71
9.853,257.221550053746,-7.12666227216887,255.458909475686,-13.5402569183831,-1.2,-0.01,-0.7,71
9.86,257.049281110221,-7.12666227216887,255.330243248253,-13.5402569183831,-1.2,-0.01,-0.7,71
9.87,256.775421640633,-7.12666227216887,255.155417290622,-13.5402569183831,-1.2,-0.01,-0.7,71
9.88,256.472322949557,-7.12666227216887,254.995548787674,-13.5402569183831,-1.2,-0.01,-0.7,71
9.89,256.144778220484,-7.12666227216887,254.85649652325,-13.5402569183831,-1.2,-0.01,-0.7,71
9.9,255.79814401436,-7.12666227216887,254.743335846235,-13.5402569183831,-1.2,-0.01,-0.7,71
9.91,255.437927475838,-7.12666227216887,254.659757152927,-13.5402569183831,-1.2,-0.01,-0.7,71
9.912,255.364731112397,-22.6431389657758,254.646816950241,-6.66845081780562,-1.2,-0.01,-0.7,71
9.92,255.069527743333,-22.6431389657758,254.608327999778,-6.66845081780562,-1.2,-0.01,-0.7,71
9.93,254.698770341788,-22.6431389657758,254.589752730544,-6.66845081780562,-1.2,-0.01,-0.7,71
9.94,254.332581690455,-22.6431389657758,254.601853361767,-6.66845081780562,-1.2,-0.01,-0.7,71
9.95,253.978477122864,-22.6431389657758,254.640547630217,-6.66845081780562,-1.2,-0.01,-0.7,71
9.96,253.644013865965,-22.6431389657758,254.702200395388,-6.66845081780562,-1.2,-0.01,-0.7,71
9.97,253.336409230399,-22.6431389657758,254.784351930725,-6.66845081780562,-1.2,-0.01,-0.7,71
9.971,253.307387297229,-5.37786415564101,254.793629590499,-1.22376212322766,-1.2,-0.01,-0.7,71
9.976,253.167520158666,-5.37786415564101,254.842726870225,-1.22376212322766,-1.2,-0.01,-0.7,71
9.98,253.062228506641,-5.37786415564101,254.885255471036,-1.22376212322766,-1.2,-0.01,-0.7,71
9.99,252.826349276679,-5.37786415564101,255.003364117141,-1.22376212322766,-1.2,-0.01,-0.7,71
10,252.631205767731,-5.37786415564101,255.135929410502,-1.22376212322766,-1.2,-0.01,-0.7,71
10.01,252.477332790992,-5.37786415564101,255.279082884093,-1.22376212322766,-1.2,-0.01,-0.7,71
10.02,252.363934355839,-5.37786415564101,255.429612109211,-1.22376212322766,-1.2,-0.01,-0.7,71
10.03,252.289328949939,-1.05054587295956,255.585370740693,6.42375935010359,-1.2,-0.01,-0.7,71
10.04,252.251269245327,-1.05054587295956,255.744473880692,6.42375935010359,-1.2,-0.01,-0.7,71
10.05,252.246952292897,-1.05054587295956,255.903508552984,6.42375935010359,-1.2,-0.01,-0.7,71
10.06,252.273068846981,-1.05054587295956,256.05741893771,6.42375935010359,-1.2,-0.01,-0.7,71
10.07,252.326083962095,-1.05054587295956,256.201878973423,6.42375935010359,-1.2,-0.01,-0.7,71
10.08,252.402464429425,-1.05054587295956,256.333924885289,6.42375935010359,-1.2,-0.01,-0.7,71
10.089,252.488391977574,-1.05054587295956,256.440398763797,10.6494620361769,-1.2,-0.01,-0.7,71
10.09,252.498838069797,-1.05054587295956,256.451461843762,10.6494620361769,-1.2,-0.01,-0.7,71
10.095,252.553539095536,-1.05054587295956,256.50425662636,10.6494620361769,-1.2,-0.01,-0.7,71
10.1,252.612097751285,-1.05054587295956,256.552777525478,10.6494620361769,-1.2,-0.01,-0.7,71
10.11,252.739461772067,-1.05054587295956,256.635330495534,10.6494620361769,-1.2,-0.01,-0.7,71
10.12,252.878500897257,-1.05054587295956,256.695805853519,10.6494620361769,-1.2,-0.01,-0.7,71
10.13,253.027140785838,-1.05054587295956,256.731537062682,10.6494620361769,-1.2,-0.01,-0.7,71
10.14,253.183647340662,-1.05054587295956,256.740765004655,10.6494620361769,-1.2,-0.01,-0.7,71
10.148,253.313552801707,-1.05054587295956,256.728223728699,4.26617402016203,-1.2,-0.01,-0.7,71
10.15,253.34660088354,-1.05054587295956,256.722267721915,4.26617402016203,-1.2,-0.01,-0.7,71
10.16,253.514863830984,-1.05054587295956,256.675773977911,4.26617402016203,-1.2,-0.01,-0.7,71
10.17,253.687545415013,-1.05054587295956,256.603075448341,4.26617402016203,-1.2,-0.01,-0.7,71
10.18,253.863965986088,-1.05054587295956,256.507705565162,4.26617402016203,-1.2,-0.01,-0.7,71
10.19,254.043622699966,-1.05054587295956,256.393058552059,4.26617402016203,-1.2,-0.01,-0.7,71
10.2,254.226157735521,-1.05054587295956,256.261713404082,4.26617402016203,-1.2,-0.01,-0.7,71
10.207,254.355511697877,-1.05054587295956,256.1609056052,-6.55935353165204,-1.2,-0.01,-0.7,71
10.21,254.411329721189,-1.05054587295956,256.115608520821,-6.55935353165204,-1.2,-0.01,-0.7,71
10.22,254.598988691929,-1.05054587295956,255.956996466756,-6.55935353165204,-1.2,-0.01,-0.7,71
10.23,254.789054617942,-1.05054587295956,255.79040352409,-6.55935353165204,-1.2,-0.01,-0.7,71
10.24,254.981499396098,-1.05054587295956,255.62229399004,-6.55935353165204,-1.2,-0.01,-0.7,71
10.25,255.176332044404,-1.05054587295956,255.458731554341,-6.55935353165204,-1.2,-0.01,-0.7,71
10.26,255.373586787895,-1.05054587295956,255.304362574631,-6.55935353165204,-1.2,-0.01,-0.7,71
10.266,255.493122633711,5.39180880609552,255.217589781495,-12.1516372492518,-1.2,-0.01,-0.7,71
10.27,255.573312636646,5.39180880609552,255.162517941916,-12.1516372492518,-1.2,-0.01,-0.7,71
10.28,255.775425538996,5.39180880609552,255.036060963919,-12.1516372492518,-1.2,-0.01,-0.7,71
10.29,255.979251979867,5.39180880609552,254.928733565774,-12.1516372492518,-1.2,-0.01,-0.7,71
10.3,256.183548966581,5.39180880609552,254.844874156467,-12.1516372492518,-1.2,-0.01,-0.7,71
10.31,256.386733363244,5.39180880609552,254.787966084627,-12.1516372492518,-1.2,-0.01,-0.7,71
10.32,256.587059781329,5.39180880609552,254.760350527577,-12.1516372492518,-1.2,-0.01,-0.7,71
10.325,256.685594354239,15.1204278600736,254.75803950641,-3.80230763369052,-1.2,-0.01,-0.7,71
10.33,256.782747066143,15.1204278600736,254.763596481883,-3.80230763369052,-1.2,-0.01,-0.7,71
10.34,256.971800937258,15.1204278600736,254.797647045541,-3.80230763369052,-1.2,-0.01,-0.7,71
10.35,257.15141363298,15.1204278600736,254.859510287926,-3.80230763369052,-1.2,-0.01,-0.7,71
10.36,257.318114714234,15.1204278600736,254.944116230915,-3.80230763369052,-1.2,-0.01,-0.7,71
10.37,257.468137001693,15.1204278600736,255.046918110455,-3.80230763369052,-1.2,-0.01,-0.7,71
10.38,257.597685856222,15.1204278600736,255.164768466716,-3.80230763369052,-1.2,-0.01,-0.7,71
10.384,257.64295004223,13.4807369358785,255.215601905694,1.59597704351462,-1.2,-0.01,-0.7,71
10.39,257.703127057164,13.4807369358785,255.295425158754,1.59597704351462,-1.2,-0.01,-0.7,71
10.4,257.781161923007,13.4807369358785,255.437031970901,1.59597704351462,-1.2,-0.01,-0.7,71
10.41,257.828999295258,13.4807369358785,255.586652266945,1.59597704351462,-1.2,-0.01,-0.7,71
10.42,257.844355275533,13.4807369358785,255.740282079374,1.59597704351462,-1.2,-0.01,-0.7,71
10.43,257.82539962188,13.4807369358785,255.894604578705,1.59597704351462,-1.2,-0.01,-0.7,71
10.44,257.770697802444,13.4807369358785,256.047384913959,1.59597704351462,-1.2,-0.01,-0.7,71
10.443,257.747144924553,3.48508328830054,256.092677763269,10.4965913169916,-1.2,-0.01,-0.7,71
10.45,257.679167532836,3.48508328830054,256.197053677005,10.4965913169916,-1.2,-0.01,-0.7,71
10.46,257.550418566755,3.48508328830054,256.342066098168,10.4965913169916,-1.2,-0.01,-0.7,71
10.47,257.385272380845,3.48508328830054,256.478897214259,10.4965913169916,-1.2,-0.01,-0.7,71
10.48,257.185488696977,3.48508328830054,256.602034855287,10.4965913169916,-1.2,-0.01,-0.7,71
10.49,256.953400410958,3.48508328830054,256.706622066919,10.4965913169916,-1.2,-0.01,-0.7,71
10.5,256.691634560669,3.48508328830054,256.789267179019,10.4965913169916,-1.2,-0.01,-0.7,71
10.502,256.635959201897,-12.2664886529746,256.802951092312,9.3705509413469,-1.2,-0.01,-0.7,71
10.51,256.402943967571,-12.2664886529746,256.847554426299,9.3705509413469,-1.2,-0.01,-0.7,71
10.52,256.09079819815,-12.2664886529746,256.879925901992,9.3705509413469,-1.2,-0.01,-0.7,71
10.53,255.760094882493,-12.2664886529746,256.885687373282,9.3705509413469,-1.2,-0.01,-0.7,71
10.54,255.416665953106,-12.2664886529746,256.864801270085,9.3705509413469,-1.2,-0.01,-0.7,71
10.55,255.066727393664,-12.2664886529746,256.817380134172,9.3705509413469,-1.2,-0.01,-0.7,71
10.56,254.716474073217,-12.2664886529746,256.743523048298,9.3705509413469,-1.2,-0.01,-0.7,71
10.561,254.681661988002,-20.4548005042145,256.734687068366,0.0528140047331243,-1.2,-0.01,-0.7,71
10.566,254.508643532062,-20.4548005042145,256.686565608179,0.0528140047331243,-1.2,-0.01,-0.7,71
10.57,254.371829703834,-20.4548005042145,256.643338567397,0.0528140047331243,-1.2,-0.01,-0.7,71
10.58,254.038705048394,-20.4548005042145,256.517729767678,0.0528140047331243,-1.2,-0.01,-0.7,71
10.59,253.723242465362,-20.4548005042145,256.37005120458,0.0528140047331243,-1.2,-0.01,-0.7,71
10.6,253.431506985755,-20.4548005042145,256.205744840913,0.0528140047331243,-1.2,-0.01,-0.7,71
10.61,253.169218786691,-20.4548005042145,256.030041077259,0.0528140047331243,-1.2,-0.01,-0.7,71
10.62,252.941587665885,-1.04511505797715,255.846967006179,-10.733786380256,-1.2,-0.01,-0.7,71
10.63,252.75311246532,-1.04511505797715,255.660257825874,-10.733786380256,-1.2,-0.01,-0.7,71
10.64,252.606436518098,-1.04511505797715,255.47530561916,-10.733786380256,-1.2,-0.01,-0.7,71
10.65,252.501737507229,-1.04511505797715,255.299040589502,-10.733786380256,-1.2,-0.01,-0.7,71
10.66,252.437395285949,-1.04511505797715,255.137795026502,-10.733786380256,-1.2,-0.01,-0.7,71
10.67,252.410612692587,-1.04511505797715,254.996396063869,-10.733786380256,-1.2,-0.01,-0.7,71
10.679,252.41574171067,-1.04511505797715,254.888971104613,-11.2661362431481,-1.2,-0.01,-0.7,71
10.68,252.417895039332,-1.04511505797715,254.878268213639,-11.2661362431481,-1.2,-0.01,-0.7,71
10.685,252.433119675511,-1.04511505797715,254.828704110983,-11.2661362431481,-1.2,-0.01,-0.7,71
10.69,252.455415536354,-1.04511505797715,254.785807497152,-11.2661362431481,-1.2,-0.01,-0.7,71
10.7,252.519286757502,-1.04511505797715,254.720805852314,-11.2661362431481,-1.2,-0.01,-0.7,71
10.71,252.605754317879,-1.04511505797715,254.68463462335,-11.2661362431481,-1.2,-0.01,-0.7,71
10.72,252.711326531803,-1.04511505797715,254.678242769209,-11.2661362431481,-1.2,-0.01,-0.7,71
10.73,252.832853131444,-1.04511505797715,254.702233743337,-11.2661362431481,-1.2,-0.01,-0.7,71
10.738,252.939687149504,-1.04511505797715,254.743562662941,-1.21737515288879,-1.2,-0.01,-0.7,71
10.74,252.967564368606,-1.04511505797715,254.756984992855,-1.21737515288879,-1.2,-0.01,-0.7,71
10.75,253.113080570542,-1.04511505797715,254.84172693578,-1.21737515288879,-1.2,-0.01,-0.7,71
10.76,253.267400779181,-1.04511505797715,254.952857152894,-1.21737515288879,-1.2,-0.01,-0.7,71
10.77,253.428877339587,-1.04511505797715,255.084455691998,-1.21737515288879,-1.2,-0.01,-0.7,71
10.78,253.596182062006,-1.04511505797715,255.230995198573,-1.21737515288879,-1.2,-0.01,-0.7,71
10.79,253.7682681331,-1.04511505797715,255.38844396511,-1.21737515288879,-1.2,-0.01,-0.7,71
10.797,253.891133808748,-1.04511505797715,255.503538956113,5.36106259918146,-1.2,-0.01,-0.7,71
10.8,253.944330883746,-1.04511505797715,255.553887144638,5.36106259918146,-1.2,-0.01,-0.7,71
10.81,254.123769596713,-1.04511505797715,255.725020185843,5.36106259918146,-1.2,-0.01,-0.7,71
10.82,254.306151795133,-1.04511505797715,255.898368169247,5.36106259918146,-1.2,-0.01,-0.7,71
10.83,254.491180893527,-1.04511505797715,256.069133585029,5.36106259918146,-1.2,-0.01,-0.7,71
10.84,254.678667653149,-1.04511505797715,256.233243086545,5.36106259918146,-1.2,-0.01,-0.7,71
10.85,254.868505572078,-1.04511505797715,256.387867904765,5.36106259918146,-1.2,-0.01,-0.7,71
10.856,254.983516313703,-1.04511505797715,256.475223866323,12.0816556110631,-1.2,-0.01,-0.7,71
10.86,255.060650116702,-1.04511505797715,256.531001672413,12.0816556110631,-1.2,-0.01,-0.7,71
10.87,255.25510155996,-1.04511505797715,256.660871293399,12.0816556110631,-1.2,-0.01,-0.7,71
10.88,255.451891080667,-1.04511505797715,256.774231771418,12.0816556110631,-1.2,-0.01,-0.7,71
10.89,255.651069765437,-1.04511505797715,256.8664144615,12.0816556110631,-1.2,-0.01,-0.7,71
10.9,255.852700104831,-1.04511505797715,256.933489672962,12.0816556110631,-1.2,-0.01,-0.7,71
10.91,256.056849604017,-1.04511505797715,256.972786316504,12.0816556110631,-1.2,-0.01,-0.7,71
10.915,256.159890332862,14.1081640703241,256.981404870439,7.1670154986789,-1.2,-0.01,-0.7,71
10.92,256.263580176021,14.1081640703241,256.982419015594,7.1670154986789,-1.2,-0.01,-0.7,71
10.93,256.472525900088,14.1081640703241,256.961517238346,7.1670154986789,-1.2,-0.01,-0.7,71
10.94,256.681859138484,14.1081640703241,256.911028596294,7.1670154986789,-1.2,-0.01,-0.7,71
10.95,256.888463933415,14.1081640703241,256.833393475309,7.1670154986789,-1.2,-0.01,-0.7,71
10.96,257.088474868725,14.1081640703241,256.730948313002,7.1670154986789,-1.2,-0.01,-0.7,71
10.97,257.277689608826,14.1081640703241,256.605422791255,7.1670154986789,-1.2,-0.01,-0.7,71
10.974,257.349399202172,15.8876654134438,256.549051983446,-4.48578679745883,-1.2,-0.01,-0.7,71
10.98,257.451868808488,15.8876654134438,256.458126911616,-4.48578679745883,-1.2,-0.01,-0.7,71
10.99,257.606885638279,15.8876654134438,256.290902323574,-4.48578679745883,-1.2,-0.01,-0.7,71
11,257.738749201225,15.8876654134438,256.108127387999,-4.48578679745883,-1.2,-0.01,-0.7,71
11.01,257.843716627581,15.8876654134438,255.916429569765,-4.48578679745883,-1.2,-0.01,-0.7,71
11.02,257.918390494249,15.8876654134438,255.722268452123,-4.48578679745883,-1.2,-0.01,-0.7,71
11.03,257.959768970967,15.8876654134438,255.530731696373,-4.48578679745883,-1.2,-0.01,-0.7,71
11.033,257.965291886228,9.82250702257665,255.47434391249,-13.395685741501,-1.2,-0.01,-0.7,71
11.04,257.965269925293,9.82250702257665,255.345517096951,-13.395685741501,-1.2,-0.01,-0.7,71
11.05,257.932961107001,9.82250702257665,255.169904586568,-13.395685741501,-1.2,-0.01,-0.7,71
11.06,257.861878436679,9.82250702257665,255.008607551658,-13.395685741501,-1.2,-0.01,-0.7,71
11.07,257.751849538782,9.82250702257665,254.867529471587,-13.395685741501,-1.2,-0.01,-0.7,71
11.08,257.603255889523,9.82250702257665,254.751802255383,-13.395685741501,-1.2,-0.01,-0.7,71
11.09,257.416844450455,9.82250702257665,254.66516758289,-13.395685741501,-1.2,-0.01,-0.7,71
11.092,257.375106546039,-5.19336615108368,254.651560825514,-6.84165398160851,-1.2,-0.01,-0.7,71
11.1,257.19361826331,-5.19336615108368,254.61023223224,-6.84165398160851,-1.2,-0.01,-0.7,71
11.11,256.935420426091,-5.19336615108368,254.587770365411,-6.84165398160851,-1.2,-0.01,-0.7,71
11.12,256.64561588745,-5.19336615108368,254.595752177263,-6.84165398160851,-1.2,-0.01,-0.7,71
11.13,256.328633022873,-5.19336615108368,254.630295562947,-6.84165398160851,-1.2,-0.01,-0.7,71
11.14,255.989446065379,-5.19336615108368,254.687937330453,-6.84165398160851,-1.2,-0.01,-0.7,71
11.15,255.633186210036,-5.19336615108368,254.76633273073,-6.84165398160851,-1.2,-0.01,-0.7,71
11.151,255.596816222532,-21.422074045466,254.7752517624,-1.21384485037139,-1.2,-0.01,-0.7,71
11.156,255.413336045741,-21.422074045466,254.822610916105,-1.21384485037139,-1.2,-0.01,-0.7,71
11.16,255.264925496552,-21.422074045466,254.8638150335,-1.21384485037139,-1.2,-0.01,-0.7,71
11.17,254.89036072168,-21.422074045466,254.978874094026,-1.21384485037139,-1.2,-0.01,-0.7,71
11.18,254.516395827011,-21.422074045466,255.108730899931,-1.21384485037139,-1.2,-0.01,-0.7,71
11.19,254.150561090605,-21.422074045466,255.249432671645,-1.21384485037139,-1.2,-0.01,-0.7,71
11.2,253.800457236481,-21.422074045466,255.397686783135,-1.21384485037139,-1.2,-0.01,-0.7,71
11.21,253.473364831046,-8.12041205732412,255.551291889827,5.98845665266308,-1.2,-0.01,-0.7,71
11.22,253.17591239544,-8.12041205732412,255.70833455753,5.98845665266308,-1.2,-0.01,-0.7,71
11.23,252.913160299557,-8.12041205732412,255.865472300703,5.98845665266308,-1.2,-0.01,-0.7,71
11.24,252.688119003931,-8.12041205732412,256.017836263905,5.98845665266308,-1.2,-0.01,-0.7,71
11.25,252.502198800134,-8.12041205732412,256.161300785396,5.98845665266308,-1.2,-0.01,-0.7,71
11.26,252.355648286399,-8.12041205732412,256.293058432877,5.98845665266308,-1.2,-0.01,-0.7,71
11.269,252.256960597091,-1.03954162050515,256.399974129427,10.5355606844374,-1.2,-0.01,-0.7,71
11.27,252.247904303265,-1.03954162050515,256.41112983053,10.5355606844374,-1.2,-0.01,-0.7,71
11.275,252.20825042339,-1.03954162050515,256.464521018135,10.5355606844374,-1.2,-0.01,-0.7,71
11.28,252.177806985211,-1.03954162050515,256.513861390647,10.5355606844374,-1.2,-0.01,-0.7,71
11.29,252.143366817502,-1.03954162050515,256.598656069457,10.5355606844374,-1.2,-0.01,-0.7,71
11.3,252.141755927415,-1.03954162050515,256.662047264778,10.5355606844374,-1.2,-0.01,-0.7,71
11.31,252.169666213702,-1.03954162050515,256.701232802292,10.5355606844374,-1.2,-0.01,-0.7,71
11.32,252.223602968326,-1.03954162050515,256.714365375791,10.5355606844374,-1.2,-0.01,-0.7,71
11.328,252.283156417582,-1.03954162050515,256.70522896775,4.45524873119891,-1.2,-0.01,-0.7,71
11.33,252.30009891826,-1.03954162050515,256.700160479494,4.45524873119891,-1.2,-0.01,-0.7,71
11.34,252.395862800629,-1.03954162050515,256.658278927533,4.45524873119891,-1.2,-0.01,-0.7,71
11.35,252.507875267984,-1.03954162050515,256.590382783053,4.45524873119891,-1.2,-0.01,-0.7,71
11.36,252.633443110454,-1.03954162050515,256.499819310178,4.45524873119891,-1.2,-0.01,-0.7,71
11.37,252.770221976218,-1.03954162050515,256.389800620326,4.45524873119891,-1.2,-0.01,-0.7,71
11.38,252.916216024899,-1.03954162050515,256.26276153145,4.45524873119891,-1.2,-0.01,-0.7,71
11.387,253.022991416564,-1.03954162050515,256.164718391806,-6.22686278986989,-1.2,-0.01,-0.7,71
11.39,253.069761616057,-1.03954162050515,256.120535661892,-6.22686278986989,-1.2,-0.01,-0.7,71
11.4,253.22950071339,-1.03954162050515,255.965304519743,-6.22686278986989,-1.2,-0.01,-0.7,71
11.41,253.394348467807,-1.03954162050515,255.801533413158,-6.22686278986989,-1.2,-0.01,-0.7,71
11.42,253.56345825762,-1.03954162050515,255.635621887092,-6.22686278986989,-1.2,-0.01,-0.7,71
11.43,253.736186633043,-1.03954162050515,255.473567420969,-6.22686278986989,-1.2,-0.01,-0.7,71
11.44,253.912059804602,-1.03954162050515,255.319957356814,-6.22686278986989,-1.2,-0.01,-0.7,71
11.446,254.018948918125,-1.03954162050515,255.233262161962,-11.9822613484322,-1.2,-0.01,-0.7,71
11.45,254.090742743363,-1.03954162050515,255.178080245417,-11.9822613484322,-1.2,-0.01,-0.7,71
11.46,254.272011509066,-1.03954162050515,255.050782586357,-11.9822613484322,-1.2,-0.01,-0.7,71
11.47,254.455729063094,-1.03954162050515,254.941839977232,-11.9822613484322,-1.2,-0.01,-0.7,71
11.48,254.641824609052,-1.03954162050515,254.855664172508,-11.9822613484322,-1.2,-0.01,-0.7,71
11.49,254.830276303121,-1.03954162050515,254.795810865669,-11.9822613484322,-1.2,-0.01,-0.7,71
11.5,255.021097084536,-1.03954162050515,254.764676925213,-11.9822613484322,-1.2,-0.01,-0.7,71
11.505,255.117406587494,0.494305797124282,254.760404925084,-3.97837988562794,-1.2,-0.01,-0.7,71
11.51,255.214322702008,0.494305797124282,254.76387198991,-3.97837988562794,-1.2,-0.01,-0.7,71
11.52,255.40996038633,0.494305797124282,254.79339868866,-3.97837988562794,-1.2,-0.01,-0.7,71
11.53,255.607877601921,0.494305797124282,254.85038686888,-3.97837988562794,-1.2,-0.01,-0.7,71
11.54,255.80781464787,0.494305797124282,254.929945085269,-3.97837988562794,-1.2,-0.01,-0.7,71
11.55,256.009435476379,0.494305797124282,255.027702936821,-3.97837988562794,-1.2,-0.01,-0.7,71
11.56,256.212366700332,0.494305797124282,255.140646854488,-3.97837988562794,-1.2,-0.01,-0.7,71
11.564,256.293820299213,14.4705628254473,255.189578563032,1.26586875435355,-1.2,-0.01,-0.7,71
11.57,256.416214893872,14.4705628254473,255.266631421693,1.26586875435355,-1.2,-0.01,-0.7,71
11.58,256.620111377814,14.4705628254473,255.403864600148,1.26586875435355,-1.2,-0.01,-0.7,71
11.59,256.821827358385,14.4705628254473,255.549486378756,1.26586875435355,-1.2,-0.01,-0.7,71
11.6,257.018038252339,14.4705628254473,255.699599842667,1.26586875435355,-1.2,-0.01,-0.7,71
11.61,257.204816392907,14.4705628254473,255.850982531729,1.26586875435355,-1.2,-0.01,-0.7,71
11.62,257.378001920726,14.4705628254473,256.001468134814,1.26586875435355,-1.2,-0.01,-0.7,71
11.623,257.426685938856,15.31409290541,256.046205849036,10.2080707400984,-1.2,-0.01,-0.7,71
11.63,257.533468788928,15.31409290541,256.149536581619,10.2080707400984,-1.2,-0.01,-0.7,71
11.64,257.667273122531,15.31409290541,256.293669923022,10.2080707400984,-1.2,-0.01,-0.7,71
11.65,257.775719625958,15.31409290541,256.430349537229,10.2080707400984,-1.2,-0.01,-0.7,71
11.66,257.855444895875,15.31409290541,256.554057939051,10.2080707400984,-1.2,-0.01,-0.7,71
11.67,257.903470178146,15.31409290541,256.659934265691,10.2080707400984,-1.2,-0.01,-0.7,71
11.68,257.917219065741,15.31409290541,256.74458915596,10.2080707400984,-1.2,-0.01,-0.7,71
11.682,257.915657009284,8.26286284225013,256.758761706055,9.35443299116893,-1.2,-0.01,-0.7,71
11.69,257.894527812265,8.26286284225013,256.805609627133,9.35443299116893,-1.2,-0.01,-0.7,71
11.7,257.83394628524,8.26286284225013,256.841418557655,9.35443299116893,-1.2,-0.01,-0.7,71
11.71,257.735055692338,8.26286284225013,256.851219315057,9.35443299116893,-1.2,-0.01,-0.7,71
11.72,257.598236375364,8.26286284225013,256.834802854095,9.35443299116893,-1.2,-0.01,-0.7,71
11.73,257.424403724931,8.26286284225013,256.792134160999,9.35443299116893,-1.2,-0.01,-0.7,71
11.74,257.214802371465,8.26286284225013,256.723210570072,9.35443299116893,-1.2,-0.01,-0.7,71
11.741,257.191928698288,-6.9918496559794,256.714875173918,0.328066611688456,-1.2,-0.01,-0.7,71
11.746,257.072464397486,-6.9918496559794,256.669268288697,0.328066611688456,-1.2,-0.01,-0.7,71
11.75,256.970908894474,-6.9918496559794,256.628066895178,0.328066611688456,-1.2,-0.01,-0.7,71
11.76,256.695121742912,-6.9918496559794,256.507537787875,0.328066611688456,-1.2,-0.01,-0.7,71
11.77,256.391332408273,-6.9918496559794,256.364872268885,0.328066611688456,-1.2,-0.01,-0.7,71
11.78,256.064409668144,-6.9918496559794,256.205367612424,0.328066611688456,-1.2,-0.01,-0.7,71
11.79,255.719686381745,-6.9918496559794,256.034100390089,0.328066611688456,-1.2,-0.01,-0.7,71
11.8,255.36257696845,-22.3033444801062,255.854966473636,-10.3844309963889,-1.2,-0.01,-0.7,71
11.81,254.998397480637,-22.3033444801062,255.671614278132,-10.3844309963889,-1.2,-0.01,-0.7,71
11.82,254.633099745531,-22.3033444801062,255.489379773572,-10.3844309963889,-1.2,-0.01,-0.7,71
11.83,254.273678774077,-22.3033444801062,255.315144007404,-10.3844309963889,-1.2,-0.01,-0.7,71
11.84,253.927590298995,-22.3033444801062,255.155185854911,-10.3844309963889,-1.2,-0.01,-0.7,71
11.85,253.602246120086,-22.3033444801062,255.014282148853,-10.3844309963889,-1.2,-0.01,-0.7,71
11.859,253.332987137649,-5.3358104985811,254.90659481377,-11.3512497472129,-1.2,-0.01,-0.7,71
11.86,253.304666775957,-5.3358104985811,254.895820543809,-11.3512497472129,-1.2,-0.01,-0.7,71
11.865,253.168306644029,-5.3358104985811,254.845784522021,-11.3512497472129,-1.2,-0.01,-0.7,71
11.87,253.041118173378,-5.3358104985811,254.802228166771,-11.3512497472129,-1.2,-0.01,-0.7,71
11.88,252.815935265057,-5.3358104985811,254.735480604893,-11.3512497472129,-1.2,-0.01,-0.7,71
11.89,252.631105741557,-5.3358104985811,254.697231900311,-11.3512497472129,-1.2,-0.01,-0.7,71
11.9,252.486869130438,-5.3358104985811,254.688667186725,-11.3512497472129,-1.2,-0.01,-0.7,71
11.91,252.382249880422,-5.3358104985811,254.710544816032,-11.3512497472129,-1.2,-0.01,-0.7,71
11.918,252.325905304688,-1.03404985595921,254.750297915676,-1.20757972102059,-1.2,-0.01,-0.7,71
11.92,252.315474388937,-1.03404985595921,254.763346695121,-1.20757972102059,-1.2,-0.01,-0.7,71
11.93,252.284241730083,-1.03404985595921,254.846341554561,-1.20757972102059,-1.2,-0.01,-0.7,71
11.94,252.285681373342,-1.03404985595921,254.955913266026,-1.20757972102059,-1.2,-0.01,-0.7,71
11.95,252.316470067103,-1.03404985595921,255.086105849135,-1.20757972102059,-1.2,-0.01,-0.7,71
11.96,252.373109569388,-1.03404985595921,255.231345349815,-1.20757972102059,-1.2,-0.01,-0.7,71
11.97,252.452137360654,-1.03404985595921,255.387559780614,-1.20757972102059,-1.2,-0.01,-0.7,71
11.977,252.519010581216,-1.03404985595921,255.501812961198,5.3483089313752,-1.2,-0.01,-0.7,71
11.98,252.550272577377,-1.03404985595921,255.551803713776,5.3483089313752,-1.2,-0.01,-0.7,71
11.99,252.664509613054,-1.03404985595921,255.721754981296,5.3483089313752,-1.2,-0.01,-0.7,71
12,252.792170808314,-1.03404985595921,255.893934648281,5.3483089313752,-1.2,-0.01,-0.7,71
12.01,252.93092784455,-1.03404985595921,256.063549785663,5.3483089313752,-1.2,-0.01,-0.7,71
12.02,253.078800519792,-1.03404985595921,256.22653304893,5.3483089313752,-1.2,-0.01,-0.7,71
12.03,253.234139835562,-1.03404985595921,256.380059649488,5.3483089313752,-1.2,-0.01,-0.7,71
12.036,253.330356294694,-1.03404985595921,256.466771392072,12.0015013684608,-1.2,-0.01,-0.7,71
12.04,253.395601043499,-1.03404985595921,256.522126131284,12.0015013684608,-1.2,-0.01,-0.7,71
12.05,253.562111018877,-1.03404985595921,256.65096234263,12.0015013684608,-1.2,-0.01,-0.7,71
12.06,253.732833262268,-1.03404985595921,256.763339367515,12.0015013684608,-1.2,-0.01,-0.7,71
12.07,253.907132868421,-1.03404985595921,256.854621341662,12.0015013684608,-1.2,-0.01,-0.7,71
12.08,254.084543113293,-1.03404985595921,256.920911524035,12.0015013684608,-1.2,-0.01,-0.7,71
12.09,254.264734689974,-1.03404985595921,256.959564155186,12.0015013684608,-1.2,-0.01,-0.7,71
12.095,254.355801299697,-1.03404985595921,256.967919610302,7.10091159410484,-1.2,-0.01,-0.7,71
12.1,254.447488186924,-1.03404985595921,256.968712515734,7.10091159410484,-1.2,-0.01,-0.7,71
12.11,254.632670071587,-1.03404985595921,256.947498823972,7.10091159410484,-1.2,-0.01,-0.7,71
12.12,254.820212180032,-1.03404985595921,256.896876464096,7.10091159410484,-1.2,-0.01,-0.7,71
12.13,255.010094581146,-1.03404985595921,256.81928600194,7.10091159410484,-1.2,-0.01,-0.7,71
12.14,255.202331542047,-1.03404985595921,256.717063063716,7.10091159410484,-1.2,-0.01,-0.7,71
12.15,255.396960279736,-1.03404985595921,256.59193676086,7.10091159410484,-1.2,-0.01,-0.7,71
12.154,255.475492665642,5.17797974873964,256.535775054545,-4.48946591535065,-1.2,-0.01,-0.7,71
12.16,255.594027112818,5.17797974873964,256.445216464178,-4.48946591535065,-1.2,-0.01,-0.7,71
12.17,255.793369472371,5.17797974873964,256.278742238933,-4.48946591535065,-1.2,-0.01,-0.7,71
12.18,255.994211621377,5.17797974873964,256.096883769671,-4.48946591535065,-1.2,-0.01,-0.7,71
12.19,256.195274490229,5.17797974873964,255.906247688621,-4.48946591535065,-1.2,-0.01,-0.7,71
12.2,256.394989384165,5.17797974873964,255.713262762971,-4.48946591535065,-1.2,-0.01,-0.7,71
12.21,256.591659567777,5.17797974873964,255.52298529097,-4.48946591535065,-1.2,-0.01,-0.7,71
12.213,256.649810379944,14.8785861916838,255.466987810731,-13.3244923250514,-1.2,-0.01,-0.7,71
12.22,256.783563283232,14.8785861916838,255.339088487253,-13.3244923250514,-1.2,-0.01,-0.7,71
12.23,256.968640932176,14.8785861916838,255.164833810456,-13.3244923250514,-1.2,-0.01,-0.7,71
12.24,257.143980493906,14.8785861916838,255.004911300948,-13.3244923250514,-1.2,-0.01,-0.7,71
12.25,257.30608256297,14.8785861916838,254.865189560235,-13.3244923250514,-1.2,-0.01,-0.7,71
12.26,257.451206663959,14.8785861916838,254.750759882091,-13.3244923250514,-1.2,-0.01,-0.7,71
12.27,257.575621801588,14.8785861916838,254.665326616956,-13.3244923250514,-1.2,-0.01,-0.7,71
12.272,257.597702783763,13.330628475608,254.651946189489,-6.74460890124158,-1.2,-0.01,-0.7,71
12.28,257.675782171826,13.330628475608,254.611468468236,-6.74460890124158,-1.2,-0.01,-0.7,71
12.29,257.748508514551,13.330628475608,254.589938658127,-6.74460890124158,-1.2,-0.01,-0.7,71
12.3,257.791126682381,13.330628475608,254.598687136302,-6.74460890124158,-1.2,-0.01,-0.7,71
12.31,257.801448253261,13.330628475608,254.633809757398,-6.74460890124158,-1.2,-0.01,-0.7,71
12.32,257.777719124814,13.330628475608,254.691825223424,-6.74460890124158,-1.2,-0.01,-0.7,71
12.33,257.718564163201,13.330628475608,254.770376286837,-6.74460890124158,-1.2,-0.01,-0.7,71
12.331,257.71065724838,3.56166313133848,254.77929857069,-1.20407555359157,-1.2,-0.01,-0.7,71
12.336,257.665621228191,3.56166313133848,254.82663943551,-1.20407555359157,-1.2,-0.01,-0.7,71
12.34,257.622969921016,3.56166313133848,254.86778746203,-1.20407555359157,-1.2,-0.01,-0.7,71
12.35,257.490744123147,3.56166313133848,254.982547083566,-1.20407555359157,-1.2,-0.01,-0.7,71
12.36,257.322877761759,3.56166313133848,255.111897628744,-1.20407555359157,-1.2,-0.01,-0.7,71
12.37,257.121205227573,3.56166313133848,255.251930157024,-1.20407555359157,-1.2,-0.01,-0.7,71
12.38,256.888064521254,3.56166313133848,255.399392174482,-1.20407555359157,-1.2,-0.01,-0.7,71
12.39,256.626038974005,-11.9467696337785,255.552109853552,6.00891216026745,-1.2,-0.01,-0.7,71
12.4,256.337859319581,-11.9467696337785,255.708185664391,6.00891216026745,-1.2,-0.01,-0.7,71
12.41,256.027187353022,-11.9467696337785,255.864282474899,6.00891216026745,-1.2,-0.01,-0.7,71
12.42,255.699055020297,-11.9467696337785,256.015532201726,6.00891216026745,-1.2,-0.01,-0.7,71
12.43,255.359296605247,-11.9467696337785,256.157809955563,6.00891216026745,-1.2,-0.01,-0.7,71
12.44,255.014037485581,-11.9467696337785,256.288310406934,6.00891216026745,-1.2,-0.01,-0.7,71
12.449,254.703602226261,-20.3206924589292,256.394035863751,10.4580458911104,-1.2,-0.01,-0.7,71
12.45,254.669321124358,-20.3206924589292,256.405055924051,10.4580458911104,-1.2,-0.01,-0.7,71
12.455,254.498974157403,-20.3206924589292,256.457760149638,10.4580458911104,-1.2,-0.01,-0.7,71
12.46,254.330925842144,-20.3206924589292,256.506399436085,10.4580458911104,-1.2,-0.01,-0.7,71
12.47,254.004742398432,-20.3206924589292,256.589776793843,10.4580458911104,-1.2,-0.01,-0.7,71
12.48,253.696880987535,-20.3206924589292,256.651779276496,10.4580458911104,-1.2,-0.01,-0.7,71
12.49,253.413335616995,-20.3206924589292,256.689654980101,10.4580458911104,-1.2,-0.01,-0.7,71
12.5,253.159732463966,-20.3206924589292,256.701590828075,10.4580458911104,-1.2,-0.01,-0.7,71
12.508,252.981858666449,-1.02870463174869,256.691595361988,4.35735403500089,-1.2,-0.01,-0.7,71
12.51,252.941176264231,-1.02870463174869,256.686326869244,4.35735403500089,-1.2,-0.01,-0.7,71
12.52,252.761942309193,-1.02870463174869,256.64354371947,4.35735403500089,-1.2,-0.01,-0.7,71
12.53,252.624189921562,-1.02870463174869,256.574924304985,4.35735403500089,-1.2,-0.01,-0.7,71
12.54,252.52772114361,-1.02870463174869,256.483838203373,4.35735403500089,-1.2,-0.01,-0.7,71
12.55,252.470683503937,-1.02870463174869,256.373518507388,4.35735403500089,-1.2,-0.01,-0.7,71
12.56,252.450156309424,-1.02870463174869,256.246416791292,4.35735403500089,-1.2,-0.01,-0.7,71
12.567,252.455630976267,-1.02870463174869,256.148478280251,-6.26751733677115,-1.2,-0.01,-0.7,71
12.57,252.462602779058,-1.02870463174869,256.104378689284,-6.26751733677115,-1.2,-0.01,-0.7,71
12.58,252.504213156663,-1.02870463174869,255.949592179166,-6.26751733677115,-1.2,-0.01,-0.7,71
12.59,252.571158149604,-1.02870463174869,255.786517985142,-6.26751733677115,-1.2,-0.01,-0.7,71
12.6,252.659767614275,-1.02870463174869,255.621536615269,-6.26751733677115,-1.2,-0.01,-0.7,71
12.61,252.766648667262,-1.02870463174869,255.460616601514,-6.26751733677115,-1.2,-0.01,-0.7,71
12.62,252.888755447395,-1.02870463174869,255.308316239907,-6.26751733677115,-1.2,-0.01,-0.7,71
12.626,252.96820260639,-1.02870463174869,255.22248120415,-11.9206802268251,-1.2,-0.01,-0.7,71
12.63,253.023421695219,-1.02870463174869,255.167901243496,-11.9206802268251,-1.2,-0.01,-0.7,71
12.64,253.168365802274,-1.02870463174869,255.04219493226,-11.9206802268251,-1.2,-0.01,-0.7,71
12.65,253.321676590743,-1.02870463174869,254.934931901702,-11.9206802268251,-1.2,-0.01,-0.7,71
12.66,253.481786308741,-1.02870463174869,254.850467699692,-11.9206802268251,-1.2,-0.01,-0.7,71
12.67,253.647436163386,-1.02870463174869,254.792306396482,-11.9206802268251,-1.2,-0.01,-0.7,71
12.68,253.817638290496,-1.02870463174869,254.762805061951,-11.9206802268251,-1.2,-0.01,-0.7,71
12.685,253.904202284959,-1.02870463174869,254.759317883949,-3.84072792712306,-1.2,-0.01,-0.7,71
12.69,253.991637050021,-1.02870463174869,254.763544872844,-3.84072792712306,-1.2,-0.01,-0.7,71
12.7,254.168871658396,-1.02870463174869,254.794504180386,-3.84072792712306,-1.2,-0.01,-0.7,71
12.71,254.348941464817,-1.02870463174869,254.852780012251,-3.84072792712306,-1.2,-0.01,-0.7,71
12.72,254.531574657819,-1.02870463174869,254.933436465769,-3.84072792712306,-1.2,-0.01,-0.7,71
12.73,254.716600772195,-1.02870463174869,255.032059523523,-3.84072792712306,-1.2,-0.01,-0.7,71
12.74,254.903927079772,-1.02870463174869,255.145601728975,-3.84072792712306,-1.2,-0.01,-0.7,71
12.744,254.979492300996,-1.02870463174869,255.19469233805,1.34241948090916,-1.2,-0.01,-0.7,71
12.75,255.093518740391,-1.02870463174869,255.27189302204,1.34241948090916,-1.2,-0.01,-0.7,71
12.76,255.285382461212,-1.02870463174869,255.409128203488,1.34241948090916,-1.2,-0.01,-0.7,71
12.77,255.47955331198,-1.02870463174869,255.554454871529,1.34241948090916,-1.2,-0.01,-0.7,71
12.78,255.67608433709,-1.02870463174869,255.70400178689,1.34241948090916,-1.2,-0.01,-0.7,71
12.79,255.875038561283,-1.02870463174869,255.854570978098,1.34241948090916,-1.2,-0.01,-0.7,71
12.8,256.076483017018,-1.02870463174869,256.004012624437,1.34241948090916,-1.2,-0.01,-0.7,71
12.803,256.137411990217,13.8309082845123,256.048394016256,10.1857312464395,-1.2,-0.01,-0.7,71
12.81,256.280462285181,13.8309082845123,256.150818421745,10.1857312464395,-1.2,-0.01,-0.7,71
12.82,256.486390820482,13.8309082845123,256.293476653939,10.1857312464395,-1.2,-0.01,-0.7,71
12.83,256.692178711162,13.8309082845123,256.428485916567,10.1857312464395,-1.2,-0.01,-0.7,71
12.84,256.894585591254,13.8309082845123,256.550368974586,10.1857312464395,-1.2,-0.01,-0.7,71
12.85,257.089726634503,13.8309082845123,256.65431401255,10.1857312464395,-1.2,-0.01,-0.7,71
12.86,257.273453545316,13.8309082845123,256.736974923232,10.1857312464395,-1.2,-0.01,-0.7,71
12.862,257.308462670407,15.6359432751905,256.7507439675,9.23347128492735,-1.2,-0.01,-0.7,71
12.87,257.441625950968,15.6359432751905,256.795971442909,9.23347128492735,-1.2,-0.01,-0.7,71
12.88,257.590216130352,15.6359432751905,256.829758287178,9.23347128492735,-1.2,-0.01,-0.7,71
12.89,257.715338616493,15.6359432751905,256.83759357524,9.23347128492735,-1.2,-0.01,-0.7,71
12.9,257.813369718273,15.6359432751905,256.819343042687,9.23347128492735,-1.2,-0.01,-0.7,71
12.91,257.881035008406,15.6359432751905,256.775034447604,9.23347128492735,-1.2,-0.01,-0.7,71
12.92,257.915452355312,15.6359432751905,256.704708849991,9.23347128492735,-1.2,-0.01,-0.7,71
12.921,257.916966549072,9.69322583666852,256.696247506,0.189574759538546,-1.2,-0.01,-0.7,71
12.926,257.919098171329,9.69322583666852,256.650053267351,0.189574759538546,-1.2,-0.01,-0.7,71
12.93,257.914165781753,9.69322583666852,256.608432854003,0.189574759538546,-1.2,-0.01,-0.7,71
12.94,257.875444656242,9.69322583666852,256.487065936423,0.189574759538546,-1.2,-0.01,-0.7,71
12.95,257.798504139486,9.69322583666852,256.343879915171,0.189574759538546,-1.2,-0.01,-0.7,71
12.96,257.683287021345,9.69322583666852,256.184191424748,0.189574759538546,-1.2,-0.01,-0.7,71
12.97,257.530240580746,9.69322583666852,256.013091826969,0.189574759538546,-1.2,-0.01,-0.7,71
12.98,257.340140577101,-5.06047983545974,255.834486689603,-10.421250119322,-1.2,-0.01,-0.7,71
12.99,257.114042382102,-5.06047983545974,255.65202780745,-10.421250119322,-1.2,-0.01,-0.7,71
13,256.854040615329,-5.06047983545974,255.471038078996,-10.421250119322,-1.2,-0.01,-0.7,71
13.01,256.563691814882,-5.06047983545974,255.298361731909,-10.421250119322,-1.2,-0.01,-0.7,71
13.02,256.247485586598,-5.06047983545974,255.140225864703,-10.421250119322,-1.2,-0.01,-0.7,71
13.03,255.910362657002,-5.06047983545974,255.001357092701,-10.421250119322,-1.2,-0.01,-0.7,71
13.039,255.593229938456,-21.0377523709429,254.895650595345,-11.0985504648545,-1.2,-0.01,-0.7,71
13.04,255.557355316347,-21.0377523709429,254.885104283016,-11.0985504648545,-1.2,-0.01,-0.7,71
13.045,255.376440426863,-21.0377523709429,254.836219413348,-11.0985504648545,-1.2,-0.01,-0.7,71
13.05,255.193470998898,-21.0377523709429,254.793829073593,-11.0985504648545,-1.2,-0.01,-0.7,71
13.06,254.824553951753,-21.0377523709429,254.729355297674,-11.0985504648545,-1.2,-0.01,-0.7,71
13.07,254.457566573864,-21.0377523709429,254.693130140062,-11.0985504648545,-1.2,-0.01,-0.7,71
13.08,254.099966195858,-21.0377523709429,254.686169932113,-11.0985504648545,-1.2,-0.01,-0.7,71
13.09,253.759192943294,-21.0377523709429,254.709122696475,-11.0985504648545,-1.2,-0.01,-0.7,71
13.098,253.50345831795,-8.06154117054678,254.749303856133,-1.19786092719372,-1.2,-0.01,-0.7,71
13.1,253.442314577725,-8.06154117054678,254.762396500531,-1.19786092719372,-1.2,-0.01,-0.7,71
13.11,253.1556446097,-8.06154117054678,254.845241906158,-1.19786092719372,-1.2,-0.01,-0.7,71
13.12,252.903760739812,-8.06154117054678,254.954084969611,-1.19786092719372,-1.2,-0.01,-0.7,71
13.13,252.689294381314,-8.06154117054678,255.083058452779,-1.19786092719372,-1.2,-0.01,-0.7,71
13.14,252.513401628862,-8.06154117054678,255.226701866315,-1.19786092719372,-1.2,-0.01,-0.7,71
13.15,252.376173038494,-8.06154117054678,255.381044776416,-1.19786092719372,-1.2,-0.01,-0.7,71
13.157,252.302792678725,-1.02321986683079,255.493866732727,5.2542149640982,-1.2,-0.01,-0.7,71
13.16,252.276959952461,-1.02321986683079,255.543219352273,5.2542149640982,-1.2,-0.01,-0.7,71
13.17,252.214516988917,-1.02321986683079,255.710949668996,5.2542149640982,-1.2,-0.01,-0.7,71
13.18,252.186719440201,-1.02321986683079,255.880800568605,5.2542149640982,-1.2,-0.01,-0.7,71
13.19,252.190673724581,-1.02321986683079,256.048044274445,5.2542149640982,-1.2,-0.01,-0.7,71
13.2,252.223071852227,-1.02321986683079,256.208679488958,5.2542149640982,-1.2,-0.01,-0.7,71
13.21,252.280465430437,-1.02321986683079,256.359936326648,5.2542149640982,-1.2,-0.01,-0.7,71
13.216,252.325482057323,-1.02321986683079,256.445341362535,11.8255221377896,-1.2,-0.01,-0.7,71
13.22,252.359463872085,-1.02321986683079,256.499852265517,11.8255221377896,-1.2,-0.01,-0.7,71
13.23,252.456870386236,-1.02321986683079,256.62668464997,11.8255221377896,-1.2,-0.01,-0.7,71
13.24,252.569768211663,-1.02321986683079,256.737238711367,11.8255221377896,-1.2,-0.01,-0.7,71
13.25,252.695567649319,-1.02321986683079,256.826930101481,11.8255221377896,-1.2,-0.01,-0.7,71
13.26,252.832023733191,-1.02321986683079,256.89191359907,11.8255221377896,-1.2,-0.01,-0.7,71
13.27,252.977232567954,-1.02321986683079,256.929585466898,11.8255221377896,-1.2,-0.01,-0.7,71
13.275,253.052613278197,-1.02321986683079,256.937582854508,6.96853592557994,-1.2,-0.01,-0.7,71
13.28,253.129613072522,-1.02321986683079,256.938110320362,6.96853592557994,-1.2,-0.01,-0.7,71
13.29,253.287879482266,-1.02321986683079,256.916650350094,6.96853592557994,-1.2,-0.01,-0.7,71
13.3,253.451008790694,-1.02321986683079,256.866161770708,6.96853592557994,-1.2,-0.01,-0.7,71
13.31,253.618206178701,-1.02321986683079,256.789074418926,6.96853592557994,-1.2,-0.01,-0.7,71
13.32,253.788870692829,-1.02321986683079,256.687712904286,6.96853592557994,-1.2,-0.01,-0.7,71
13.33,253.962562669665,-1.02321986683079,256.563798812392,6.96853592557994,-1.2,-0.01,-0.7,71
13.334,254.032814317053,-1.02321986683079,256.508218928657,-4.47985917894664,-1.2,-0.01,-0.7,71
13.34,254.138973867101,-1.02321986683079,256.418636013731,-4.47985917894664,-1.2,-0.01,-0.7,71
13.35,254.317900840867,-1.02321986683079,256.254058590023,-4.47985917894664,-1.2,-0.01,-0.7,71
13.36,254.499221769275,-1.02321986683079,256.074414959453,-4.47985917894664,-1.2,-0.01,-0.7,71
13.37,254.682876733774,-1.02321986683079,255.886264275158,-4.47985917894664,-1.2,-0.01,-0.7,71
13.38,254.868851276486,-1.02321986683079,255.695967202437,-4.47985917894664,-1.2,-0.01,-0.7,71
13.39,255.05716297506,-1.02321986683079,255.508511444056,-4.47985917894664,-1.2,-0.01,-0.7,71
13.393,255.114117640632,0.467659411125325,255.453378561682,-13.1656846987486,-1.2,-0.01,-0.7,71
13.4,255.247848489832,0.467659411125325,255.32751674564,-13.1656846987486,-1.2,-0.01,-0.7,71
13.41,255.440894517304,0.467659411125325,255.1562045759,-13.1656846987486,-1.2,-0.01,-0.7,71
13.42,255.63614390213,0.467659411125325,254.99921626498,-13.1656846987486,-1.2,-0.01,-0.7,71
13.43,255.833326516602,0.467659411125325,254.862349734061,-13.1656846987486,-1.2,-0.01,-0.7,71
13.44,256.032106551078,0.467659411125325,254.750615010471,-13.1656846987486,-1.2,-0.01,-0.7,71
13.45,256.232118206899,0.467659411125325,254.667642055957,-13.1656846987486,-1.2,-0.01,-0.7,71
13.452,256.272235634997,14.2439132085588,254.654720727087,-6.57348395898661,-1.2,-0.01,-0.7,71
13.46,256.432956916995,14.2439132085588,254.615953726793,-6.57348395898661,-1.2,-0.01,-0.7,71
13.47,256.633543769938,14.2439132085588,254.596267391672,-6.57348395898661,-1.2,-0.01,-0.7,71
13.48,256.831427183851,14.2439132085588,254.606509922891,-6.57348395898661,-1.2,-0.01,-0.7,71
13.49,257.023181073609,14.2439132085588,254.642757533358,-6.57348395898661,-1.2,-0.01,-0.7,71
13.5,257.20486639363,14.2439132085588,254.701513608994,-6.57348395898661,-1.2,-0.01,-0.7,71
13.51,257.372374626056,14.2439132085588,254.780409625312,-6.57348395898661,-1.2,-0.01,-0.7,71
13.511,257.388188787687,15.0835467773913,254.789344352335,-1.19441627801406,-1.2,-0.01,-0.7,71
13.516,257.464388032166,15.0835467773913,254.836686383741,-1.19441627801406,-1.2,-0.01,-0.7,71
13.52,257.521669667717,15.0835467773913,254.877762084415,-1.19441627801406,-1.2,-0.01,-0.7,71
13.53,257.648908140297,15.0835467773913,254.992061061851,-1.19441627801406,-1.2,-0.01,-0.7,71
13.54,257.750506067357,15.0835467773913,255.120591354206,-1.19441627801406,-1.2,-0.01,-0.7,71
13.55,257.823219096575,15.0835467773913,255.259526926529,-1.19441627801406,-1.2,-0.01,-0.7,71
13.56,257.864187136277,15.0835467773913,255.405690229469,-1.19441627801406,-1.2,-0.01,-0.7,71
13.57,257.870946545103,8.15177737712689,255.55695850813,6.08191623158544,-1.2,-0.01,-0.7,71
13.58,257.841460636128,8.15177737712689,255.711463007505,6.08191623158544,-1.2,-0.01,-0.7,71
13.59,257.774496766896,8.15177737712689,255.865867411345,6.08191623158544,-1.2,-0.01,-0.7,71
13.6,257.669818611453,8.15177737712689,256.015284937437,6.08191623158544,-1.2,-0.01,-0.7,71
13.61,257.527919996553,8.15177737712689,256.155570876526,6.08191623158544,-1.2,-0.01,-0.7,71
13.62,257.349777200529,8.15177737712689,256.28390702684,6.08191623158544,-1.2,-0.01,-0.7,71
13.629,257.159503056514,-6.86875031009751,256.38752945684,10.3251792705827,-1.2,-0.01,-0.7,71
13.63,257.136656617482,-6.86875031009751,256.39830658467,10.3251792705827,-1.2,-0.01,-0.7,71
13.635,257.01742983557,-6.86875031009751,256.449770618589,10.3251792705827,-1.2,-0.01,-0.7,71
13.64,256.890098255686,-6.86875031009751,256.497127917547,10.3251792705827,-1.2,-0.01,-0.7,71
13.65,256.612762189553,-6.86875031009751,256.577871252265,10.3251792705827,-1.2,-0.01,-0.7,71
13.66,256.308718388688,-6.86875031009751,256.637246235614,10.3251792705827,-1.2,-0.01,-0.7,71
13.67,255.98288684011,-6.86875031009751,256.672603506544,10.3251792705827,-1.2,-0.01,-0.7,71
13.68,255.640559487474,-6.86875031009751,256.682198958025,10.3251792705827,-1.2,-0.01,-0.7,71
13.688,255.358395408441,-21.9570242223081,256.670493283255,4.16852085030942,-1.2,-0.01,-0.7,71
13.69,255.287046861172,-21.9570242223081,256.664821960867,4.16852085030942,-1.2,-0.01,-0.7,71
13.7,254.927615303818,-21.9570242223081,256.620193989469,4.16852085030942,-1.2,-0.01,-0.7,71
13.71,254.568352538298,-21.9570242223081,256.550044625288,4.16852085030942,-1.2,-0.01,-0.7,71
13.72,254.216286377798,-21.9570242223081,256.457795954233,4.16852085030942,-1.2,-0.01,-0.7,71
13.73,253.878786751376,-21.9570242223081,256.34673038118,4.16852085030942,-1.2,-0.01,-0.7,71
13.74,253.563102019905,-21.9570242223081,256.219338364463,4.16852085030942,-1.2,-0.01,-0.7,71
13.747,253.358774516614,-5.26996238216999,256.121483017464,-6.36018493768113,-1.2,-0.01,-0.7,71
13.75,253.276043758967,-5.26996238216999,256.077493258199,-6.36018493768113,-1.2,-0.01,-0.7,71
13.76,253.023523268052,-5.26996238216999,255.92339851017,-6.36018493768113,-1.2,-0.01,-0.7,71
13.77,252.809327229661,-5.26996238216999,255.761509406086,-6.36018493768113,-1.2,-0.01,-0.7,71
13.78,252.635028248261,-5.26996238216999,255.598174803125,-6.36018493768113,-1.2,-0.01,-0.7,71
13.79,252.500592093153,-5.26996238216999,255.439313645395,-6.36018493768113,-1.2,-0.01,-0.7,71
13.8,252.404877716884,-5.26996238216999,255.289434207068,-6.36018493768113,-1.2,-0.01,-0.7,71
13.806,252.365283191999,-1.0178134684575,255.205208594318,-11.8164239289144,-1.2,-0.01,-0.7,71
13.81,252.346027298083,-1.0178134684575,255.151762685466,-11.8164239289144,-1.2,-0.01,-0.7,71
13.82,252.321676856504,-1.0178134684575,255.02908033134,-11.8164239289144,-1.2,-0.01,-0.7,71
13.83,252.328891827223,-1.0178134684575,254.925043333289,-11.8164239289144,-1.2,-0.01,-0.7,71
13.84,252.36434582757,-1.0178134684575,254.843898762183,-11.8164239289144,-1.2,-0.01,-0.7,71
13.85,252.424586173895,-1.0178134684575,254.789051802254,-11.8164239289144,-1.2,-0.01,-0.7,71
13.86,252.506228039453,-1.0178134684575,254.762784053518,-11.8164239289144,-1.2,-0.01,-0.7,71
13.865,252.554069077041,-1.0178134684575,254.760865971399,-3.62617892869862,-1.2,-0.01,-0.7,71
13.87,252.606087229592,-1.0178134684575,254.766622884532,-3.62617892869862,-1.2,-0.01,-0.7,71
13.88,252.721263629844,-1.0178134684575,254.800504955556,-3.62617892869862,-1.2,-0.01,-0.7,71
13.89,252.849186365034,-1.0178134684575,254.861477725917,-3.62617892869862,-1.2,-0.01,-0.7,71
13.9,252.987629875752,-1.0178134684575,254.944539606611,-3.62617892869862,-1.2,-0.01,-0.7,71
13.91,253.134709192466,-1.0178134684575,255.045210990681,-3.62617892869862,-1.2,-0.01,-0.7,71
13.92,253.288860952977,-1.0178134684575,255.160392159706,-3.62617892869862,-1.2,-0.01,-0.7,71
13.924,253.352208397107,-1.0178134684575,255.21001492429,1.55221970969605,-1.2,-0.01,-0.7,71
13.93,253.448815470473,-1.0178134684575,255.287874771697,1.55221970969605,-1.2,-0.01,-0.7,71
13.94,253.613563927734,-1.0178134684575,255.425829369954,1.55221970969605,-1.2,-0.01,-0.7,71
13.95,253.782323754394,-1.0178134684575,255.571389071574,1.55221970969605,-1.2,-0.01,-0.7,71
13.96,253.95450433784,-1.0178134684575,255.720672878985,1.55221970969605,-1.2,-0.01,-0.7,71
13.97,254.129674566201,-1.0178134684575,255.87047562672,1.55221970969605,-1.2,-0.01,-0.7,71
13.98,254.307533123469,-1.0178134684575,256.0186413901,1.55221970969605,-1.2,-0.01,-0.7,71
13.983,254.361383029176,-1.0178134684575,256.062540008377,10.1983756153095,-1.2,-0.01,-0.7,71
13.99,254.487882048584,-1.0178134684575,256.163657386882,10.1983756153095,-1.2,-0.01,-0.7,71
14,254.670603764181,-1.0178134684575,256.304010417071,10.1983756153095,-1.2,-0.01,-0.7,71
14.01,254.855641539933,-1.0178134684575,256.436229078635,10.1983756153095,-1.2,-0.01,-0.7,71
14.02,255.042983234793,-1.0178134684575,256.554913137074,10.1983756153095,-1.2,-0.01,-0.7,71
14.03,255.232648035363,-1.0178134684575,256.655342076243,10.1983756153095,-1.2,-0.01,-0.7,71
14.04,255.424675872164,-1.0178134684575,256.73424717565,10.1983756153095,-1.2,-0.01,-0.7,71
14.042,255.463369473654,5.03583382463222,256.747241297937,9.02951429580071,-1.2,-0.01,-0.7,71
14.05,255.619103882243,5.03583382463222,256.789306202628,9.02951429580071,-1.2,-0.01,-0.7,71
14.06,255.815672917006,5.03583382463222,256.819033505589,9.02951429580071,-1.2,-0.01,-0.7,71
14.07,256.013510753851,5.03583382463222,256.822799908342,9.02951429580071,-1.2,-0.01,-0.7,71
14.08,256.21130014774,5.03583382463222,256.800629771355,9.02951429580071,-1.2,-0.01,-0.7,71
14.09,256.40747692789,5.03583382463222,256.752685037973,9.02951429580071,-1.2,-0.01,-0.7,71
14.1,256.600378154195,5.03583382463222,256.679100406724,9.02951429580071,-1.2,-0.01,-0.7,71
14.101,256.619423896267,14.6416685243667,256.670336405071,-0.0977462574773478,-1.2,-0.01,-0.7,71
14.106,256.71385168829,14.6416685243667,256.6226997943,-0.0977462574773478,-1.2,-0.01,-0.7,71
14.11,256.788310440886,14.6416685243667,256.580010582681,-0.0977462574773478,-1.2,-0.01,-0.7,71
14.12,256.969105559435,14.6416685243667,256.456330139613,-0.0977462574773478,-1.2,-0.01,-0.7,71
14.13,257.139754784539,14.6416685243667,256.31138920008,-0.0977462574773478,-1.2,-0.01,-0.7,71
14.14,257.296741589342,14.6416685243667,256.150563697793,-0.0977462574773478,-1.2,-0.01,-0.7,71
14.15,257.436364329126,14.6416685243667,255.978997695297,-0.0977462574773478,-1.2,-0.01,-0.7,71
14.16,257.55496739693,13.149044907882,255.800636504731,-10.546443100949,-1.2,-0.01,-0.7,71
14.17,257.64910687045,13.149044907882,255.61915281952,-10.546443100949,-1.2,-0.01,-0.7,71
14.18,257.715736076195,13.149044907882,255.439856375405,-10.546443100949,-1.2,-0.01,-0.7,71
14.19,257.752306943273,13.149044907882,255.269536076214,-10.546443100949,-1.2,-0.01,-0.7,71
14.2,257.756738457469,13.149044907882,255.114339151693,-10.546443100949,-1.2,-0.01,-0.7,71
14.21,257.727366158621,13.149044907882,254.978914804915,-10.546443100949,-1.2,-0.01,-0.7,71
14.219,257.670946283786,3.56607904244751,254.876690287674,-10.687338312013,-1.2,-0.01,-0.7,71
14.22,257.662888271267,3.56607904244751,254.866551849398,-10.687338312013,-1.2,-0.01,-0.7,71
14.225,257.617171397888,3.56607904244751,254.819746892259,-10.687338312013,-1.2,-0.01,-0.7,71
14.23,257.562394305747,3.56607904244751,254.779496562181,-10.687338312013,-1.2,-0.01,-0.7,71
14.24,257.425917570325,3.56607904244751,254.719291236263,-10.687338312013,-1.2,-0.01,-0.7,71
14.25,257.254614487779,3.56607904244751,254.686994737207,-10.687338312013,-1.2,-0.01,-0.7,71
14.26,257.050397524649,3.56607904244751,254.683304343334,-10.687338312013,-1.2,-0.01,-0.7,71
14.27,256.81561857131,3.56607904244751,254.708658483653,-10.687338312013,-1.2,-0.01,-0.7,71
14.278,256.607503621061,-11.7016133234444,254.750038130656,-1.18826113723381,-1.2,-0.01,-0.7,71
14.28,256.552829550041,-11.7016133234444,254.763324009842,-1.18826113723381,-1.2,-0.01,-0.7,71
14.29,256.264793030611,-11.7016133234444,254.846513117135,-1.18826113723381,-1.2,-0.01,-0.7,71
14.3,255.955391353286,-11.7016133234444,254.954723641402,-1.18826113723381,-1.2,-0.01,-0.7,71
14.31,255.629773050926,-11.7016133234444,255.082241749644,-1.18826113723381,-1.2,-0.01,-0.7,71
14.32,255.293765178996,-11.7016133234444,255.223800521922,-1.18826113723381,-1.2,-0.01,-0.7,71
14.33,254.953399150021,-11.7016133234444,255.37560119677,-1.18826113723381,-1.2,-0.01,-0.7,71
14.337,254.715718725554,-20.0846297642046,255.486443376435,5.16683300778338,-1.2,-0.01,-0.7,71
14.34,254.614568628578,-20.0846297642046,255.534906801992,5.16683300778338,-1.2,-0.01,-0.7,71
14.35,254.28293679406,-20.0846297642046,255.699520229949,5.16683300778338,-1.2,-0.01,-0.7,71
14.36,253.964376664824,-20.0846297642046,255.866066663787,5.16683300778338,-1.2,-0.01,-0.7,71
14.37,253.664931572775,-20.0846297642046,256.029893427184,5.16683300778338,-1.2,-0.01,-0.7,71
14.38,253.390481226358,-20.0846297642046,256.187073116778,5.16683300778338,-1.2,-0.01,-0.7,71
14.39,253.146510954376,-20.0846297642046,256.334898214091,5.16683300778338,-1.2,-0.01,-0.7,71
14.396,253.016844288819,-1.01255290416119,256.418275583788,11.5695929233252,-1.2,-0.01,-0.7,71
14.4,252.937970935768,-1.01255290416119,256.471452722573,11.5695929233252,-1.2,-0.01,-0.7,71
14.41,252.768807429184,-1.01255290416119,256.595028312233,11.5695929233252,-1.2,-0.01,-0.7,71
14.42,252.640665733143,-1.01255290416119,256.702489352305,11.5695929233252,-1.2,-0.01,-0.7,71
14.43,252.552986494905,-1.01255290416119,256.78934935486,11.5695929233252,-1.2,-0.01,-0.7,71
14.44,252.50370015132,-1.01255290416119,256.85186000951,11.5695929233252,-1.2,-0.01,-0.7,71
14.45,252.48977809659,-1.01255290416119,256.887494109073,11.5695929233252,-1.2,-0.01,-0.7,71
14.455,252.49497659207,-1.01255290416119,256.894654053853,6.73839546150124,-1.2,-0.01,-0.7,71
14.46,252.507656803714,-1.01255290416119,256.894472966703,6.73839546150124,-1.2,-0.01,-0.7,71
14.47,252.553558119457,-1.01255290416119,256.871998774775,6.73839546150124,-1.2,-0.01,-0.7,71
14.48,252.623724067428,-1.01255290416119,256.821050446501,6.73839546150124,-1.2,-0.01,-0.7,71
14.49,252.714580504708,-1.01255290416119,256.744067971521,6.73839546150124,-1.2,-0.01,-0.7,71
14.5,252.822843449156,-1.01255290416119,256.64338425564,6.73839546150124,-1.2,-0.01,-0.7,71
14.51,252.94557993206,-1.01255290416119,256.520728900822,6.73839546150124,-1.2,-0.01,-0.7,71
14.514,252.998141805425,-1.01255290416119,256.465816556564,-4.51494214948022,-1.2,-0.01,-0.7,71
14.52,253.080234150403,-1.01255290416119,256.377411872589,-4.51494214948022,-1.2,-0.01,-0.7,71
14.53,253.224628159935,-1.01255290416119,256.215268223383,-4.51494214948022,-1.2,-0.01,-0.7,71
14.54,253.376944953146,-1.01255290416119,256.03862245627,-4.51494214948022,-1.2,-0.01,-0.7,71
14.55,253.53570004136,-1.01255290416119,255.85397050959,-4.51494214948022,-1.2,-0.01,-0.7,71
14.56,253.699706524292,-1.01255290416119,255.667579718024,-4.51494214948022,-1.2,-0.01,-0.7,71
14.57,253.868037273253,-1.01255290416119,255.484343218323,-4.51494214948022,-1.2,-0.01,-0.7,71
14.573,253.91926911309,-1.01255290416119,255.430526035395,-12.9516313111965,-1.2,-0.01,-0.7,71
14.58,254.039986893502,-1.01255290416119,255.3078066404,-12.9516313111965,-1.2,-0.01,-0.7,71
14.59,254.215035302575,-1.01255290416119,255.141133724186,-12.9516313111965,-1.2,-0.01,-0.7,71
14.6,254.392814099292,-1.01255290416119,254.988887574562,-12.9516313111965,-1.2,-0.01,-0.7,71
14.61,254.573076413068,-1.01255290416119,254.856749189442,-12.9516313111965,-1.2,-0.01,-0.7,71
14.62,254.755670534486,-1.01255290416119,254.749595507581,-12.9516313111965,-1.2,-0.01,-0.7,71
14.63,254.940517364858,-1.01255290416119,254.670935847377,-12.9516313111965,-1.2,-0.01,-0.7,71
14.632,254.977754062831,-1.01255290416119,254.658837256027,-6.29283667818378,-1.2,-0.01,-0.7,71
14.64,255.1275915327,-1.01255290416119,254.623202545699,-6.29283667818378,-1.2,-0.01,-0.7,71
14.65,255.316905908638,-1.01255290416119,254.607048407226,-6.29283667818378,-1.2,-0.01,-0.7,71
14.66,255.508499164245,-1.01255290416119,254.620343356552,-6.29283667818378,-1.2,-0.01,-0.7,71
14.67,255.70242601252,-1.01255290416119,254.659103753299,-6.29283667818378,-1.2,-0.01,-0.7,71
14.68,255.898749736526,-1.01255290416119,254.719783612196,-6.29283667818378,-1.2,-0.01,-0.7,71
14.69,256.097536641946,-1.01255290416119,254.799979563236,-6.29283667818378,-1.2,-0.01,-0.7,71
14.691,256.117553348378,13.5876186370273,254.809009071188,-1.18490066502625,-1.2,-0.01,-0.7,71
14.696,256.218012680165,13.5876186370273,254.856726244462,-1.18490066502625,-1.2,-0.01,-0.7,71
14.7,256.298793500579,13.5876186370273,254.897983543296,-1.18490066502625,-1.2,-0.01,-0.7,71
14.71,256.501677030868,13.5876186370273,255.012282920543,-1.18490066502625,-1.2,-0.01,-0.7,71
14.72,256.703862106964,13.5876186370273,255.14023269979,-1.18490066502625,-1.2,-0.01,-0.7,71
14.73,256.902002926783,13.5876186370273,255.278146791441,-1.18490066502625,-1.2,-0.01,-0.7,71
14.74,257.09220443579,13.5876186370273,255.422973556224,-1.18490066502625,-1.2,-0.01,-0.7,71
14.75,257.270374348749,15.3900929633477,255.572675491441,6.29676490790019,-1.2,-0.01,-0.7,71
14.76,257.432464894319,15.3900929633477,255.725430299048,6.29676490790019,-1.2,-0.01,-0.7,71
14.77,257.574537449584,15.3900929633477,255.877882716213,6.29676490790019,-1.2,-0.01,-0.7,71
14.78,257.692810233593,15.3900929633477,256.025069653845,6.29676490790019,-1.2,-0.01,-0.7,71
14.79,257.783777790206,15.3900929633477,256.162765314295,6.29676490790019,-1.2,-0.01,-0.7,71
14.8,257.844288161647,15.3900929633477,256.288091965817,6.29676490790019,-1.2,-0.01,-0.7,71
14.809,257.870415084065,9.55307144221337,256.388611048275,10.1623618237167,-1.2,-0.01,-0.7,71
14.81,257.871578725851,9.55307144221337,256.399019338123,10.1623618237167,-1.2,-0.01,-0.7,71
14.815,257.872016234805,9.55307144221337,256.448569808422,10.1623618237167,-1.2,-0.01,-0.7,71
14.82,257.863332206798,9.55307144221337,256.493898817931,10.1623618237167,-1.2,-0.01,-0.7,71
14.83,257.818028689042,9.55307144221337,256.570339781329,10.1623618237167,-1.2,-0.01,-0.7,71
14.84,257.735052396637,9.55307144221337,256.625263557291,10.1623618237167,-1.2,-0.01,-0.7,71
14.85,257.61445584767,9.55307144221337,256.656203468667,10.1623618237167,-1.2,-0.01,-0.7,71
14.86,257.456750359238,9.55307144221337,256.661536546337,10.1623618237167,-1.2,-0.01,-0.7,71
14.868,257.304402278549,-4.95898391479858,256.646591943371,3.8529571068794,-1.2,-0.01,-0.7,71
14.87,257.262741457027,-4.95898391479858,256.640138475217,3.8529571068794,-1.2,-0.01,-0.7,71
14.88,257.033576882051,-4.95898391479858,256.59180616098,3.8529571068794,-1.2,-0.01,-0.7,71
14.89,256.771619896624,-4.95898391479858,256.518367727765,3.8529571068794,-1.2,-0.01,-0.7,71
14.9,256.480595119678,-4.95898391479858,256.423365076531,3.8529571068794,-1.2,-0.01,-0.7,71
14.91,256.165039805518,-4.95898391479858,256.310194074488,3.8529571068794,-1.2,-0.01,-0.7,71
14.92,255.829855246841,-4.95898391479858,256.181434038999,3.8529571068794,-1.2,-0.01,-0.7,71
14.927,255.586194620262,-20.6895819301042,256.083094777031,-6.56861788492718,-1.2,-0.01,-0.7,71
14.93,255.479975440866,-20.6895819301042,256.039021584727,-6.56861788492718,-1.2,-0.01,-0.7,71
14.94,255.120394774618,-20.6895819301042,255.885197739937,-6.56861788492718,-1.2,-0.01,-0.7,71
14.95,254.757114833549,-20.6895819301042,255.724422553194,-6.56861788492718,-1.2,-0.01,-0.7,71
14.96,254.397131969837,-20.6895819301042,255.563012457251,-6.56861788492718,-1.2,-0.01,-0.7,71
14.97,254.047816381951,-20.6895819301042,255.406828463632,-6.56861788492718,-1.2,-0.01,-0.7,71
14.98,253.716441479023,-20.6895819301042,255.260318965257,-6.56861788492718,-1.2,-0.01,-0.7,71
14.986,253.529103863273,-7.96200645659309,255.178427236009,-11.7013640146355,-1.2,-0.01,-0.7,71
14.99,253.409860268777,-7.96200645659309,255.126661994342,-11.7013640146355,-1.2,-0.01,-0.7,71
15,253.13403437803,-7.96200645659309,255.008579873399,-11.7013640146355,-1.2,-0.01,-0.7,71
0,70,-45,70,-45,-1.2,-0.01,-0.7,70
4.46557587823925e-06,70,-45,70.0000000001712,-45,-1.2,-0.01,-0.7,70
2.67934552694355e-05,70,-45,70.0000000061639,-45,-1.2,-0.01,-0.7,70
0.000138432852225417,70.0000000000108,-45,70.0000001645425,-45,-1.2,-0.01,-0.7,70
0.000696629837005323,70.0000000068944,-45,70.0000041668128,-45,-1.2,-0.01,-0.7,70
0.00348761476090486,70.0000042424792,-45,70.0001044375939,-45,-1.2,-0.01,-0.7,70
0.00855535014100542,70.0001479569543,-45,70.0006284567865,-45,-1.2,-0.01,-0.7,70
0.01,70.0002732294294,-45,70.0008586177129,-45,-1.2,-0.01,-0.7,70
0.0172232492949729,70.0022788464947,-45,70.004036701172,-45,-1.2,-0.01,-0.7,70
0.02,70.0040589970588,-45,70.0062896417955,-45,-1.2,-0.01,-0.7,70
0.03,70.0190755707467,-45,70.023401275484,-45,-1.2,-0.01,-0.7,70
0.04,70.0559495322622,-45,70.0611226769357,-45,-1.2,-0.01,-0.7,70
0.05,70.1267264932933,-45,70.1290096259463,-45,-1.2,-0.01,-0.7,70
0.059,70.2296133489831,-45,70.2241316255768,-45,-1.2,-0.01,-0.7,70
0.06,70.2437387270622,-45,70.2369542434185,-45,-1.2,-0.01,-0.7,70
0.065,70.3233118610178,-45,70.3090919358792,-45,-1.2,-0.01,-0.7,70
0.07,70.4188038812444,-45,70.3950253280727,-45,-1.2,-0.01,-0.7,70
0.08,70.6627173714493,-45,70.6133314255678,-45,-1.2,-0.01,-0.7,70
0.09,70.9849857043013,-45,70.9018392437217,-45,-1.2,-0.01,-0.7,70
0.1,71.3937404720653,-45,71.2699428654046,-45,-1.2,-0.01,-0.7,70
0.11,71.8957735480093,-45,71.7258282402642,-45,-1.2,-0.01,-0.7,70
0.118,72.3683342116752,-45,72.1582108122805,-45,-1.2,-0.01,-0.7,70
0.12,72.4966444113669,-45,72.2760186510921,-45,-1.2,-0.01,-0.7,70
0.13,73.2008226563656,-45,72.9253562637911,-45,-1.2,-0.01,-0.7,70
0.14,74.0118407274721,-45,73.6772604454231,-45,-1.2,-0.01,-0.7,70
0.15,74.9324420654105,-45,74.5340587155819,-45,-1.2,-0.01,-0.7,70
0.16,75.9647166676877,-45,75.4972992384057,-45,-1.2,-0.01,-0.7,70
0.17,77.1102208791823,-45,76.5679978743697,-45,-1.2,-0.01,-0.7,70
0.177,77.9800630771246,-45,77.3817905146469,-45,-1.2,-0.01,-0.7,70
0.18,78.370080872039,-45,77.7468156501151,-45,-1.2,-0.01,-0.7,70
0.19,79.7450806729557,-45,79.0341798107016,-45,-1.2,-0.01,-0.7,70
0.2,81.2357362345604,-45,80.4303643550156,-45,-1.2,-0.01,-0.7,70
0.21,82.8423571402738,-45,81.9355430285016,-45,-1.2,-0.01,-0.7,70
0.22,84.5650975410421,-45,83.5498240710583,-45,-1.2,-0.01,-0.7,70
0.23,86.4039977511664,-45,85.2732729913487,-45,-1.2,-0.01,-0.7,70
0.236,87.5630804549778,-45,86.3597594220237,-45,-1.2,-0.01,-0.7,70
0.24,88.3590177951784,-45,87.105927506095,-45,-1.2,-0.01,-0.7,70
0.25,90.4300640468617,-45,89.0478073485654,-45,-1.2,-0.01,-0.7,70
0.26,92.6170100195773,-45,91.098920712275,-45,-1.2,-0.01,-0.7,70
0.27,94.9197121986345,-45,93.2592684838004,-45,-1.2,-0.01,-0.7,70
0.28,97.3380217765844,-45,95.5288470206362,-45,-1.2,-0.01,-0.7,70
0.29,99.8717930231925,-45,97.9076499702294,-45,-1.2,-0.01,-0.7,70
0.295,101.181933513096,-11.5017139866007,99.1380081715515,-23.9288860015451,-1.2,-0.01,-0.7,70
0.3,102.520879966855,-11.5017139866007,100.395669456563,-23.9288860015451,-1.2,-0.01,-0.7,70
0.31,105.284504684337,-11.5017139866007,102.992264410012,-23.9288860015451,-1.2,-0.01,-0.7,70
0.32,108.159644127917,-11.5017139866007,105.694418544152,-23.9288860015451,-1.2,-0.01,-0.7,70
0.33,111.141137973653,-11.5017139866007,108.496170759616,-23.9288860015451,-1.2,-0.01,-0.7,70
0.34,114.222362307332,-11.5017139866007,111.390170127819,-23.9288860015451,-1.2,-0.01,-0.7,70
0.35,117.395806575552,-11.5017139866007,114.369003138489,-23.9288860015451,-1.2,-0.01,-0.7,70
0.354,118.689239944446,45,115.582791935826,39.2200588272366,-1.2,-0.01,-0.7,70
0.36,120.653534738149,45,117.426041570698,39.2200588272366,-1.2,-0.01,-0.7,70
0.37,123.985893149859,45,120.565081788616,39.2200588272366,-1.2,-0.01,-0.7,70
0.38,127.378343654371,45,123.782144174751,39.2200588272366,-1.2,-0.01,-0.7,70
0.39,130.812185834518,45,127.060102147733,39.2200588272366,-1.2,-0.01,-0.7,70
0.4,134.266439013657,45,130.391729548604,39.2200588272366,-1.2,-0.01,-0.7,70
0.41,137.719582087703,45,133.76819973256,39.2200588272366,-1.2,-0.01,-0.7,70
0.413,138.752180426482,45,134.787830591842,45,-1.2,-0.01,-0.7,70
0.42,141.150973952241,45,137.175979474251,45,-1.2,-0.01,-0.7,70
0.43,144.541837870653,45,140.60390629867,45,-1.2,-0.01,-0.7,70
0.44,147.87580189786,45,144.038286584248,45,-1.2,-0.01,-0.7,70
0.45,151.139068232146,45,147.46591435915,45,-1.2,-0.01,-0.7,70
0.46,154.320323761348,45,150.875840187045,45,-1.2,-0.01,-0.7,70
0.47,157.410499456353,45,154.255783691707,45,-1.2,-0.01,-0.7,70
0.472,158.01694693764,45,154.927186788221,45,-1.2,-0.01,-0.7,70
0.48,160.402463539115,45,157.593931065802,45,-1.2,-0.01,-0.7,70
0.49,163.290704824859,45,160.879401384356,45,-1.2,-0.01,-0.7,70
0.5,166.071038205298,45,164.101263690531,45,-1.2,-0.01,-0.7,70
0.51,168.740346438104,45,167.248922408032,45,-1.2,-0.01,-0.7,70
0.52,171.296361775082,45,170.312651131455,45,-1.2,-0.01,-0.7,70
0.53,173.737485077627,45,173.284405549884,45,-1.2,-0.01,-0.7,70
0.531,173.97523299893,45,173.576305635145,45,-1.2,-0.01,-0.7,70
0.536,175.146544302387,45,175.020740785476,45,-1.2,-0.01,-0.7,70
0.54,176.062637731061,45,176.15821057457,45,-1.2,-0.01,-0.7,70
0.55,178.271141204707,45,178.929845620988,45,-1.2,-0.01,-0.7,70
0.56,180.362619441559,45,181.596406635688,45,-1.2,-0.01,-0.7,70
0.57,182.336920148825,45,184.155940146516,45,-1.2,-0.01,-0.7,70
0.58,184.194051661642,45,186.607132607461,45,-1.2,-0.01,-0.7,70
0.59,185.934132771729,45,188.949094192768,45,-1.2,-0.01,-0.7,70
0.6,187.557353368296,45,191.18121577434,45,-1.2,-0.01,-0.7,70
0.61,189.063944100933,45,193.303075012568,45,-1.2,-0.01,-0.7,70
0.62,190.454153539086,45,195.314375116198,45,-1.2,-0.01,-0.7,70
0.63,191.728231506297,45,197.214904511318,45,-1.2,-0.01,-0.7,70
0.64,192.886417434392,45,199.004510040727,45,-1.2,-0.01,-0.7,70
0.649,193.829880520345,31.4244372906198,200.520220893627,45,-1.2,-0.01,-0.7,70
0.65,193.928932734686,31.4244372906198,200.683078977626,45,-1.2,-0.01,-0.7,70
0.655,194.406884464559,31.4244372906198,201.480697597941,45,-1.2,-0.01,-0.7,70
0.66,194.856057766703,31.4244372906198,202.250526851887,45,-1.2,-0.01,-0.7,70
0.67,195.668732187089,31.4244372906198,203.706789147668,45,-1.2,-0.01,-0.7,70
0.68,196.368800127648,31.4244372906198,205.051815602639,45,-1.2,-0.01,-0.7,70
0.69,196.958714082439,31.4244372906198,206.285566267981,45,-1.2,-0.01,-0.7,70
0.7,197.441271547874,31.4244372906198,207.408008767135,45,-1.2,-0.01,-0.7,70
0.708,197.751993518923,-11.0440365498306,208.225802616385,45,-1.2,-0.01,-0.7,70
0.71,197.819408950235,-11.0440365498306,208.419116374705,45,-1.2,-0.01,-0.7,70
0.72,198.096449388646,-11.0440365498306,209.318866658972,45,-1.2,-0.01,-0.7,70
0.73,198.278309885075,-11.0440365498306,210.107240513375,45,-1.2,-0.01,-0.7,70
0.74,198.374187211227,-11.0440365498306,210.784221457642,45,-1.2,-0.01,-0.7,70
0.75,198.395562399546,-11.0440365498306,211.34979512675,45,-1.2,-0.01,-0.7,70
0.76,198.355226690156,-11.0440365498306,211.803948891518,45,-1.2,-0.01,-0.7,70
0.767,198.297364560394,-45,212.055555583909,4.99984414159876,-1.2,-0.01,-0.7,70
0.77,198.266414385636,-45,212.146671572083,4.99984414159876,-1.2,-0.01,-0.7,70
0.78,198.142640628171,-45,212.378373225394,4.99984414159876,-1.2,-0.01,-0.7,70
0.79,197.999540638426,-45,212.501377898777,4.99984414159876,-1.2,-0.01,-0.7,70
0.8,197.854735192801,-45,212.520773779196,4.99984414159876,-1.2,-0.01,-0.7,70
0.81,197.726332762631,-45,212.443324801703,4.99984414159876,-1.2,-0.01,-0.7,70
0.82,197.631733920634,-45,212.276516308643,4.99984414159876,-1.2,-0.01,-0.7,70
0.826,197.597887443507,-45,212.136946140525,-39.3940208132672,-1.2,-0.01,-0.7,70
0.83,197.586824773844,-45,212.028513276938,-39.3940208132672,-1.2,-0.01,-0.7,70
0.84,197.605535358492,-45,211.705688361708,-39.3940208132672,-1.2,-0.01,-0.7,70
0.85,197.699691613032,-45,211.310226918556,-39.3940208132672,-1.2,-0.01,-0.7,70
0.86,197.87907341938,-45,210.842444042027,-39.3940208132672,-1.2,-0.01,-0.7,70
0.87,198.151594511797,-45,210.308372904776,-39.3940208132672,-1.2,-0.01,-0.7,70
0.88,198.523539518254,-45,209.71750499939,-39.3940208132672,-1.2,-0.01,-0.7,70
0.885,198.748376196907,-42.8154529465445,209.403078111592,-45,-1.2,-0.01,-0.7,70
0.89,198.999813345066,-42.8154529465445,209.077215437874,-45,-1.2,-0.01,-0.7,70
0.9,199.584134951785,-42.8154529465445,208.392429045694,-45,-1.2,-0.01,-0.7,70
0.91,200.279146149784,-42.8154529465445,207.667299287485,-45,-1.2,-0.01,-0.7,70
0.92,201.086617891378,-42.8154529465445,206.908619087225,-45,-1.2,-0.01,-0.7,70
0.93,202.007658990183,-42.8154529465445,206.124776455678,-45,-1.2,-0.01,-0.7,70
0.94,203.04288182447,-42.8154529465445,205.325117886418,-45,-1.2,-0.01,-0.7,70
0.944,203.489006955132,5.4409206472622,205.002997425758,-45,-1.2,-0.01,-0.7,70
0.95,204.192506632186,5.4409206472622,204.519581623096,-45,-1.2,-0.01,-0.7,70
0.96,205.455325572001,5.4409206472622,203.718491826513,-45,-1.2,-0.01,-0.7,70
0.97,206.826504327712,5.4409206472622,202.932337835442,-45,-1.2,-0.01,-0.7,70
0.98,208.297912631298,5.4409206472622,202.171610287337,-45,-1.2,-0.01,-0.7,70
0.99,209.859064604056,5.4409206472622,201.446722420605,-45,-1.2,-0.01,-0.7,70
1,211.497991466804,5.4409206472622,200.767995860885,-45,-1.2,-0.01,-0.7,70
1.003,212.00295149162,45,200.574841066975,-45,-1.2,-0.01,-0.7,70
1.01,213.202006358063,45,200.145675430674,-45,-1.2,-0.01,-0.7,70
1.02,214.956881791416,45,199.589871663522,-45,-1.2,-0.01,-0.7,70
1.03,216.74504748373,45,199.110276408371,-45,-1.2,-0.01,-0.7,70
1.04,218.546757230037,45,198.71559933003,-45,-1.2,-0.01,-0.7,70
1.05,220.341754793297,45,198.413007363833,-45,-1.2,-0.01,-0.7,70
1.06,222.110604993819,45,198.207946406243,-45,-1.2,-0.01,-0.7,70
1.062,222.459642262312,45,198.178978549254,-45,-1.2,-0.01,-0.7,70
1.07,223.83560724275,45,198.104327102102,-45,-1.2,-0.01,-0.7,70
1.08,225.501296049215,45,198.104843688044,-45,-1.2,-0.01,-0.7,70
1.09,227.094602161155,45,198.211301068616,-45,-1.2,-0.01,-0.7,70
1.1,228.604775185252,45,198.424888646309,-45,-1.2,-0.01,-0.7,70
1.11,230.02316665579,45,198.74638247591,-45,-1.2,-0.01,-0.7,70
1.12,231.342950210286,45,199.176285416346,-45,-1.2,-0.01,-0.7,70
1.121,231.469289512551,45,199.225250322415,-43.5581374115057,-1.2,-0.01,-0.7,70
1.126,232.085230379832,45,199.486403687008,-43.5581374115057,-1.2,-0.01,-0.7,70
1.13,232.558830540979,45,199.714920979784,-43.5581374115057,-1.2,-0.01,-0.7,70
1.14,233.666770695803,45,200.362383555958,-43.5581374115057,-1.2,-0.01,-0.7,70
1.15,234.663751460038,45,201.118368271576,-43.5581374115057,-1.2,-0.01,-0.7,70
1.16,235.5475664827,45,201.982287180179,-43.5581374115057,-1.2,-0.01,-0.7,70
1.17,236.316651582333,45,202.95360552235,-43.5581374115057,-1.2,-0.01,-0.7,70
1.18,236.969944251105,45,204.031938569986,6.7979920966259,-1.2,-0.01,-0.7,70
1.19,237.506768834865,45,205.216975924566,6.7979920966259,-1.2,-0.01,-0.7,70
1.2,237.926743148049,45,206.505663542207,6.7979920966259,-1.2,-0.01,-0.7,70
1.21,238.229702888564,45,207.891288110174,6.7979920966259,-1.2,-0.01,-0.7,70
1.22,238.415640857511,45,209.366302474738,6.7979920966259,-1.2,-0.01,-0.7,70
1.23,238.484658539311,45,210.922219475545,6.7979920966259,-1.2,-0.01,-0.7,70
1.239,238.446948879975,8.59948357401394,212.383690931178,45,-1.2,-0.01,-0.7,70
1.24,238.436928042871,8.59948357401394,212.549394562796,45,-1.2,-0.01,-0.7,70
1.245,238.369367735207,8.59948357401394,213.386981001033,45,-1.2,-0.01,-0.7,70
1.25,238.272879401347,8.59948357401394,214.239386085239,45,-1.2,-0.01,-0.7,70
1.26,237.994798585574,8.59948357401394,215.976170087772,45,-1.2,-0.01,-0.7,70
1.27,237.607557708204,8.59948357401394,217.741921294571,45,-1.2,-0.01,-0.7,70
1.28,237.117933502738,8.59948357401394,219.526633649851,45,-1.2,-0.01,-0.7,70
1.29,236.533949721702,8.59948357401394,221.317809266646,45,-1.2,-0.01,-0.7,70
1.298,236.00465235929,-40.8353216812786,222.746231762883,45,-1.2,-0.01,-0.7,70
1.3,235.864293402887,-40.8353216812786,223.102096980533,45,-1.2,-0.01,-0.7,70
1.31,235.118350239176,-40.8353216812786,224.868471189994,45,-1.2,-0.01,-0.7,70
1.32,234.30892031367,-40.8353216812786,226.605014626883,45,-1.2,-0.01,-0.7,70
1.33,233.452919727709,-40.8353216812786,228.299843508797,45,-1.2,-0.01,-0.7,70
1.34,232.569722681457,-40.8353216812786,229.942023175808,45,-1.2,-0.01,-0.7,70
1.35,231.679528561564,-40.8353216812786,231.520667689467,45,-1.2,-0.01,-0.7,70
1.357,231.062812480197,-45,232.582150440988,45,-1.2,-0.01,-0.7,70
1.36,230.802000882457,-45,233.025174738918,45,-1.2,-0.01,-0.7,70
1.37,229.955352139804,-45,234.445811308534,45,-1.2,-0.01,-0.7,70
1.38,229.156031931293,-45,235.774521951113,45,-1.2,-0.01,-0.7,70
1.39,228.418475098191,-45,237.005317189835,45,-1.2,-0.01,-0.7,70
1.4,227.754942735438,-45,238.133966045295,45,-1.2,-0.01,-0.7,70
1.41,227.175574952786,-45,239.157557031871,45,-1.2,-0.01,-0.7,70
1.416,226.87183907817,-45,239.720437980729,45,-1.2,-0.01,-0.7,70
1.42,226.688574577409,-45,240.074131346295,45,-1.2,-0.01,-0.7,70
1.43,226.300452692489,-45,240.882371938838,45,-1.2,-0.01,-0.7,70
1.44,226.016288705508,-45,241.58138665949,45,-1.2,-0.01,-0.7,70
1.45,225.839977500291,-45,242.170564836378,45,-1.2,-0.01,-0.7,70
1.46,225.774449957967,-45,242.649483096222,45,-1.2,-0.01,-0.7,70
1.47,225.821862562892,-45,243.017843948228,45,-1.2,-0.01,-0.7,70
1.475,225.888423366898,-35.690266916911,243.16049691331,37.4710300238697,-1.2,-0.01,-0.7,70
1.48,225.983754277656,-35.690266916911,243.275435340246,37.4710300238697,-1.2,-0.01,-0.7,70
1.49,226.261004367579,-35.690266916911,243.422507972957,37.4710300238697,-1.2,-0.01,-0.7,70
1.5,226.653512461064,-35.690266916911,243.460816199185,37.4710300238697,-1.2,-0.01,-0.7,70
1.51,227.160352605106,-35.690266916911,243.393587497036,37.4710300238697,-1.2,-0.01,-0.7,70
1.52,227.780053479448,-35.690266916911,243.22405458223,37.4710300238697,-1.2,-0.01,-0.7,70
1.53,228.510815071982,-35.690266916911,242.954798496236,37.4710300238697,-1.2,-0.01,-0.7,70
1.534,228.833779638061,14.4454337224083,242.819632791865,-7.79750134425387,-1.2,-0.01,-0.7,70
1.54,229.350646216086,14.4454337224083,242.587818718062,-7.79750134425387,-1.2,-0.01,-0.7,70
1.55,230.296222383449,14.4454337224083,242.125485213348,-7.79750134425387,-1.2,-0.01,-0.7,70
1.56,231.340394223619,14.4454337224083,241.572167435045,-7.79750134425387,-1.2,-0.01,-0.7,70
1.57,232.472513359513,14.4454337224083,240.93433283987,-7.79750134425387,-1.2,-0.01,-0.7,70
1.58,233.679525109963,14.4454337224083,240.219892720801,-7.79750134425387,-1.2,-0.01,-0.7,70
1.59,234.94701367298,14.4454337224083,239.43767589209,-7.79750134425387,-1.2,-0.01,-0.7,70
1.593,235.336833968341,45,239.191109259239,-45,-1.2,-0.01,-0.7,70
1.6,236.260119338589,45,238.596987401121,-45,-1.2,-0.01,-0.7,70
1.61,237.603112712728,45,237.701914048205,-45,-1.2,-0.01,-0.7,70
1.62,238.958164790542,45,236.752305125207,-45,-1.2,-0.01,-0.7,70
1.63,240.3064525701,45,235.750013217437,-45,-1.2,-0.01,-0.7,70
1.64,241.629524207646,45,234.70101400782,-45,-1.2,-0.01,-0.7,70
1.65,242.91027626372,45,233.613972503186,-45,-1.2,-0.01,-0.7,70
1.652,243.159975500181,45,233.392647143819,-45,-1.2,-0.01,-0.7,70
1.66,244.133537298541,45,232.497046675043,-45,-1.2,-0.01,-0.7,70
1.67,245.2863142247,45,231.359419917048,-45,-1.2,-0.01,-0.7,70
1.68,246.357791088114,45,230.211213597611,-45,-1.2,-0.01,-0.7,70
1.69,247.339171361929,45,229.062659959064,-45,-1.2,-0.01,-0.7,70
1.7,248.223440620116,45,227.924214766517,-45,-1.2,-0.01,-0.7,70
1.71,249.005103338355,45,226.806439106102,-45,-1.2,-0.01,-0.7,70
1.711,249.077453652161,20.7144674425987,226.696139865988,-45,-1.2,-0.01,-0.7,70
1.716,249.423050643227,20.7144674425987,226.150094880037,-45,-1.2,-0.01,-0.7,70
1.72,249.679997312702,20.7144674425987,225.719800348813,-45,-1.2,-0.01,-0.7,70
1.73,250.245996537809,20.7144674425987,224.674663490593,-45,-1.2,-0.01,-0.7,70
1.74,250.70354273466,20.7144674425987,223.681312986189,-45,-1.2,-0.01,-0.7,70
1.75,251.054969551515,20.7144674425987,222.749939799614,-45,-1.2,-0.01,-0.7,70
1.76,251.303885675663,20.7144674425987,221.890480244891,-45,-1.2,-0.01,-0.7,70
1.77,251.454700670981,-1.1163317077953,221.112168139833,-45,-1.2,-0.01,-0.7,70
1.78,251.512353625196,-1.1163317077953,220.422917473964,-45,-1.2,-0.01,-0.7,70
1.79,251.483108669035,-1.1163317077953,219.828944759051,-45,-1.2,-0.01,-0.7,70
1.8,251.375054049729,-1.1163317077953,219.334818185969,-45,-1.2,-0.01,-0.7,70
1.81,251.197429861438,-1.1163317077953,218.943739634756,-45,-1.2,-0.01,-0.7,70
1.82,250.959958653536,-1.1163317077953,218.657877602071,-45,-1.2,-0.01,-0.7,70
1.829,250.703057667368,-1.1163317077953,218.491765859622,-45,-1.2,-0.01,-0.7,70
1.83,250.67230038271,-1.1163317077953,218.478670251434,-45,-1.2,-0.01,-0.7,70
1.835,250.512548276401,-1.1163317077953,218.429368880813,-45,-1.2,-0.01,-0.7,70
1.84,250.343638988646,-1.1163317077953,218.407059598748,-45,-1.2,-0.01,-0.7,70
1.85,249.982398508235,-1.1163317077953,218.443657880196,-45,-1.2,-0.01,-0.7,70
1.86,249.596075341785,-1.1163317077953,218.588860315488,-45,-1.2,-0.01,-0.7,70
1.87,249.191166230677,-1.1163317077953,218.842919944395,-45,-1.2,-0.01,-0.7,70
1.88,248.773168141046,-1.1163317077953,219.205996811157,-45,-1.2,-0.01,-0.7,70
1.888,248.432431241134,-1.1163317077953,219.575019196913,-18.846823782521,-1.2,-0.01,-0.7,70
1.89,248.346628240752,-1.1163317077953,219.678190211945,-18.846823782521,-1.2,-0.01,-0.7,70
1.9,247.915225308866,-1.1163317077953,220.258911099488,-18.846823782521,-1.2,-0.01,-0.7,70
1.91,247.481867953321,-1.1163317077953,220.945084757834,-18.846823782521,-1.2,-0.01,-0.7,70
1.92,247.048799079596,-1.1163317077953,221.730413691252,-18.846823782521,-1.2,-0.01,-0.7,70
1.93,246.61769916514,-1.1163317077953,222.606895333785,-18.846823782521,-1.2,-0.01,-0.7,70
1.94,246.189783605224,-1.1163317077953,223.565968045207,-18.846823782521,-1.2,-0.01,-0.7,70
1.947,245.892599355057,-1.1163317077953,224.281855166132,29.7780369867745,-1.2,-0.01,-0.7,70
1.95,245.76589129244,-1.1163317077953,224.599177611291,29.7780369867745,-1.2,-0.01,-0.7,70
1.96,245.346562977187,-1.1163317077953,225.709057853143,29.7780369867745,-1.2,-0.01,-0.7,70
1.97,244.932108988638,-1.1163317077953,226.89204956404,29.7780369867745,-1.2,-0.01,-0.7,70
1.98,244.522666465157,-1.1163317077953,228.133118498266,29.7780369867745,-1.2,-0.01,-0.7,70
1.99,244.11824676186,-1.1163317077953,229.426334099437,29.7780369867745,-1.2,-0.01,-0.7,70
2,243.718773906783,-1.1163317077953,230.762823382283,29.7780369867745,-1.2,-0.01,-0.7,70
2.006,243.481411059908,-20.9557953522455,231.57980527587,45,-1.2,-0.01,-0.7,70
2.01,243.32411835275,-20.9557953522455,232.129412777267,45,-1.2,-0.01,-0.7,70
2.02,242.934553605412,-20.9557953522455,233.514398022189,45,-1.2,-0.01,-0.7,70
2.03,242.552161722309,-20.9557953522455,234.901621191603,45,-1.2,-0.01,-0.7,70
2.04,242.180769195787,-20.9557953522455,236.276792281864,45,-1.2,-0.01,-0.7,70
2.05,241.825235153286,-20.9557953522455,237.629450539192,45,-1.2,-0.01,-0.7,70
2.06,241.490896834236,-20.9557953522455,238.946877721799,45,-1.2,-0.01,-0.7,70
2.065,241.333372062076,-31.0023896496381,239.588540256328,45,-1.2,-0.01,-0.7,70
2.07,241.183167195431,-31.0023896496381,240.217095336988,45,-1.2,-0.01,-0.7,70
2.08,240.907523484048,-31.0023896496381,241.429386681715,45,-1.2,-0.01,-0.7,70
2.09,240.669982170941,-31.0023896496381,242.572905949354,45,-1.2,-0.01,-0.7,70
2.1,240.476857569238,-31.0023896496381,243.637370639219,45,-1.2,-0.01,-0.7,70
2.11,240.334349624756,-31.0023896496381,244.613776262434,45,-1.2,-0.01,-0.7,70
2.12,240.248268964659,-31.0023896496381,245.495078240926,45,-1.2,-0.01,-0.7,70
2.124,240.230834928851,-19.9233381093979,245.819801775924,45,-1.2,-0.01,-0.7,70
2.13,240.223865469079,-19.9233381093979,246.276205029148,45,-1.2,-0.01,-0.7,70
2.14,240.265409181738,-19.9233381093979,246.953619972946,45,-1.2,-0.01,-0.7,70
2.15,240.375541856518,-19.9233381093979,247.524921105666,45,-1.2,-0.01,-0.7,70
2.16,240.555497818631,-19.9233381093979,247.988496523267,45,-1.2,-0.01,-0.7,70
2.17,240.805494176254,-19.9233381093979,248.343258787959,45,-1.2,-0.01,-0.7,70
2.18,241.125038239545,-19.9233381093979,248.588467873184,45,-1.2,-0.01,-0.7,70
2.183,241.234328234043,6.26484186117224,248.640590267963,-1.22734017812655,-1.2,-0.01,-0.7,70
2.19,241.513132366574,6.26484186117224,248.72361412197,-1.22734017812655,-1.2,-0.01,-0.7,70
2.2,241.967491872761,6.26484186117224,248.748877241044,-1.22734017812655,-1.2,-0.01,-0.7,70
2.21,242.483251639996,6.26484186117224,248.666600720496,-1.22734017812655,-1.2,-0.01,-0.7,70
2.22,243.053559418546,6.26484186117224,248.481965376621,-1.22734017812655,-1.2,-0.01,-0.7,70
2.23,243.670415502358,6.26484186117224,248.201969748081,-1.22734017812655,-1.2,-0.01,-0.7,70
2.24,244.32533898183,6.26484186117224,247.834436666735,-1.22734017812655,-1.2,-0.01,-0.7,70
2.242,244.460143099134,36.5001249347874,247.751084986535,-1.22734017812655,-1.2,-0.01,-0.7,70
2.25,245.009806295117,36.5001249347874,247.387751672559,-1.22734017812655,-1.2,-0.01,-0.7,70
2.26,245.714199420576,36.5001249347874,246.870820184409,-1.22734017812655,-1.2,-0.01,-0.7,70
2.27,246.426480636038,36.5001249347874,246.29304146083,-1.22734017812655,-1.2,-0.01,-0.7,70
2.28,247.133192180623,36.5001249347874,245.664359693387,-1.22734017812655,-1.2,-0.01,-0.7,70
2.29,247.820584742325,36.5001249347874,244.99517666194,-1.22734017812655,-1.2,-0.01,-0.7,70
2.3,248.475446740212,36.5001249347874,244.295861009277,-1.22734017812655,-1.2,-0.01,-0.7,70
2.301,248.538665491125,5.28033681962633,244.224595271316,-11.3575429725282,-1.2,-0.01,-0.7,70
2.306,248.84766052471,5.28033681962633,243.865817655119,-11.3575429725282,-1.2,-0.01,-0.7,70
2.31,249.085769723182,5.28033681962633,243.57585685049,-11.3575429725282,-1.2,-0.01,-0.7,70
2.32,249.64261674082,5.28033681962633,242.843189022579,-11.3575429725282,-1.2,-0.01,-0.7,70
2.33,250.14139564077,5.28033681962633,242.105904448781,-11.3575429725282,-1.2,-0.01,-0.7,70
2.34,250.580846744191,5.28033681962633,241.372788069285,-11.3575429725282,-1.2,-0.01,-0.7,70
2.35,250.962041639176,5.28033681962633,240.651835082473,-11.3575429725282,-1.2,-0.01,-0.7,70
2.36,251.287623630614,-1.12474505505873,239.949255125843,-45,-1.2,-0.01,-0.7,70
2.37,251.561261478217,-1.12474505505873,239.269968050076,-45,-1.2,-0.01,-0.7,70
2.38,251.78756734878,-1.12474505505873,238.620246915774,-45,-1.2,-0.01,-0.7,70
2.39,251.97197496219,-1.12474505505873,238.009459311932,-45,-1.2,-0.01,-0.7,70
2.4,252.120291908939,-1.12474505505873,237.447932765125,-45,-1.2,-0.01,-0.7,70
2.41,252.238331976527,-1.12474505505873,236.945570386179,-45,-1.2,-0.01,-0.7,70
2.419,252.323282291336,-1.12474505505873,236.552296987136,-45,-1.2,-0.01,-0.7,70
2.42,252.331651878702,-1.12474505505873,236.51230242629,-45,-1.2,-0.01,-0.7,70
2.425,252.370663298599,-1.12474505505873,236.324574562801,-45,-1.2,-0.01,-0.7,70
2.43,252.405376101443,-1.12474505505873,236.15763409731,-45,-1.2,-0.01,-0.7,70
2.44,252.464093615292,-1.12474505505873,235.8899118559,-45,-1.2,-0.01,-0.7,70
2.45,252.511810743917,-1.12474505505873,235.715846675545,-45,-1.2,-0.01,-0.7,70
2.46,252.551945976271,-1.12474505505873,235.640460686459,-45,-1.2,-0.01,-0.7,70
2.47,252.587353999694,-1.12474505505873,235.667318183899,-45,-1.2,-0.01,-0.7,70
2.478,252.613861408527,-1.12474505505873,235.764093855689,-21.6704117008314,-1.2,-0.01,-0.7,70
2.48,252.620368791113,-1.12474505505873,235.798853280528,-21.6704117008314,-1.2,-0.01,-0.7,70
2.49,252.652857685726,-1.12474505505873,236.034667950383,-21.6704117008314,-1.2,-0.01,-0.7,70
2.5,252.686280329984,-1.12474505505873,236.37076568257,-21.6704117008314,-1.2,-0.01,-0.7,70
2.51,252.721748200218,-1.12474505505873,236.80035111146,-21.6704117008314,-1.2,-0.01,-0.7,70
2.52,252.760081667725,-1.12474505505873,237.315247041217,-21.6704117008314,-1.2,-0.01,-0.7,70
2.53,252.801862720548,-1.12474505505873,237.907682721634,-21.6704117008314,-1.2,-0.01,-0.7,70
2.537,252.833376500826,-1.12474505505873,238.364864208614,21.6532235221207,-1.2,-0.01,-0.7,70
2.54,252.84748225147,-1.12474505505873,238.57099690587,21.6532235221207,-1.2,-0.01,-0.7,70
2.55,252.897181415938,-1.12474505505873,239.306835007205,21.6532235221207,-1.2,-0.01,-0.7,70
2.56,252.951087025084,-1.12474505505873,240.113024486976,21.6532235221207,-1.2,-0.01,-0.7,70
2.57,253.0092411805,-1.12474505505873,240.978698533257,21.6532235221207,-1.2,-0.01,-0.7,70
2.58,253.07162559995,-1.12474505505873,241.897124157091,21.6532235221207,-1.2,-0.01,-0.7,70
2.59,253.138181162427,-1.12474505505873,242.859062501997,21.6532235221207,-1.2,-0.01,-0.7,70
2.596,253.180082138818,-1.12474505505873,243.45205628703,45,-1.2,-0.01,-0.7,70
2.6,253.20882326364,-1.12474505505873,243.852691451945,45,-1.2,-0.01,-0.7,70
2.61,253.283453573667,-1.12474505505873,244.867540846994,45,-1.2,-0.01,-0.7,70
2.62,253.361968787267,-1.12474505505873,245.888378708642,45,-1.2,-0.01,-0.7,70
2.63,253.444266882489,-1.12474505505873,246.900305504799,45,-1.2,-0.01,-0.7,70
2.64,253.530251385481,-1.12474505505873,247.89277885789,45,-1.2,-0.01,-0.7,70
2.65,253.619834059754,-1.12474505505873,248.853302675088,45,-1.2,-0.01,-0.7,70
2.655,253.665949773582,-1.12474505505873,249.317662532246,17.1193949299969,-1.2,-0.01,-0.7,70
2.66,253.712936386093,-1.12474505505873,249.769658403569,17.1193949299969,-1.2,-0.01,-0.7,70
2.67,253.80949013887,-1.12474505505873,250.632874641548,17.1193949299969,-1.2,-0.01,-0.7,70
2.68,253.909437315541,-1.12474505505873,251.445773287058,17.1193949299969,-1.2,-0.01,-0.7,70
2.69,254.012729618765,-1.12474505505873,252.217992472967,17.1193949299969,-1.2,-0.01,-0.7,70
2.7,254.119327656514,-1.12474505505873,252.952180011959,17.1193949299969,-1.2,-0.01,-0.7,70
2.71,254.229199982882,-1.12474505505873,253.647989328763,17.1193949299969,-1.2,-0.01,-0.7,70
2.714,254.274060011722,-1.12474505505873,253.915560545854,-1.24603895270253,-1.2,-0.01,-0.7,70
2.72,254.342322072975,-1.12474505505873,254.305275402233,-1.24603895270253,-1.2,-0.01,-0.7,70
2.73,254.458675299167,-1.12474505505873,254.924681521215,-1.24603895270253,-1.2,-0.01,-0.7,70
2.74,254.578245955069,-1.12474505505873,255.510493517359,-1.24603895270253,-1.2,-0.01,-0.7,70
2.75,254.701024357014,-1.12474505505873,256.070216367506,-1.24603895270253,-1.2,-0.01,-0.7,70
2.76,254.827004040138,-1.12474505505873,256.611891926715,-1.24603895270253,-1.2,-0.01,-0.7,70
2.77,254.956181056458,-1.12474505505873,257.142504749723,-1.24603895270253,-1.2,-0.01,-0.7,70
2.773,254.995557296703,-1.12474505505873,257.300334406986,28.8064654694173,-1.2,-0.01,-0.7,70
2.78,255.088553375405,-1.12474505505873,257.667374349748,28.8064654694173,-1.2,-0.01,-0.7,70
2.79,255.224120382593,-1.12474505505873,258.18475281991,28.8064654694173,-1.2,-0.01,-0.7,70
2.8,255.362882468965,-1.12474505505873,258.68769711218,28.8064654694173,-1.2,-0.01,-0.7,70
2.81,255.504840701507,-1.12474505505873,259.16765469199,28.8064654694173,-1.2,-0.01,-0.7,70
2.82,255.649996564994,-1.12474505505873,259.613964314661,28.8064654694173,-1.2,-0.01,-0.7,70
2.83,255.798351764698,-1.12474505505873,260.016497370372,28.8064654694173,-1.2,-0.01,-0.7,70
2.832,255.828406881572,9.69789942487383,260.090977932582,37.9738217283882,-1.2,-0.01,-0.7,70
2.84,255.949880756583,9.69789942487383,260.366043971112,37.9738217283882,-1.2,-0.01,-0.7,70
2.85,256.104017165088,9.69789942487383,260.656641632447,37.9738217283882,-1.2,-0.01,-0.7,70
2.86,256.259095561158,9.69789942487383,260.882799441449,37.9738217283882,-1.2,-0.01,-0.7,70
2.87,256.412657715886,9.69789942487383,261.037340759139,37.9738217283882,-1.2,-0.01,-0.7,70
2.88,256.561811123345,9.69789942487383,261.113587992873,37.9738217283882,-1.2,-0.01,-0.7,70
2.89,256.70349706537,9.69789942487383,261.106000128212,37.9738217283882,-1.2,-0.01,-0.7,70
2.891,256.71713718954,11.4805662235907,261.100484225289,18.0560962952299,-1.2,-0.01,-0.7,70
2.896,256.783656832503,11.4805662235907,261.059480206783,18.0560962952299,-1.2,-0.01,-0.7,70
2.9,256.834676469852,11.4805662235907,261.010567587306,18.0560962952299,-1.2,-0.01,-0.7,70
2.91,256.952365975463,11.4805662235907,260.825100646835,18.0560962952299,-1.2,-0.01,-0.7,70
2.92,257.05364544166,11.4805662235907,260.550936057145,18.0560962952299,-1.2,-0.01,-0.7,70
2.93,257.13576089365,11.4805662235907,260.193039522128,18.0560962952299,-1.2,-0.01,-0.7,70
2.94,257.196200267224,11.4805662235907,259.758313717365,18.0560962952299,-1.2,-0.01,-0.7,70
2.95,257.232734040338,7.67328843652972,259.254404719875,-18.0354313287067,-1.2,-0.01,-0.7,70
2.96,257.243452679144,7.67328843652972,258.689635335583,-18.0354313287067,-1.2,-0.01,-0.7,70
2.97,257.226987044027,7.67328843652972,258.07418682667,-18.0354313287067,-1.2,-0.01,-0.7,70
2.98,257.182618274322,7.67328843652972,257.420156760055,-18.0354313287067,-1.2,-0.01,-0.7,70
2.99,257.110126363892,7.67328843652972,256.739365230467,-18.0354313287067,-1.2,-0.01,-0.7,70
3,257.00964535,7.67328843652972,256.042688934025,-18.0354313287067,-1.2,-0.01,-0.7,70
3.009,256.895586098534,-2.84728287922171,255.411296468862,-45,-1.2,-0.01,-0.7,70
3.01,256.881547582647,-2.84728287922171,255.341179635437,-45,-1.2,-0.01,-0.7,70
3.015,256.807309572301,-2.84728287922171,254.991885712683,-45,-1.2,-0.01,-0.7,70
3.02,256.726444568861,-2.84728287922171,254.645134393735,-45,-1.2,-0.01,-0.7,70
3.03,256.545789866814,-2.84728287922171,253.963272909518,-45,-1.2,-0.01,-0.7,70
3.04,256.342081682747,-2.84728287922171,253.303963709275,-45,-1.2,-0.01,-0.7,70
3.05,256.118464185137,-2.84728287922171,252.676576219358,-45,-1.2,-0.01,-0.7,70
3.06,255.878388285636,-2.84728287922171,252.091128268975,-45,-1.2,-0.01,-0.7,70
3.068,255.676837373063,-14.7683332686804,251.659789442998,-6.11511464264239,-1.2,-0.01,-0.7,70
3.07,255.625361407664,-14.7683332686804,251.557655450154,-6.11511464264239,-1.2,-0.01,-0.7,70
3.08,255.362917573107,-14.7683332686804,251.083837677657,-6.11511464264239,-1.2,-0.01,-0.7,70
3.09,255.095312612676,-14.7683332686804,250.664459567161,-6.11511464264239,-1.2,-0.01,-0.7,70
3.1,254.827625928705,-14.7683332686804,250.292289055277,-6.11511464264239,-1.2,-0.01,-0.7,70
3.11,254.565293801845,-14.7683332686804,249.964104564907,-6.11511464264239,-1.2,-0.01,-0.7,70
3.12,254.313744135051,-14.7683332686804,249.67457953228,-6.11511464264239,-1.2,-0.01,-0.7,70
3.127,254.146857468192,-9.15068205882161,249.492809626021,-1.23532602902791,-1.2,-0.01,-0.7,70
3.13,254.07814329332,-9.15068205882161,249.41973433208,-1.23532602902791,-1.2,-0.01,-0.7,70
3.14,253.863141620652,-9.15068205882161,249.195222320508,-1.23532602902791,-1.2,-0.01,-0.7,70
3.15,253.672395436183,-9.15068205882161,248.996366611422,-1.23532602902791,-1.2,-0.01,-0.7,70
3.16,253.508507128241,-9.15068205882161,248.817696112936,-1.23532602902791,-1.2,-0.01,-0.7,70
3.17,253.373230001141,-9.15068205882161,248.654498632481,-1.23532602902791,-1.2,-0.01,-0.7,70
3.18,253.267653734159,-9.15068205882161,248.503156419825,-1.23532602902791,-1.2,-0.01,-0.7,70
3.186,253.218824027765,-1.12040814112473,248.416906013618,-1.23532602902791,-1.2,-0.01,-0.7,70
3.19,253.192360389961,-1.12040814112473,248.36102852325,-1.23532602902791,-1.2,-0.01,-0.7,70
3.2,253.147383266617,-1.12040814112473,248.226239570823,-1.23532602902791,-1.2,-0.01,-0.7,70
3.21,253.131761554454,-1.12040814112473,248.097473472251,-1.23532602902791,-1.2,-0.01,-0.7,70
3.22,253.143652512268,-1.12040814112473,247.973812026075,-1.23532602902791,-1.2,-0.01,-0.7,70
3.23,253.180679657007,-1.12040814112473,247.854615937383,-1.23532602902791,-1.2,-0.01,-0.7,70
3.24,253.2402029443,-1.12040814112473,247.739440874824,-1.23532602902791,-1.2,-0.01,-0.7,70
3.245,253.277553991134,-1.12040814112473,247.683261419592,-1.23532602902791,-1.2,-0.01,-0.7,70
3.25,253.319518656834,-1.12040814112473,247.627978656209,-1.23532602902791,-1.2,-0.01,-0.7,70
3.26,253.416001432427,-1.12040814112473,247.520016329528,-1.23532602902791,-1.2,-0.01,-0.7,70
3.27,253.527199688725,-1.12040814112473,247.41540761491,-1.23532602902791,-1.2,-0.01,-0.7,70
3.28,253.650893859829,-1.12040814112473,247.314052956782,-1.23532602902791,-1.2,-0.01,-0.7,70
3.29,253.785126233877,-1.12040814112473,247.215885545287,-1.23532602902791,-1.2,-0.01,-0.7,70
3.3,253.928209589516,-1.12040814112473,247.120861506493,-1.23532602902791,-1.2,-0.01,-0.7,70
3.304,253.987593877043,-1.12040814112473,247.083725516005,-1.23532602902791,-1.2,-0.01,-0.7,70
3.31,254.078720748994,-1.12040814112473,247.028953006032,-1.23532602902791,-1.2,-0.01,-0.7,70
3.32,254.235483983386,-1.12040814112473,246.940143397475,-1.23532602902791,-1.2,-0.01,-0.7,70
3.33,254.39754821188,-1.12040814112473,246.854423807364,-1.23532602902791,-1.2,-0.01,-0.7,70
3.34,254.564160929652,-1.12040814112473,246.771790731719,-1.23532602902791,-1.2,-0.01,-0.7,70
3.35,254.734741118426,-1.12040814112473,246.692244345102,-1.23532602902791,-1.2,-0.01,-0.7,70
3.36,254.908852690929,-1.12040814112473,246.615787312086,-1.23532602902791,-1.2,-0.01,-0.7,70
3.363,254.961724788393,-1.12040814112473,246.593453207339,-1.23532602902791,-1.2,-0.01,-0.7,70
3.37,255.086179527337,-1.12040814112473,246.542423952964,-1.23532602902791,-1.2,-0.01,-0.7,70
3.38,255.266502759954,-1.12040814112473,246.472159659292,-1.23532602902791,-1.2,-0.01,-0.7,70
3.39,255.449680642889,-1.12040814112473,246.405000485564,-1.23532602902791,-1.2,-0.01,-0.7,70
3.4,255.635631137097,-1.12040814112473,246.340952865022,-1.23532602902791,-1.2,-0.01,-0.7,70
3.41,255.82431715982,-1.12040814112473,246.280023412901,-1.23532602902791,-1.2,-0.01,-0.7,70
3.42,256.015734349821,-1.12040814112473,246.222218791211,-1.23532602902791,-1.2,-0.01,-0.7,70
3.422,256.054346843183,12.6540079050664,246.211033377515,-1.23532602902791,-1.2,-0.01,-0.7,70
3.43,256.209866349919,12.6540079050664,246.167545616775,-1.23532602902791,-1.2,-0.01,-0.7,70
3.44,256.406023349949,12.6540079050664,246.116010399628,-1.23532602902791,-1.2,-0.01,-0.7,70
3.45,256.602125579281,12.6540079050664,246.067619502688,-1.23532602902791,-1.2,-0.01,-0.7,70
3.46,256.795088839237,12.6540079050664,246.022379116292,-1.23532602902791,-1.2,-0.01,-0.7,70
3.47,256.981278196438,12.6540079050664,245.980295243074,-1.23532602902791,-1.2,-0.01,-0.7,70
3.48,257.156847736426,12.6540079050664,245.94137369001,-1.23532602902791,-1.2,-0.01,-0.7,70
3.481,257.173672530041,14.7687562273687,245.937655646823,-1.23532602902791,-1.2,-0.01,-0.7,70
3.486,257.25549841049,14.7687562273687,245.919541033309,-1.23532602902791,-1.2,-0.01,-0.7,70
3.49,257.317976923227,14.7687562273687,245.905620065404,-1.23532602902791,-1.2,-0.01,-0.7,70
3.5,257.460924492482,14.7687562273687,245.873039779225,-1.23532602902791,-1.2,-0.01,-0.7,70
3.51,257.582044592014,14.7687562273687,245.843638045706,-1.23532602902791,-1.2,-0.01,-0.7,70
3.52,257.677912465498,14.7687562273687,245.81741988744,-1.23532602902791,-1.2,-0.01,-0.7,70
3.53,257.745415141243,14.7687562273687,245.794390140416,-1.23532602902791,-1.2,-0.01,-0.7,70
3.54,257.781798588581,9.43470962843063,245.774553459635,-1.23532602902791,-1.2,-0.01,-0.7,70
3.55,257.784714519806,9.43470962843063,245.75791432504,-1.23532602902791,-1.2,-0.01,-0.7,70
3.56,257.752523818249,9.43470962843063,245.744477047587,-1.23532602902791,-1.2,-0.01,-0.7,70
3.57,257.684448560464,9.43470962843063,245.734245775329,-1.23532602902791,-1.2,-0.01,-0.7,70
3.58,257.580364013402,9.43470962843063,245.727224499434,-1.23532602902791,-1.2,-0.01,-0.7,70
3.59,257.440601583548,9.43470962843063,245.723417060086,-1.23532602902791,-1.2,-0.01,-0.7,70
3.599,257.284828594495,-4.27132220225634,245.72274127256,-1.23532602902791,-1.2,-0.01,-0.7,70
3.6,257.265792791577,-4.27132220225634,245.722827152224,-1.23532602902791,-1.2,-0.01,-0.7,70
3.605,257.165505811782,-4.27132220225634,245.723739887903,-1.23532602902791,-1.2,-0.01,-0.7,70
3.61,257.056866234627,-4.27132220225634,245.72545833112,-1.23532602902791,-1.2,-0.01,-0.7,70
3.62,256.815824713786,-4.27132220225634,245.731314017754,-1.23532602902791,-1.2,-0.01,-0.7,70
3.63,256.546009713947,-4.27132220225634,245.740397504004,-1.23532602902791,-1.2,-0.01,-0.7,70
3.64,256.251590007991,-4.27132220225634,245.752711957649,-1.23532602902791,-1.2,-0.01,-0.7,70
3.65,255.937124562415,-4.27132220225634,245.768260427165,-1.23532602902791,-1.2,-0.01,-0.7,70
3.658,255.674231162692,-19.4152199936125,245.783029691437,-1.23532602902791,-1.2,-0.01,-0.7,70
3.66,255.60723821931,-19.4152199936125,245.787045846351,-1.23532602902791,-1.2,-0.01,-0.7,70
3.67,255.266577904014,-19.4152199936125,245.809071038756,-1.23532602902791,-1.2,-0.01,-0.7,70
3.68,254.920691663905,-19.4152199936125,245.834338721946,-1.23532602902791,-1.2,-0.01,-0.7,70
3.69,254.576155420571,-19.4152199936125,245.862851511584,-1.23532602902791,-1.2,-0.01,-0.7,70
3.7,254.239976229216,-19.4152199936125,245.894611925363,-1.23532602902791,-1.2,-0.01,-0.7,70
3.71,253.919124066496,-19.4152199936125,245.929622386765,-1.23532602902791,-1.2,-0.01,-0.7,70
3.717,253.707207735197,-9.11446928096913,245.956064756009,-1.23532602902791,-1.2,-0.01,-0.7,70
3.72,253.620207929292,-9.11446928096913,245.967885228684,-1.23532602902791,-1.2,-0.01,-0.7,70
3.73,253.349102699273,-9.11446928096913,246.009402696892,-1.23532602902791,-1.2,-0.01,-0.7,70
3.74,253.110135651317,-9.11446928096913,246.054176953375,-1.23532602902791,-1.2,-0.01,-0.7,70
3.75,252.906007905632,-9.11446928096913,246.102210079531,-1.23532602902791,-1.2,-0.01,-0.7,70
3.76,252.738172852687,-9.11446928096913,246.153504079243,-1.23532602902791,-1.2,-0.01,-0.7,70
3.77,252.607161266626,-9.11446928096913,246.208060881829,-1.23532602902791,-1.2,-0.01,-0.7,70
3.776,252.546196901221,-1.11511650327053,246.242361891057,-1.23532602902791,-1.2,-0.01,-0.7,70
3.78,252.512843313338,-1.11511650327053,246.265882344875,-1.23532602902791,-1.2,-0.01,-0.7,70
3.79,252.454468395572,-1.11511650327053,246.326970256958,-1.23532602902791,-1.2,-0.01,-0.7,70
3.8,252.430282648414,-1.11511650327053,246.391326340259,-1.23532602902791,-1.2,-0.01,-0.7,70
3.81,252.437678894237,-1.11511650327053,246.458952253075,-1.23532602902791,-1.2,-0.01,-0.7,70
3.82,252.473567703751,-1.11511650327053,246.529849592233,-1.23532602902791,-1.2,-0.01,-0.7,70
3.83,252.534662354021,-1.11511650327053,246.604019895409,-1.23532602902791,-1.2,-0.01,-0.7,70
3.835,252.573633402259,-1.11511650327053,246.642332872984,-1.23532602902791,-1.2,-0.01,-0.7,70
3.84,252.617686989082,-1.11511650327053,246.681464643356,-1.23532602902791,-1.2,-0.01,-0.7,70
3.85,252.719521610169,-1.11511650327053,246.762185262047,-1.23532602902791,-1.2,-0.01,-0.7,70
3.86,252.837296328592,-1.11511650327053,246.84618312473,-1.23532602902791,-1.2,-0.01,-0.7,70
3.87,252.968445377304,-1.11511650327053,246.933459553915,-1.23532602902791,-1.2,-0.01,-0.7,70
3.88,253.110730716164,-1.11511650327053,247.024015823266,-1.23532602902791,-1.2,-0.01,-0.7,70
3.89,253.262243286561,-1.11511650327053,247.117853159442,-1.23532602902791,-1.2,-0.01,-0.7,70
3.894,253.325064742404,-1.11511650327053,247.156307053863,-1.23532602902791,-1.2,-0.01,-0.7,70
3.9,253.421388726424,-1.11511650327053,247.214972743845,-1.23532602902791,-1.2,-0.01,-0.7,70
3.91,253.586862995505,-1.11511650327053,247.315375714319,-1.23532602902791,-1.2,-0.01,-0.7,70
3.92,253.757622206666,-1.11511650327053,247.419063166774,-1.23532602902791,-1.2,-0.01,-0.7,70
3.93,253.932849822187,-1.11511650327053,247.526036156749,-1.23532602902791,-1.2,-0.01,-0.7,70
3.94,254.111923589456,-1.11511650327053,247.636295700919,-1.23532602902791,-1.2,-0.01,-0.7,70
3.95,254.294383812423,-1.11511650327053,247.749842778542,-1.23532602902791,-1.2,-0.01,-0.7,70
3.953,254.349730414387,-1.11511650327053,247.784548106191,-1.23532602902791,-1.2,-0.01,-0.7,70
3.96,254.479904008439,-1.11511650327053,247.86667833285,-1.23532602902791,-1.2,-0.01,-0.7,70
3.97,254.668264564103,-1.11511650327053,247.986803272387,-1.23532602902791,-1.2,-0.01,-0.7,70
3.98,254.859329658584,-1.11511650327053,248.110218472302,-1.23532602902791,-1.2,-0.01,-0.7,70
3.99,255.053027511613,-1.11511650327053,248.236924775585,-1.23532602902791,-1.2,-0.01,-0.7,70
4,255.249333821131,-1.11511650327053,248.366922994261,-1.23532602902791,-1.2,-0.01,-0.7,70
4.01,255.448258162964,-1.11511650327053,248.500213910539,-1.23532602902791,-1.2,-0.01,-0.7,70
4.012,255.488359756987,5.26501401682249,248.52726727835,-1.23532602902791,-1.2,-0.01,-0.7,70
4.02,255.649816947081,5.26501401682249,248.636798277913,-1.23532602902791,-1.2,-0.01,-0.7,70
4.03,255.853722111905,5.26501401682249,248.77667682223,-1.23532602902791,-1.2,-0.01,-0.7,70
4.04,256.059045520372,5.26501401682249,248.919850242706,-1.23532602902791,-1.2,-0.01,-0.7,70
4.05,256.264394592259,5.26501401682249,249.066319212919,-1.23532602902791,-1.2,-0.01,-0.7,70
4.06,256.468119861888,5.26501401682249,249.216084381748,-1.23532602902791,-1.2,-0.01,-0.7,70
4.07,256.668470142293,5.26501401682249,249.369146374293,-1.23532602902791,-1.2,-0.01,-0.7,70
4.071,256.688251963606,15.1470832163843,249.384633918676,-1.23532602902791,-1.2,-0.01,-0.7,70
4.076,256.786329211667,15.1470832163843,249.462566298799,-1.23532602902791,-1.2,-0.01,-0.7,70
4.08,256.863664727996,15.1470832163843,249.525505792746,-1.23532602902791,-1.2,-0.01,-0.7,70
4.09,257.051437510482,15.1470832163843,249.685163217239,-1.23532602902791,-1.2,-0.01,-0.7,70
4.1,257.228661688367,15.1470832163843,249.848119206659,-1.23532602902791,-1.2,-0.01,-0.7,70
4.11,257.391692558346,15.1470832163843,250.014374299427,-1.23532602902791,-1.2,-0.01,-0.7,70
4.12,257.536699691609,15.1470832163843,250.183929014256,-1.23532602902791,-1.2,-0.01,-0.7,70
4.13,257.659904653305,13.6061360407554,250.356783850873,-1.23532602902791,-1.2,-0.01,-0.7,70
4.14,257.7577510974,13.6061360407554,250.532939290722,-1.23532602902791,-1.2,-0.01,-0.7,70
4.15,257.827095346673,13.6061360407554,250.712395797632,-1.23532602902791,-1.2,-0.01,-0.7,70
4.16,257.865310083911,13.6061360407554,250.895153818469,-1.23532602902791,-1.2,-0.01,-0.7,70
4.17,257.87025106895,13.6061360407554,251.081213783755,-1.23532602902791,-1.2,-0.01,-0.7,70
4.18,257.840204461563,13.6061360407554,251.270576108273,-1.23532602902791,-1.2,-0.01,-0.7,70
4.189,257.782134240423,3.67647967197946,251.443826050333,-1.23532602902791,-1.2,-0.01,-0.7,70
4.19,257.773830824431,3.67647967197946,251.463241191642,-1.23532602902791,-1.2,-0.01,-0.7,70
4.195,257.726699234999,3.67647967197946,251.560812388661,-1.23532602902791,-1.2,-0.01,-0.7,70
4.2,257.670194541156,3.67647967197946,251.659209418878,-1.23532602902791,-1.2,-0.01,-0.7,70
4.21,257.529335117894,3.67647967197946,251.858481160923,-1.23532602902791,-1.2,-0.01,-0.7,70
4.22,257.352452754215,3.67647967197946,252.061056775169,-1.23532602902791,-1.2,-0.01,-0.7,70
4.23,257.141529115218,3.67647967197946,252.26693660595,-1.23532602902791,-1.2,-0.01,-0.7,70
4.24,256.899000237425,3.67647967197946,252.476120985022,-1.23532602902791,-1.2,-0.01,-0.7,70
4.248,256.683995337486,-12.1185937394489,252.645847980644,-1.23532602902791,-1.2,-0.01,-0.7,70
4.25,256.627509117955,-12.1185937394489,252.688610232028,-1.23532602902791,-1.2,-0.01,-0.7,70
4.26,256.329916597693,-12.1185937394489,252.904404654934,-1.23532602902791,-1.2,-0.01,-0.7,70
4.27,256.010241229275,-12.1185937394489,253.123504550466,-1.23532602902791,-1.2,-0.01,-0.7,70
4.28,255.673811280637,-12.1185937394489,253.345910204515,-1.23532602902791,-1.2,-0.01,-0.7,70
4.29,255.326657461318,-12.1185937394489,253.571621892537,-1.23532602902791,-1.2,-0.01,-0.7,70
4.3,254.975022268416,-12.1185937394489,253.800639879934,-1.23532602902791,-1.2,-0.01,-0.7,70
4.307,254.729490988276,-21.0892336411415,253.962919858215,-1.23532602902791,-1.2,-0.01,-0.7,70
4.31,254.625005555955,-21.0892336411415,254.032964422422,-1.23532602902791,-1.2,-0.01,-0.7,70
4.32,254.282473006484,-21.0892336411415,254.268595766386,-1.23532602902791,-1.2,-0.01,-0.7,70
4.33,253.953531842459,-21.0892336411415,254.507534149223,-1.23532602902791,-1.2,-0.01,-0.7,70
4.34,253.644490440822,-21.0892336411415,254.749779799666,-1.23532602902791,-1.2,-0.01,-0.7,70
4.35,253.361501192066,-21.0892336411415,254.995332938108,-1.23532602902791,-1.2,-0.01,-0.7,70
4.36,253.110312855668,-21.0892336411415,255.244193776899,-1.23532602902791,-1.2,-0.01,-0.7,70
4.366,252.977051652002,-1.10962794215896,255.395098062504,3.9263957773861,-1.2,-0.01,-0.7,70
4.37,252.896118891825,-1.10962794215896,255.496362520647,3.9263957773861,-1.2,-0.01,-0.7,70
4.38,252.723065065911,-1.10962794215896,255.751277242888,3.9263957773861,-1.2,-0.01,-0.7,70
4.39,252.592894459461,-1.10962794215896,256.006698884391,3.9263957773861,-1.2,-0.01,-0.7,70
4.4,252.505048308658,-1.10962794215896,256.259115272466,3.9263957773861,-1.2,-0.01,-0.7,70
4.41,252.457389819283,-1.10962794215896,256.505543613757,3.9263957773861,-1.2,-0.01,-0.7,70
4.42,252.446777903565,-1.10962794215896,256.743984928818,3.9263957773861,-1.2,-0.01,-0.7,70
4.425,252.454219199436,-1.10962794215896,256.859751778544,18.3738566915167,-1.2,-0.01,-0.7,70
4.43,252.469508845998,-1.10962794215896,256.973030188977,18.3738566915167,-1.2,-0.01,-0.7,70
4.44,252.52165038923,-1.10962794215896,257.191322965325,18.3738566915167,-1.2,-0.01,-0.7,70
4.45,252.599287212801,-1.10962794215896,257.394981393219,18.3738566915167,-1.2,-0.01,-0.7,70
4.46,252.698692495408,-1.10962794215896,257.576988091112,18.3738566915167,-1.2,-0.01,-0.7,70
4.47,252.816439737845,-1.10962794215896,257.729962646323,18.3738566915167,-1.2,-0.01,-0.7,70
4.48,252.949467062096,-1.10962794215896,257.847768601301,18.3738566915167,-1.2,-0.01,-0.7,70
4.484,253.006345142507,-1.10962794215896,257.883980728457,14.3786501038045,-1.2,-0.01,-0.7,70
4.49,253.09510515655,-1.10962794215896,257.925779630056,14.3786501038045,-1.2,-0.01,-0.7,70
4.5,253.251078493982,-1.10962794215896,257.96097436024,14.3786501038045,-1.2,-0.01,-0.7,70
4.51,253.415488022775,-1.10962794215896,257.952487360302,14.3786501038045,-1.2,-0.01,-0.7,70
4.52,253.58678174359,-1.10962794215896,257.901140811198,14.3786501038045,-1.2,-0.01,-0.7,70
4.53,253.763718400895,-1.10962794215896,257.807910999289,14.3786501038045,-1.2,-0.01,-0.7,70
4.54,253.945328098304,-1.10962794215896,257.673510131325,14.3786501038045,-1.2,-0.01,-0.7,70
4.543,254.000606496719,-1.10962794215896,257.62524951122,-1.15168711342222,-1.2,-0.01,-0.7,70
4.55,254.13087263919,-1.10962794215896,257.498521378574,-1.15168711342222,-1.2,-0.01,-0.7,70
4.56,254.319807524186,-1.10962794215896,257.284305128247,-1.15168711342222,-1.2,-0.01,-0.7,70
4.57,254.511746842221,-1.10962794215896,257.035197098226,-1.15168711342222,-1.2,-0.01,-0.7,70
4.58,254.70643178218,-1.10962794215896,256.758654980681,-1.15168711342222,-1.2,-0.01,-0.7,70
4.59,254.903703084634,-1.10962794215896,256.462933579508,-1.15168711342222,-1.2,-0.01,-0.7,70
4.6,255.10347747657,-1.10962794215896,256.155240533857,-1.15168711342222,-1.2,-0.01,-0.7,70
4.602,255.143729551052,0.768113379046381,256.092740827395,-18.1017626471747,-1.2,-0.01,-0.7,70
4.61,255.305723191854,0.768113379046381,255.841082896707,-18.1017626471747,-1.2,-0.01,-0.7,70
4.62,255.510354689311,0.768113379046381,255.524909660103,-18.1017626471747,-1.2,-0.01,-0.7,70
4.63,255.71712281864,0.768113379046381,255.212792932521,-18.1017626471747,-1.2,-0.01,-0.7,70
4.64,255.925657750421,0.768113379046381,254.913466754668,-18.1017626471747,-1.2,-0.01,-0.7,70
4.65,256.135523250484,0.768113379046381,254.636171275829,-18.1017626471747,-1.2,-0.01,-0.7,70
4.66,256.346257185805,0.768113379046381,254.388819255048,-18.1017626471747,-1.2,-0.01,-0.7,70
4.661,256.367360527393,15.048945142648,254.36594688173,-14.1948221856498,-1.2,-0.01,-0.7,70
4.666,256.4729170866,15.048945142648,254.257354633932,-14.1948221856498,-1.2,-0.01,-0.7,70
4.67,256.557343354274,15.048945142648,254.177404378241,-14.1948221856498,-1.2,-0.01,-0.7,70
4.68,256.767460816829,15.048945142648,254.005542983582,-14.1948221856498,-1.2,-0.01,-0.7,70
4.69,256.973880782276,15.048945142648,253.874070590311,-14.1948221856498,-1.2,-0.01,-0.7,70
4.7,257.172926935446,15.048945142648,253.781994902526,-14.1948221856498,-1.2,-0.01,-0.7,70
4.71,257.360441055809,15.048945142648,253.728110830173,-14.1948221856498,-1.2,-0.01,-0.7,70
4.72,257.532127831808,15.7490901023846,253.7115701136,-1.23010050469212,-1.2,-0.01,-0.7,70
4.73,257.683795140146,15.7490901023846,253.731091233143,-1.23010050469212,-1.2,-0.01,-0.7,70
4.74,257.811475712444,15.7490901023846,253.782851749013,-1.23010050469212,-1.2,-0.01,-0.7,70
4.75,257.911503010756,15.7490901023846,253.860243846212,-1.23010050469212,-1.2,-0.01,-0.7,70
4.76,257.980585104749,15.7490901023846,253.956685311598,-1.23010050469212,-1.2,-0.01,-0.7,70
4.77,258.015840497742,15.7490901023846,254.067051461913,-1.23010050469212,-1.2,-0.01,-0.7,70
4.779,258.016601860102,8.2606767343872,254.175115994111,-1.23010050469212,-1.2,-0.01,-0.7,70
4.78,258.014803014529,8.2606767343872,254.187551728603,-1.23010050469212,-1.2,-0.01,-0.7,70
4.785,258.00001948856,8.2606767343872,254.250741203654,-1.23010050469212,-1.2,-0.01,-0.7,70
4.79,257.975469438229,8.2606767343872,254.31552371964,-1.23010050469212,-1.2,-0.01,-0.7,70
4.8,257.896738215566,8.2606767343872,254.449111942966,-1.23010050469212,-1.2,-0.01,-0.7,70
4.81,257.778544842519,8.2606767343872,254.587038856922,-1.23010050469212,-1.2,-0.01,-0.7,70
4.82,257.621566003323,8.2606767343872,254.728426964399,-1.23010050469212,-1.2,-0.01,-0.7,70
4.83,257.426960685447,8.2606767343872,254.872679508418,-1.23010050469212,-1.2,-0.01,-0.7,70
4.838,257.245148416392,-7.56412201656677,254.989868424867,-1.23010050469212,-1.2,-0.01,-0.7,70
4.84,257.196170192523,-7.56412201656677,255.019396108557,-1.23010050469212,-1.2,-0.01,-0.7,70
4.85,256.930957918748,-7.56412201656677,255.168315010463,-1.23010050469212,-1.2,-0.01,-0.7,70
4.86,256.634357113762,-7.56412201656677,255.319272254415,-1.23010050469212,-1.2,-0.01,-0.7,70
4.87,256.310829977636,-7.56412201656677,255.472172922242,-1.23010050469212,-1.2,-0.01,-0.7,70
4.88,255.965669467463,-7.56412201656677,255.626970571603,-1.23010050469212,-1.2,-0.01,-0.7,70
4.89,255.604510623238,-7.56412201656677,255.783652529804,-1.23010050469212,-1.2,-0.01,-0.7,70
4.897,255.3451969962,-23.231698126237,255.894456284167,10.4554402382949,-1.2,-0.01,-0.7,70
4.9,255.232970910451,-23.231698126237,255.942229328087,10.4554402382949,-1.2,-0.01,-0.7,70
4.91,254.856659302266,-23.231698126237,256.101801266118,10.4554402382949,-1.2,-0.01,-0.7,70
4.92,254.482109126904,-23.231698126237,256.258557896961,10.4554402382949,-1.2,-0.01,-0.7,70
4.93,254.116757780985,-23.231698126237,256.40609491844,10.4554402382949,-1.2,-0.01,-0.7,70
4.94,253.768325264138,-23.231698126237,256.538410086247,10.4554402382949,-1.2,-0.01,-0.7,70
4.95,253.44434897089,-23.231698126237,256.651138789354,10.4554402382949,-1.2,-0.01,-0.7,70
4.956,253.264659026595,-5.19949192673764,256.708018007258,10.4724760563403,-1.2,-0.01,-0.7,70
4.96,253.151869206963,-5.19949192673764,256.741134931812,10.4724760563403,-1.2,-0.01,-0.7,70
4.97,252.89686157914,-5.19949192673764,256.806228999576,10.4724760563403,-1.2,-0.01,-0.7,70
4.98,252.682938022708,-5.19949192673764,256.844925012292,10.4724760563403,-1.2,-0.01,-0.7,70
4.99,252.51141338185,-5.19949192673764,256.856204290625,10.4724760563403,-1.2,-0.01,-0.7,70
5,252.381957792343,-5.19949192673764,256.83938268101,10.4724760563403,-1.2,-0.01,-0.7,70
5.01,252.293120205607,-5.19949192673764,256.79401242927,10.4724760563403,-1.2,-0.01,-0.7,70
5.015,252.263275430695,-1.10393434470102,256.760528890026,1.50708009669013,-1.2,-0.01,-0.7,70
5.02,252.242734294685,-1.10393434470102,256.719810647118,1.50708009669013,-1.2,-0.01,-0.7,70
5.03,252.228121218343,-1.10393434470102,256.617370105717,1.50708009669013,-1.2,-0.01,-0.7,70
5.04,252.246051825155,-1.10393434470102,256.489735739812,1.50708009669013,-1.2,-0.01,-0.7,70
5.05,252.292960754366,-1.10393434470102,256.342063065065,1.50708009669013,-1.2,-0.01,-0.7,70
5.06,252.365206877125,-1.10393434470102,256.179359017904,1.50708009669013,-1.2,-0.01,-0.7,70
5.07,252.45926055919,-1.10393434470102,256.005504738621,1.50708009669013,-1.2,-0.01,-0.7,70
5.074,252.502240734616,-1.10393434470102,255.933501570581,-9.91951298391537,-1.2,-0.01,-0.7,70
5.08,252.571829762418,-1.10393434470102,255.823365401245,-9.91951298391537,-1.2,-0.01,-0.7,70
5.09,252.699937178978,-1.10393434470102,255.635771754069,-9.91951298391537,-1.2,-0.01,-0.7,70
5.1,252.84095957456,-1.10393434470102,255.447619530566,-9.91951298391537,-1.2,-0.01,-0.7,70
5.11,252.992638665171,-1.10393434470102,255.265672344492,-9.91951298391537,-1.2,-0.01,-0.7,70
5.12,253.153071862473,-1.10393434470102,255.096270503032,-9.91951298391537,-1.2,-0.01,-0.7,70
5.13,253.320689448347,-1.10393434470102,254.944308936475,-9.91951298391537,-1.2,-0.01,-0.7,70
5.133,253.372178824969,-1.10393434470102,254.902654221484,-12.3024179297105,-1.2,-0.01,-0.7,70
5.14,253.494223459775,-1.10393434470102,254.813290367011,-12.3024179297105,-1.2,-0.01,-0.7,70
5.15,253.672672309228,-1.10393434470102,254.705902219791,-12.3024179297105,-1.2,-0.01,-0.7,70
5.16,253.855264127841,-1.10393434470102,254.624799652439,-12.3024179297105,-1.2,-0.01,-0.7,70
5.17,254.041420913742,-1.10393434470102,254.572583772846,-12.3024179297105,-1.2,-0.01,-0.7,70
5.18,254.230724907609,-1.10393434470102,254.551214429191,-12.3024179297105,-1.2,-0.01,-0.7,70
5.19,254.422888048021,-1.10393434470102,254.56195778927,-12.3024179297105,-1.2,-0.01,-0.7,70
5.192,254.461645928238,-1.10393434470102,254.568033628693,-1.22697556688842,-1.2,-0.01,-0.7,70
5.2,254.617724955377,-1.10393434470102,254.605635145693,-1.22697556688842,-1.2,-0.01,-0.7,70
5.21,254.815129593923,-1.10393434470102,254.68160785395,-1.22697556688842,-1.2,-0.01,-0.7,70
5.22,255.015055530311,-1.10393434470102,254.786111468275,-1.22697556688842,-1.2,-0.01,-0.7,70
5.23,255.217499590614,-1.10393434470102,254.912876286803,-1.22697556688842,-1.2,-0.01,-0.7,70
5.24,255.422488600967,-1.10393434470102,255.055923510667,-1.22697556688842,-1.2,-0.01,-0.7,70
5.25,255.630068866034,-1.10393434470102,255.210821020762,-1.22697556688842,-1.2,-0.01,-0.7,70
5.251,255.650971568246,7.40062302485273,255.226844449349,1.73661259510903,-1.2,-0.01,-0.7,70
5.256,255.755881177715,7.40062302485273,255.308059424422,1.73661259510903,-1.2,-0.01,-0.7,70
5.26,255.840263889283,7.40062302485273,255.374348803048,1.73661259510903,-1.2,-0.01,-0.7,70
5.27,256.052609341122,7.40062302485273,255.544097335742,1.73661259510903,-1.2,-0.01,-0.7,70
5.28,256.265781543415,7.40062302485273,255.717451518106,1.73661259510903,-1.2,-0.01,-0.7,70
5.29,256.477863165348,7.40062302485273,255.891491455606,1.73661259510903,-1.2,-0.01,-0.7,70
5.3,256.686615070147,7.40062302485273,256.063910805007,1.73661259510903,-1.2,-0.01,-0.7,70
5.31,256.889678946562,15.8605926817186,256.233152358839,12.1921874857345,-1.2,-0.01,-0.7,70
5.32,257.084671461086,15.8605926817186,256.397628894958,12.1921874857345,-1.2,-0.01,-0.7,70
5.33,257.268778570951,15.8605926817186,256.553589271274,12.1921874857345,-1.2,-0.01,-0.7,70
5.34,257.438534750237,15.8605926817186,256.694943947656,12.1921874857345,-1.2,-0.01,-0.7,70
5.35,257.590147593756,15.8605926817186,256.816058608454,12.1921874857345,-1.2,-0.01,-0.7,70
5.36,257.719778174766,15.8605926817186,256.912804424414,12.1921874857345,-1.2,-0.01,-0.7,70
5.369,257.814595426854,13.2486645107237,256.97654353191,9.96563334323526,-1.2,-0.01,-0.7,70
5.37,257.823736041908,13.2486645107237,256.982197100479,9.96563334323526,-1.2,-0.01,-0.7,70
5.375,257.865009403626,13.2486645107237,257.006010696051,9.96563334323526,-1.2,-0.01,-0.7,70
5.38,257.898628334627,13.2486645107237,257.022344351555,9.96563334323526,-1.2,-0.01,-0.7,70
5.39,257.941598337496,13.2486645107237,257.032666434443,9.96563334323526,-1.2,-0.01,-0.7,70
5.4,257.950418630324,13.2486645107237,257.01359990736,9.96563334323526,-1.2,-0.01,-0.7,70
5.41,257.923404047498,13.2486645107237,256.965697065971,9.96563334323526,-1.2,-0.01,-0.7,70
5.42,257.85931908785,13.2486645107237,256.889360635721,9.96563334323526,-1.2,-0.01,-0.7,70
5.428,257.780765573515,1.83477279730247,256.808047287925,-1.05439924205636,-1.2,-0.01,-0.7,70
5.43,257.757294017784,1.83477279730247,256.78492278647,-1.05439924205636,-1.2,-0.01,-0.7,70
5.44,257.616887315688,1.83477279730247,256.653512630629,-1.05439924205636,-1.2,-0.01,-0.7,70
5.45,257.438776799155,1.83477279730247,256.498921589422,-1.05439924205636,-1.2,-0.01,-0.7,70
5.46,257.224868505829,1.83477279730247,256.327301285856,-1.05439924205636,-1.2,-0.01,-0.7,70
5.47,256.977858939126,1.83477279730247,256.144747725871,-1.05439924205636,-1.2,-0.01,-0.7,70
5.48,256.700874924878,1.83477279730247,255.956094481659,-1.05439924205636,-1.2,-0.01,-0.7,70
5.487,256.490911113375,-14.6133987635129,255.822367879264,-11.9315412637595,-1.2,-0.01,-0.7,70
5.49,256.397203870127,-14.6133987635129,255.764894276661,-11.9315412637595,-1.2,-0.01,-0.7,70
5.5,256.070369443852,-14.6133987635129,255.574395952775,-11.9315412637595,-1.2,-0.01,-0.7,70
5.51,255.725141485708,-14.6133987635129,255.389627465404,-11.9315412637595,-1.2,-0.01,-0.7,70
5.52,255.367542409887,-14.6133987635129,255.217254646242,-11.9315412637595,-1.2,-0.01,-0.7,70
5.53,255.004210114571,-14.6133987635129,255.063402035351,-11.9315412637595,-1.2,-0.01,-0.7,70
5.54,254.641901544457,-14.6133987635129,254.932742884829,-11.9315412637595,-1.2,-0.01,-0.7,70
5.546,254.427738397195,-18.7870303817489,254.866911962361,-10.9803031052566,-1.2,-0.01,-0.7,70
5.55,254.287139154599,-18.7870303817489,254.828597553774,-10.9803031052566,-1.2,-0.01,-0.7,70
5.56,253.946066399656,-18.7870303817489,254.753082783124,-10.9803031052566,-1.2,-0.01,-0.7,70
5.57,253.62459701515,-18.7870303817489,254.707226385701,-10.9803031052566,-1.2,-0.01,-0.7,70
5.58,253.32832906759,-18.7870303817489,254.691321465385,-10.9803031052566,-1.2,-0.01,-0.7,70
5.59,253.062379682749,-18.7870303817489,254.705419840562,-10.9803031052566,-1.2,-0.01,-0.7,70
5.6,252.831293812526,-18.7870303817489,254.749529305723,-10.9803031052566,-1.2,-0.01,-0.7,70
5.605,252.730079365369,-1.09825446035018,254.782829502522,-1.22339606313912,-1.2,-0.01,-0.7,70
5.61,252.639003896008,-1.09825446035018,254.823621351631,-1.22339606313912,-1.2,-0.01,-0.7,70
5.62,252.488366297777,-1.09825446035018,254.926774632408,-1.22339606313912,-1.2,-0.01,-0.7,70
5.63,252.380041158829,-1.09825446035018,255.055430775188,-1.22339606313912,-1.2,-0.01,-0.7,70
5.64,252.312739110486,-1.09825446035018,255.203793551392,-1.22339606313912,-1.2,-0.01,-0.7,70
5.65,252.283870820435,-1.09825446035018,255.366509183534,-1.22339606313912,-1.2,-0.01,-0.7,70
5.66,252.290054918619,-1.09825446035018,255.539706794976,-1.22339606313912,-1.2,-0.01,-0.7,70
5.664,252.301501838802,-1.09825446035018,255.611275176981,6.76255150325064,-1.2,-0.01,-0.7,70
5.67,252.32750668839,-1.09825446035018,255.72059652779,6.76255150325064,-1.2,-0.01,-0.7,70
5.68,252.392328654443,-1.09825446035018,255.906956708068,6.76255150325064,-1.2,-0.01,-0.7,70
5.69,252.480720234927,-1.09825446035018,256.095110790034,6.76255150325064,-1.2,-0.01,-0.7,70
5.7,252.589120292983,-1.09825446035018,256.279677623739,6.76255150325064,-1.2,-0.01,-0.7,70
5.71,252.714296057679,-1.09825446035018,256.455920922446,6.76255150325064,-1.2,-0.01,-0.7,70
5.72,252.853389996156,-1.09825446035018,256.620461228419,6.76255150325064,-1.2,-0.01,-0.7,70
5.723,252.897453226273,-1.09825446035018,256.667172218594,13.3051632706637,-1.2,-0.01,-0.7,70
5.73,253.003935072475,-1.09825446035018,256.770878248381,13.3051632706637,-1.2,-0.01,-0.7,70
5.74,253.163847250279,-1.09825446035018,256.905154722776,13.3051632706637,-1.2,-0.01,-0.7,70
5.75,253.331402649251,-1.09825446035018,257.019953818394,13.3051632706637,-1.2,-0.01,-0.7,70
5.76,253.505205083403,-1.09825446035018,257.110596271288,13.3051632706637,-1.2,-0.01,-0.7,70
5.77,253.684148562608,-1.09825446035018,257.173152120027,13.3051632706637,-1.2,-0.01,-0.7,70
5.78,253.867378050638,-1.09825446035018,257.20493126826,13.3051632706637,-1.2,-0.01,-0.7,70
5.782,253.904478394705,-1.09825446035018,257.207426655473,7.8366586110457,-1.2,-0.01,-0.7,70
5.79,254.054250853893,-1.09825446035018,257.204031661285,7.8366586110457,-1.2,-0.01,-0.7,70
5.8,254.244300237987,-1.09825446035018,257.169609115091,7.8366586110457,-1.2,-0.01,-0.7,70
5.81,254.437202253222,-1.09825446035018,257.102778531952,7.8366586110457,-1.2,-0.01,-0.7,70
5.82,254.632746307641,-1.09825446035018,257.006271028355,7.8366586110457,-1.2,-0.01,-0.7,70
5.83,254.830809671136,-1.09825446035018,256.882701771761,7.8366586110457,-1.2,-0.01,-0.7,70
5.84,255.031335861958,-1.09825446035018,256.734013742841,7.8366586110457,-1.2,-0.01,-0.7,70
5.841,255.051523286858,-0.425133282215999,256.717816900695,-4.96829841058909,-1.2,-0.01,-0.7,70
5.846,255.152828515046,-0.425133282215999,256.63337600214,-4.96829841058909,-1.2,-0.01,-0.7,70
5.85,255.234313999396,-0.425133282215999,256.561675257902,-4.96829841058909,-1.2,-0.01,-0.7,70
5.86,255.439727894894,-0.425133282215999,256.367647619565,-4.96829841058909,-1.2,-0.01,-0.7,70
5.87,255.647515390513,-0.425133282215999,256.156509646763,-4.96829841058909,-1.2,-0.01,-0.7,70
5.88,255.857580615412,-0.425133282215999,255.935276158257,-4.96829841058909,-1.2,-0.01,-0.7,70
5.89,256.069808812941,-0.425133282215999,255.710959734645,-4.96829841058909,-1.2,-0.01,-0.7,70
5.9,256.284077435721,15.0661926613336,255.489210195736,-15.2093733704552,-1.2,-0.01,-0.7,70
5.91,256.500170043421,15.0661926613336,255.274826015372,-15.2093733704552,-1.2,-0.01,-0.7,70
5.92,256.716854764579,15.0661926613336,255.073686928319,-15.2093733704552,-1.2,-0.01,-0.7,70
5.93,256.931363193163,15.0661926613336,254.892830792066,-15.2093733704552,-1.2,-0.01,-0.7,70
5.94,257.139919113626,15.0661926613336,254.738581475752,-15.2093733704552,-1.2,-0.01,-0.7,70
5.95,257.338227003322,15.0661926613336,254.615750007762,-15.2093733704552,-1.2,-0.01,-0.7,70
5.959,257.50426117044,16.3844031232347,254.534902601561,-7.02363601442864,-1.2,-0.01,-0.7,70
5.96,257.52183474179,16.3844031232347,254.527728950891,-7.02363601442864,-1.2,-0.01,-0.7,70
5.965,257.606756197748,16.3844031232347,254.49719002987,-7.02363601442864,-1.2,-0.01,-0.7,70
5.97,257.68638003759,16.3844031232347,254.475500379038,-7.02363601442864,-1.2,-0.01,-0.7,70
5.98,257.827678888805,16.3844031232347,254.45654021526,-7.02363601442864,-1.2,-0.01,-0.7,70
5.99,257.941800666536,16.3844031232347,254.466135272332,-7.02363601442864,-1.2,-0.01,-0.7,70
6,258.025168996687,16.3844031232347,254.500098337014,-7.02363601442864,-1.2,-0.01,-0.7,70
6.01,258.074617762596,16.3844031232347,254.555631106097,-7.02363601442864,-1.2,-0.01,-0.7,70
6.018,258.087900871055,9.53403092428432,254.614226977508,-1.2194472514621,-1.2,-0.01,-0.7,70
6.02,258.087409664873,9.53403092428432,254.63075720042,-1.2194472514621,-1.2,-0.01,-0.7,70
6.03,258.061310263919,9.53403092428432,254.723804393763,-1.2194472514621,-1.2,-0.01,-0.7,70
6.04,257.995013595803,9.53403092428432,254.831892282242,-1.2194472514621,-1.2,-0.01,-0.7,70
6.05,257.888199336311,9.53403092428432,254.950956391839,-1.2194472514621,-1.2,-0.01,-0.7,70
6.06,257.741253688723,9.53403092428432,255.077622556981,-1.2194472514621,-1.2,-0.01,-0.7,70
6.07,257.555033682613,9.53403092428432,255.20963983271,-1.2194472514621,-1.2,-0.01,-0.7,70
6.077,257.401917124894,-6.3506567391411,255.30436349036,2.75688119548362,-1.2,-0.01,-0.7,70
6.08,257.33068452852,-6.3506567391411,255.345431985262,2.75688119548362,-1.2,-0.01,-0.7,70
6.09,257.069758219474,-6.3506567391411,255.48364178134,2.75688119548362,-1.2,-0.01,-0.7,70
6.1,256.7751979261,-6.3506567391411,255.622049088687,2.75688119548362,-1.2,-0.01,-0.7,70
6.11,256.451357198807,-6.3506567391411,255.757661138048,2.75688119548362,-1.2,-0.01,-0.7,70
6.12,256.103400771355,-6.3506567391411,255.888047345505,2.75688119548362,-1.2,-0.01,-0.7,70
6.13,255.736828934387,-6.3506567391411,256.011609968516,2.75688119548362,-1.2,-0.01,-0.7,70
6.136,255.510240738599,-22.9240792053699,256.081993203937,9.30523941354458,-1.2,-0.01,-0.7,70
6.14,255.357129065029,-22.9240792053699,256.127242767353,9.30523941354458,-1.2,-0.01,-0.7,70
6.15,254.969890819771,-22.9240792053699,256.23374005193,9.30523941354458,-1.2,-0.01,-0.7,70
6.16,254.581806323422,-22.9240792053699,256.328243443427,9.30523941354458,-1.2,-0.01,-0.7,70
6.17,254.200513824848,-22.9240792053699,256.406447953258,9.30523941354458,-1.2,-0.01,-0.7,70
6.18,253.833947797248,-22.9240792053699,256.464791791966,9.30523941354458,-1.2,-0.01,-0.7,70
6.19,253.489859838489,-22.9240792053699,256.500949903587,9.30523941354458,-1.2,-0.01,-0.7,70
6.195,253.328535500167,-7.14615258547796,256.510181538902,5.67378913000109,-1.2,-0.01,-0.7,70
6.2,253.175490622603,-7.14615258547796,256.513302408206,5.67378913000109,-1.2,-0.01,-0.7,70
6.21,252.896953041087,-7.14615258547796,256.501077266968,5.67378913000109,-1.2,-0.01,-0.7,70
6.22,252.658108842176,-7.14615258547796,256.464925061416,5.67378913000109,-1.2,-0.01,-0.7,70
6.23,252.460743988567,-7.14615258547796,256.406666406939,5.67378913000109,-1.2,-0.01,-0.7,70
6.24,252.305138091816,-7.14615258547796,256.328065139636,5.67378913000109,-1.2,-0.01,-0.7,70
6.25,252.190520553747,-7.14615258547796,256.230443446207,5.67378913000109,-1.2,-0.01,-0.7,70
6.254,252.155839076167,-1.09244890717991,256.186303521066,-3.63679461922077,-1.2,-0.01,-0.7,70
6.26,252.115423642925,-1.09244890717991,256.114821421849,-3.63679461922077,-1.2,-0.01,-0.7,70
6.27,252.077759377351,-1.09244890717991,255.98278557384,-3.63679461922077,-1.2,-0.01,-0.7,70
6.28,252.074648863795,-1.09244890717991,255.838205410426,-3.63679461922077,-1.2,-0.01,-0.7,70
6.29,252.10267954883,-1.09244890717991,255.686828476502,-3.63679461922077,-1.2,-0.01,-0.7,70
6.3,252.158218284307,-1.09244890717991,255.53402198301,-3.63679461922077,-1.2,-0.01,-0.7,70
6.31,252.237641454688,-1.09244890717991,255.383844500239,-3.63679461922077,-1.2,-0.01,-0.7,70
6.313,252.265603123969,-1.09244890717991,255.339748215888,-10.8532170178735,-1.2,-0.01,-0.7,70
6.32,252.337495939053,-1.09244890717991,255.239214853367,-10.8532170178735,-1.2,-0.01,-0.7,70
6.33,252.454603892017,-1.09244890717991,255.102827530984,-10.8532170178735,-1.2,-0.01,-0.7,70
6.34,252.586123326496,-1.09244890717991,254.978731870778,-10.8532170178735,-1.2,-0.01,-0.7,70
6.35,252.729574653666,-1.09244890717991,254.871967702677,-10.8532170178735,-1.2,-0.01,-0.7,70
6.36,252.8828424298,-1.09244890717991,254.786747856351,-10.8532170178735,-1.2,-0.01,-0.7,70
6.37,253.044159744971,-1.09244890717991,254.726001793986,-10.8532170178735,-1.2,-0.01,-0.7,70
6.372,253.07725667213,-1.09244890717991,254.716966618005,-5.24774895933964,-1.2,-0.01,-0.7,70
6.38,253.212081353092,-1.09244890717991,254.691734278253,-5.24774895933964,-1.2,-0.01,-0.7,70
6.39,253.385450286138,-1.09244890717991,254.684481452472,-5.24774895933964,-1.2,-0.01,-0.7,70
6.4,253.563361553616,-1.09244890717991,254.702425540465,-5.24774895933964,-1.2,-0.01,-0.7,70
6.41,253.745125500898,-1.09244890717991,254.742141449939,-5.24774895933964,-1.2,-0.01,-0.7,70
6.42,253.930232649205,-1.09244890717991,254.800579879645,-5.24774895933964,-1.2,-0.01,-0.7,70
6.43,254.118321173666,-1.09244890717991,254.875660134171,-5.24774895933964,-1.2,-0.01,-0.7,70
6.431,254.137283749337,-1.09244890717991,254.884028341154,-1.21683792337971,-1.2,-0.01,-0.7,70
6.436,254.232499968617,-1.09244890717991,254.928054480903,-1.21683792337971,-1.2,-0.01,-0.7,70
6.44,254.309147698175,-1.09244890717991,254.965897518502,-1.21683792337971,-1.2,-0.01,-0.7,70
6.45,254.502561725334,-1.09244890717991,255.069960538755,-1.21683792337971,-1.2,-0.01,-0.7,70
6.46,254.698483732854,-1.09244890717991,255.185600758802,-1.21683792337971,-1.2,-0.01,-0.7,70
6.47,254.896886820037,-1.09244890717991,255.309768236325,-1.21683792337971,-1.2,-0.01,-0.7,70
6.48,255.097781631904,-1.09244890717991,255.439950400494,-1.21683792337971,-1.2,-0.01,-0.7,70
6.49,255.301204239152,2.84260579686624,255.574466086752,6.28822071506488,-1.2,-0.01,-0.7,70
6.5,255.507182706433,2.84260579686624,255.711685688968,6.28822071506488,-1.2,-0.01,-0.7,70
6.51,255.715494325978,2.84260579686624,255.848322673056,6.28822071506488,-1.2,-0.01,-0.7,70
6.52,255.925526881709,2.84260579686624,255.979452880778,6.28822071506488,-1.2,-0.01,-0.7,70
6.53,256.136408168235,2.84260579686624,256.10088563619,6.28822071506488,-1.2,-0.01,-0.7,70
6.54,256.347126395422,2.84260579686624,256.209782712331,6.28822071506488,-1.2,-0.01,-0.7,70
6.549,256.535755693533,15.3978562807523,256.29539791241,8.8914069465133,-1.2,-0.01,-0.7,70
6.55,256.556619694579,15.3978562807523,256.304144072358,8.8914069465133,-1.2,-0.01,-0.7,70
6.555,256.660567521892,15.3978562807523,256.345387539537,8.8914069465133,-1.2,-0.01,-0.7,70
6.56,256.763729469159,15.3978562807523,256.382422981651,8.8914069465133,-1.2,-0.01,-0.7,70
6.57,256.966431543818,15.3978562807523,256.442697138966,8.8914069465133,-1.2,-0.01,-0.7,70
6.58,257.161562547867,15.3978562807523,256.482678912849,8.8914069465133,-1.2,-0.01,-0.7,70
6.59,257.34528118264,15.3978562807523,256.500563638998,8.8914069465133,-1.2,-0.01,-0.7,70
6.6,257.513459112651,15.3978562807523,256.495165991074,8.8914069465133,-1.2,-0.01,-0.7,70
6.608,257.634030262071,15.0998474505583,256.473524741771,2.66586414841286,-1.2,-0.01,-0.7,70
6.61,257.661964442581,15.0998474505583,256.465673202998,2.66586414841286,-1.2,-0.01,-0.7,70
6.62,257.786860550426,15.0998474505583,256.41211060342,2.66586414841286,-1.2,-0.01,-0.7,70
6.63,257.884550914917,15.0998474505583,256.336470976697,2.66586414841286,-1.2,-0.01,-0.7,70
6.64,257.951853127638,15.0998474505583,256.242396306162,2.66586414841286,-1.2,-0.01,-0.7,70
6.65,257.986017513305,15.0998474505583,256.133347461963,2.66586414841286,-1.2,-0.01,-0.7,70
6.66,257.984718703413,15.0998474505583,256.011941302047,2.66586414841286,-1.2,-0.01,-0.7,70
6.667,257.961662161056,6.35134169384828,255.920681531875,-6.66920421334267,-1.2,-0.01,-0.7,70
6.67,257.946030340375,6.35134169384828,255.880130157942,-6.66920421334267,-1.2,-0.01,-0.7,70
6.68,257.868530323961,6.35134169384828,255.740123655953,-6.66920421334267,-1.2,-0.01,-0.7,70
6.69,257.751851639611,6.35134169384828,255.596178460737,-6.66920421334267,-1.2,-0.01,-0.7,70
6.7,257.596681452284,6.35134169384828,255.45418202181,-6.66920421334267,-1.2,-0.01,-0.7,70
6.71,257.404415029642,6.35134169384828,255.319435680853,-6.66920421334267,-1.2,-0.01,-0.7,70
6.72,257.176876330057,6.35134169384828,255.195855271532,-6.66920421334267,-1.2,-0.01,-0.7,70
6.726,257.024267082393,-9.78057966992269,255.128261657321,-10.4619998651284,-1.2,-0.01,-0.7,70
6.73,256.916107804161,-9.78057966992269,255.086210123943,-10.4619998651284,-1.2,-0.01,-0.7,70
6.74,256.624558630893,-9.78057966992269,254.992815948935,-10.4619998651284,-1.2,-0.01,-0.7,70
6.75,256.306087357695,-9.78057966992269,254.918548565631,-10.4619998651284,-1.2,-0.01,-0.7,70
6.76,255.965842747495,-9.78057966992269,254.866644205572,-10.4619998651284,-1.2,-0.01,-0.7,70
6.77,255.609653360838,-9.78057966992269,254.83964388132,-10.4619998651284,-1.2,-0.01,-0.7,70
6.78,255.243556554824,-9.78057966992269,254.839208895373,-10.4619998651284,-1.2,-0.01,-0.7,70
6.785,255.058650225209,-24.3373670210497,254.849312462378,-2.73599492423605,-1.2,-0.01,-0.7,70
6.79,254.873462513737,-24.3373670210497,254.866436832955,-2.73599492423605,-1.2,-0.01,-0.7,70
6.8,254.505323474716,-24.3373670210497,254.921077432364,-2.73599492423605,-1.2,-0.01,-0.7,70
6.81,254.145976509546,-24.3373670210497,255.000222570942,-2.73599492423605,-1.2,-0.01,-0.7,70
6.82,253.802888453889,-24.3373670210497,255.099025149736,-2.73599492423605,-1.2,-0.01,-0.7,70
6.83,253.483598535497,-24.3373670210497,255.213148510175,-2.73599492423605,-1.2,-0.01,-0.7,70
6.84,253.195324886082,-24.3373670210497,255.339572152214,-2.73599492423605,-1.2,-0.01,-0.7,70
6.844,253.090211373121,-1.78268485067874,255.39308529912,3.9211797992701,-1.2,-0.01,-0.7,70
6.85,252.944694173241,-1.78268485067874,255.476138673783,3.9211797992701,-1.2,-0.01,-0.7,70
6.86,252.736865561204,-1.78268485067874,255.62099285709,3.9211797992701,-1.2,-0.01,-0.7,70
6.87,252.574102491352,-1.78268485067874,255.770879608432,3.9211797992701,-1.2,-0.01,-0.7,70
6.88,252.456186693091,-1.78268485067874,255.921140714685,3.9211797992701,-1.2,-0.01,-0.7,70
6.89,252.381194513706,-1.78268485067874,256.067824622528,3.9211797992701,-1.2,-0.01,-0.7,70
6.9,252.34610021084,-1.78268485067874,256.208226884868,3.9211797992701,-1.2,-0.01,-0.7,70
6.903,252.342814518057,-1.0868347210785,256.248830179915,10.4374870540469,-1.2,-0.01,-0.7,70
6.91,252.347240092236,-1.0868347210785,256.340436314223,10.4374870540469,-1.2,-0.01,-0.7,70
6.92,252.380638261992,-1.0868347210785,256.462752646144,10.4374870540469,-1.2,-0.01,-0.7,70
6.93,252.442227818418,-1.0868347210785,256.57202733977,10.4374870540469,-1.2,-0.01,-0.7,70
6.94,252.528051546961,-1.0868347210785,256.663730111932,10.4374870540469,-1.2,-0.01,-0.7,70
6.95,252.634407756746,-1.0868347210785,256.734069670231,10.4374870540469,-1.2,-0.01,-0.7,70
6.96,252.7579407347,-1.0868347210785,256.780491259221,10.4374870540469,-1.2,-0.01,-0.7,70
6.962,252.784440664707,-1.0868347210785,256.786747005436,7.31288272071706,-1.2,-0.01,-0.7,70
6.97,252.895687926537,-1.0868347210785,256.80119746015,7.31288272071706,-1.2,-0.01,-0.7,70
6.98,253.045094538887,-1.0868347210785,256.795241717574,7.31288272071706,-1.2,-0.01,-0.7,70
6.99,253.204004849176,-1.0868347210785,256.76299791418,7.31288272071706,-1.2,-0.01,-0.7,70
7,253.370637669629,-1.0868347210785,256.705900327072,7.31288272071706,-1.2,-0.01,-0.7,70
7.01,253.543552111398,-1.0868347210785,256.625339055995,7.31288272071706,-1.2,-0.01,-0.7,70
7.02,253.721608240317,-1.0868347210785,256.522331371464,7.31288272071706,-1.2,-0.01,-0.7,70
7.021,253.73966073389,-1.0868347210785,256.510824422217,-2.67289199701585,-1.2,-0.01,-0.7,70
7.026,253.830534256212,-1.0868347210785,256.450088451791,-2.67289199701585,-1.2,-0.01,-0.7,70
7.03,253.903926063447,-1.0868347210785,256.397658206419,-2.67289199701585,-1.2,-0.01,-0.7,70
7.04,254.089845281243,-1.0868347210785,256.252744944463,-2.67289199701585,-1.2,-0.01,-0.7,70
7.05,254.278887430388,-1.0868347210785,256.091450797047,-2.67289199701585,-1.2,-0.01,-0.7,70
7.06,254.470721428142,-1.0868347210785,255.919689504869,-2.67289199701585,-1.2,-0.01,-0.7,70
7.07,254.665133046588,-1.0868347210785,255.743086564643,-2.67289199701585,-1.2,-0.01,-0.7,70
7.08,254.861998499702,-1.0868347210785,255.565958246228,-11.742458919073,-1.2,-0.01,-0.7,70
7.09,255.061262078722,-1.0868347210785,255.392170528364,-11.742458919073,-1.2,-0.01,-0.7,70
7.1,255.262917604892,-1.0868347210785,255.226908851937,-11.742458919073,-1.2,-0.01,-0.7,70
7.11,255.466993365049,-1.0868347210785,255.07647507832,-11.742458919073,-1.2,-0.01,-0.7,70
7.12,255.673540139668,-1.0868347210785,254.946349001775,-11.742458919073,-1.2,-0.01,-0.7,70
7.13,255.882621912449,-1.0868347210785,254.84054970885,-11.742458919073,-1.2,-0.01,-0.7,70
7.139,256.073020887752,12.9315466395832,254.768476004356,-7.92575708845132,-1.2,-0.01,-0.7,70
7.14,256.094308845867,12.9315466395832,254.761880760693,-7.92575708845132,-1.2,-0.01,-0.7,70
7.145,256.201140229276,12.9315466395832,254.733189559802,-7.92575708845132,-1.2,-0.01,-0.7,70
7.15,256.308548517759,12.9315466395832,254.711655448041,-7.92575708845132,-1.2,-0.01,-0.7,70
7.16,256.524254842185,12.9315466395832,254.689208304752,-7.92575708845132,-1.2,-0.01,-0.7,70
7.17,256.738967792143,12.9315466395832,254.692553328489,-7.92575708845132,-1.2,-0.01,-0.7,70
7.18,256.949347662923,12.9315466395832,254.719832417454,-7.92575708845132,-1.2,-0.01,-0.7,70
7.19,257.151602495028,12.9315466395832,254.769764854295,-7.92575708845132,-1.2,-0.01,-0.7,70
7.198,257.304915587017,16.2953968874626,254.825383633838,-1.21099823490072,-1.2,-0.01,-0.7,70
7.2,257.34180496906,16.2953968874626,254.841424223477,-1.21099823490072,-1.2,-0.01,-0.7,70
7.21,257.516076349607,16.2953968874626,254.933627650858,-1.21099823490072,-1.2,-0.01,-0.7,70
7.22,257.670510349143,16.2953968874626,255.043429220355,-1.21099823490072,-1.2,-0.01,-0.7,70
7.23,257.801219935644,16.2953968874626,255.166368217275,-1.21099823490072,-1.2,-0.01,-0.7,70
7.24,257.904507659907,16.2953968874626,255.298624001694,-1.21099823490072,-1.2,-0.01,-0.7,70
7.25,257.976979668028,16.2953968874626,255.437602437487,-1.21099823490072,-1.2,-0.01,-0.7,70
7.257,258.007738104846,10.8630162326864,255.537873442498,5.81599921387139,-1.2,-0.01,-0.7,70
7.26,258.015609289579,10.8630162326864,255.581470783272,5.81599921387139,-1.2,-0.01,-0.7,70
7.27,258.017850764935,10.8630162326864,255.728568647301,5.81599921387139,-1.2,-0.01,-0.7,70
7.28,257.982006238049,10.8630162326864,255.875672984957,5.81599921387139,-1.2,-0.01,-0.7,70
7.29,257.907230105507,10.8630162326864,256.018041684248,5.81599921387139,-1.2,-0.01,-0.7,70
7.3,257.793307320931,10.8630162326864,256.151655864766,5.81599921387139,-1.2,-0.01,-0.7,70
7.31,257.640467287598,10.8630162326864,256.273792216135,5.81599921387139,-1.2,-0.01,-0.7,70
7.316,257.530293105121,-3.71131713859049,256.340735238228,9.92368032869722,-1.2,-0.01,-0.7,70
7.32,257.449238261755,-3.71131713859049,256.382531541366,9.92368032869722,-1.2,-0.01,-0.7,70
7.33,257.220641354341,-3.71131713859049,256.476282551012,9.92368032869722,-1.2,-0.01,-0.7,70
7.34,256.957098625082,-3.71131713859049,256.552616840326,9.92368032869722,-1.2,-0.01,-0.7,70
7.35,256.662328318175,-3.71131713859049,256.608341832505,9.92368032869722,-1.2,-0.01,-0.7,70
7.36,256.340797972947,-3.71131713859049,256.640888221571,9.92368032869722,-1.2,-0.01,-0.7,70
7.37,255.997298961774,-3.71131713859049,256.648566259585,9.92368032869722,-1.2,-0.01,-0.7,70
7.375,255.818817736023,-20.4046329892646,256.642697803716,4.34395421785945,-1.2,-0.01,-0.7,70
7.38,255.63663878018,-20.4046329892646,256.630204092778,4.34395421785945,-1.2,-0.01,-0.7,70
7.39,255.263880343275,-20.4046329892646,256.585509551809,4.34395421785945,-1.2,-0.01,-0.7,70
7.4,254.88533406431,-20.4046329892646,256.516053302625,4.34395421785945,-1.2,-0.01,-0.7,70
7.41,254.508283301831,-20.4046329892646,256.424964138857,4.34395421785945,-1.2,-0.01,-0.7,70
7.42,254.140344836978,-20.4046329892646,256.315223196841,4.34395421785945,-1.2,-0.01,-0.7,70
7.43,253.788999399232,-20.4046329892646,256.189076279258,4.34395421785945,-1.2,-0.01,-0.7,70
7.434,253.654701376836,-10.7958778962585,256.13441320414,-5.87812006832259,-1.2,-0.01,-0.7,70
7.44,253.461264707905,-10.7958778962585,256.048213337702,-5.87812006832259,-1.2,-0.01,-0.7,70
7.45,253.163179468288,-10.7958778962585,255.894704554151,-5.87812006832259,-1.2,-0.01,-0.7,70
7.46,252.89910666807,-10.7958778962585,255.732876476091,-5.87812006832259,-1.2,-0.01,-0.7,70
7.47,252.67188952876,-10.7958778962585,255.568930183017,-5.87812006832259,-1.2,-0.01,-0.7,70
7.48,252.483200820302,-10.7958778962585,255.408627225485,-5.87812006832259,-1.2,-0.01,-0.7,70
7.49,252.333834427585,-10.7958778962585,255.256335056625,-5.87812006832259,-1.2,-0.01,-0.7,70
7.493,252.296728525019,-1.08109119768025,255.212685117471,-11.8887861797878,-1.2,-0.01,-0.7,70
7.5,252.22392965993,-1.08109119768025,255.11517741729,-11.8887861797878,-1.2,-0.01,-0.7,70
7.51,252.152779881902,-1.08109119768025,254.987902766508,-11.8887861797878,-1.2,-0.01,-0.7,70
7.52,252.118428458732,-1.08109119768025,254.878289345908,-11.8887861797878,-1.2,-0.01,-0.7,70
7.53,252.118004001498,-1.08109119768025,254.790830224332,-11.8887861797878,-1.2,-0.01,-0.7,70
7.54,252.148124801591,-1.08109119768025,254.729173541062,-11.8887861797878,-1.2,-0.01,-0.7,70
7.55,252.20520438809,-1.08109119768025,254.695790843024,-11.8887861797878,-1.2,-0.01,-0.7,70
7.552,252.219539111122,-1.08109119768025,254.692655011009,-3.73150862572694,-1.2,-0.01,-0.7,70
7.56,252.285674944156,-1.08109119768025,254.692347748049,-3.73150862572694,-1.2,-0.01,-0.7,70
7.57,252.386142987556,-1.08109119768025,254.718860521456,-3.73150862572694,-1.2,-0.01,-0.7,70
7.58,252.503490417365,-1.08109119768025,254.772417932563,-3.73150862572694,-1.2,-0.01,-0.7,70
7.59,252.634932202979,-1.08109119768025,254.848056170792,-3.73150862572694,-1.2,-0.01,-0.7,70
7.6,252.778041212584,-1.08109119768025,254.941338351408,-3.73150862572694,-1.2,-0.01,-0.7,70
7.61,252.930748908881,-1.08109119768025,255.049207073572,-3.73150862572694,-1.2,-0.01,-0.7,70
7.611,252.946478319241,-1.08109119768025,255.060715616304,-0.414912366797696,-1.2,-0.01,-0.7,70
7.616,253.026249381992,-1.08109119768025,255.119989718661,-0.414912366797696,-1.2,-0.01,-0.7,70
7.62,253.091329285267,-1.08109119768025,255.169486666984,-0.414912366797696,-1.2,-0.01,-0.7,70
7.63,253.258371953497,-1.08109119768025,255.300462080762,-0.414912366797696,-1.2,-0.01,-0.7,70
7.64,253.430749041572,-1.08109119768025,255.439876242247,-0.414912366797696,-1.2,-0.01,-0.7,70
7.65,253.607579322632,-1.08109119768025,255.584939982143,-0.414912366797696,-1.2,-0.01,-0.7,70
7.66,253.788192141431,-1.08109119768025,255.733402655925,-0.414912366797696,-1.2,-0.01,-0.7,70
7.67,253.972092857924,-1.08109119768025,255.883757112633,9.61731759030288,-1.2,-0.01,-0.7,70
7.68,254.158930934747,-1.08109119768025,256.034449121685,9.61731759030288,-1.2,-0.01,-0.7,70
7.69,254.348471316806,-1.08109119768025,256.181809418883,9.61731759030288,-1.2,-0.01,-0.7,70
7.7,254.540569395917,-1.08109119768025,256.31992415628,9.61731759030288,-1.2,-0.01,-0.7,70
7.71,254.735149596529,-1.08109119768025,256.44342518413,9.61731759030288,-1.2,-0.01,-0.7,70
7.72,254.932187440556,-1.08109119768025,256.54846698551,9.61731759030288,-1.2,-0.01,-0.7,70
7.729,255.111632071561,0.377315594843558,256.624912986814,9.53570172543721,-1.2,-0.01,-0.7,70
7.73,255.131694832368,0.377315594843558,256.632290122186,9.53570172543721,-1.2,-0.01,-0.7,70
7.735,255.23238413567,0.377315594843558,256.665632372152,9.53570172543721,-1.2,-0.01,-0.7,70
7.74,255.333695379177,0.377315594843558,256.693004633109,9.53570172543721,-1.2,-0.01,-0.7,70
7.75,255.538120707103,0.377315594843558,256.729338531552,9.53570172543721,-1.2,-0.01,-0.7,70
7.76,255.74476821032,0.377315594843558,256.740463020884,9.53570172543721,-1.2,-0.01,-0.7,70
7.77,255.953347268249,0.377315594843558,256.725832759591,9.53570172543721,-1.2,-0.01,-0.7,70
7.78,256.163519795729,0.377315594843558,256.685093359233,9.53570172543721,-1.2,-0.01,-0.7,70
7.788,256.33256628285,15.0037143386033,256.633551955679,0.856148649092961,-1.2,-0.01,-0.7,70
7.79,256.374930246971,15.0037143386033,256.618025557041,0.856148649092961,-1.2,-0.01,-0.7,70
7.8,256.587046466212,15.0037143386033,256.525255340658,0.856148649092961,-1.2,-0.01,-0.7,70
7.81,256.79817674614,15.0037143386033,256.40980263545,0.856148649092961,-1.2,-0.01,-0.7,70
7.82,257.005269418934,15.0037143386033,256.27672047325,0.856148649092961,-1.2,-0.01,-0.7,70
7.83,257.204447299479,15.0037143386033,256.130861535287,0.856148649092961,-1.2,-0.01,-0.7,70
7.84,257.391445023311,15.0037143386033,255.975950128765,0.856148649092961,-1.2,-0.01,-0.7,70
7.847,257.512771588013,15.9375226089298,255.863636570569,-9.30387157301907,-1.2,-0.01,-0.7,70
7.85,257.561929870112,15.9375226089298,255.814723603906,-9.30387157301907,-1.2,-0.01,-0.7,70
7.86,257.71171074744,15.9375226089298,255.649905957679,-9.30387157301907,-1.2,-0.01,-0.7,70
7.87,257.836820691816,15.9375226089298,255.486158873153,-9.30387157301907,-1.2,-0.01,-0.7,70
7.88,257.933598998028,15.9375226089298,255.329770566156,-9.30387157301907,-1.2,-0.01,-0.7,70
7.89,257.998765411517,15.9375226089298,255.186434722752,-9.30387157301907,-1.2,-0.01,-0.7,70
7.9,258.029453547191,15.9375226089298,255.060412871426,-9.30387157301907,-1.2,-0.01,-0.7,70
7.906,258.030280963323,8.69752231154363,254.994411346323,-11.4516721802842,-1.2,-0.01,-0.7,70
7.91,258.023215099681,8.69752231154363,254.954720599332,-11.4516721802842,-1.2,-0.01,-0.7,70
7.92,257.978155165479,8.69752231154363,254.871668427866,-11.4516721802842,-1.2,-0.01,-0.7,70
7.93,257.893390738831,8.69752231154363,254.813578603565,-11.4516721802842,-1.2,-0.01,-0.7,70
7.94,257.768985083031,8.69752231154363,254.782759269116,-11.4516721802842,-1.2,-0.01,-0.7,70
7.95,257.605655855235,8.69752231154363,254.780958156758,-11.4516721802842,-1.2,-0.01,-0.7,70
7.96,257.404541220306,8.69752231154363,254.809303837945,-11.4516721802842,-1.2,-0.01,-0.7,70
7.965,257.290239709114,-7.10883154237157,254.83502184934,-1.20513659726237,-1.2,-0.01,-0.7,70
7.97,257.167025613018,-7.10883154237157,254.868529061936,-1.20513659726237,-1.2,-0.01,-0.7,70
7.98,256.895030925057,-7.10883154237157,254.958003725072,-1.20513659726237,-1.2,-0.01,-0.7,70
7.99,256.591975265694,-7.10883154237157,255.074106660217,-1.20513659726237,-1.2,-0.01,-0.7,70
8,256.262542175755,-7.10883154237157,255.210848590269,-1.20513659726237,-1.2,-0.01,-0.7,70
8.01,255.912095740752,-7.10883154237157,255.362621643245,-1.20513659726237,-1.2,-0.01,-0.7,70
8.02,255.546233391308,-7.10883154237157,255.525336659381,-1.20513659726237,-1.2,-0.01,-0.7,70
8.024,255.396813811054,-23.0638159666837,255.592802699198,6.53947900513525,-1.2,-0.01,-0.7,70
8.03,255.17047259658,-23.0638159666837,255.696037984212,6.53947900513525,-1.2,-0.01,-0.7,70
8.04,254.790568640589,-23.0638159666837,255.872410039046,6.53947900513525,-1.2,-0.01,-0.7,70
8.05,254.413397520124,-23.0638159666837,256.050773708425,6.53947900513525,-1.2,-0.01,-0.7,70
8.06,254.046580566008,-23.0638159666837,256.225818860491,6.53947900513525,-1.2,-0.01,-0.7,70
8.07,253.697886157216,-23.0638159666837,256.392898240466,6.53947900513525,-1.2,-0.01,-0.7,70
8.08,253.374804141336,-23.0638159666837,256.548703751326,6.53947900513525,-1.2,-0.01,-0.7,70
8.083,253.28392821781,-5.78334382820305,256.592886099504,12.5720727505623,-1.2,-0.01,-0.7,70
8.09,253.084242089516,-5.78334382820305,256.690868690369,12.5720727505623,-1.2,-0.01,-0.7,70
8.1,252.831684972567,-5.78334382820305,256.81741571185,12.5720727505623,-1.2,-0.01,-0.7,70
8.11,252.620160477044,-5.78334382820305,256.925141171019,12.5720727505623,-1.2,-0.01,-0.7,70
8.12,252.450649104042,-5.78334382820305,257.009625961171,12.5720727505623,-1.2,-0.01,-0.7,70
8.13,252.322680958185,-5.78334382820305,257.067198153985,12.5720727505623,-1.2,-0.01,-0.7,70
8.14,252.234804737486,-5.78334382820305,257.095366573681,12.5720727505623,-1.2,-0.01,-0.7,70
8.142,252.221866003107,-1.07538335806896,257.097317278639,7.2977103950896,-1.2,-0.01,-0.7,70
8.15,252.184941045845,-1.07538335806896,257.092375862519,7.2977103950896,-1.2,-0.01,-0.7,70
8.16,252.170444225025,-1.07538335806896,257.057476844793,7.2977103950896,-1.2,-0.01,-0.7,70
8.17,252.188072331367,-1.07538335806896,256.991805648979,7.2977103950896,-1.2,-0.01,-0.7,70
8.18,252.234264952647,-1.07538335806896,256.898052695027,7.2977103950896,-1.2,-0.01,-0.7,70
8.19,252.305399330918,-1.07538335806896,256.778784282276,7.2977103950896,-1.2,-0.01,-0.7,70
8.2,252.397972814362,-1.07538335806896,256.635904338906,7.2977103950896,-1.2,-0.01,-0.7,70
8.201,252.40828122604,-1.07538335806896,256.620370067581,-4.9168612669896,-1.2,-0.01,-0.7,70
8.20600000000001,252.462438822667,-1.07538335806896,256.53946139184,-4.9168612669896,-1.2,-0.01,-0.7,70
8.21,252.50872515479,-1.07538335806896,256.470849668305,-4.9168612669896,-1.2,-0.01,-0.7,70
8.22,252.634712733211,-1.07538335806896,256.285553716356,-4.9168612669896,-1.2,-0.01,-0.7,70
8.23,252.773345774156,-1.07538335806896,256.084516528199,-4.9168612669896,-1.2,-0.01,-0.7,70
8.24,252.922397747727,-1.07538335806896,255.874565347655,-4.9168612669896,-1.2,-0.01,-0.7,70
8.25,253.079995172309,-1.07538335806896,255.662424167286,-4.9168612669896,-1.2,-0.01,-0.7,70
8.26,253.244594261988,-1.07538335806896,255.45344198925,-14.5024326221682,-1.2,-0.01,-0.7,70
8.27,253.414949596327,-1.07538335806896,255.252197767137,-14.5024326221682,-1.2,-0.01,-0.7,70
8.28,253.590078755013,-1.07538335806896,255.064354656676,-14.5024326221682,-1.2,-0.01,-0.7,70
8.29,253.76922582018,-1.07538335806896,254.896631367662,-14.5024326221682,-1.2,-0.01,-0.7,70
8.3,253.951825792746,-1.07538335806896,254.754951988085,-14.5024326221682,-1.2,-0.01,-0.7,70
8.31,254.137471284249,-1.07538335806896,254.643749961251,-14.5024326221682,-1.2,-0.01,-0.7,70
8.319,254.306922547973,-1.07538335806896,254.572326725973,-6.58120628600315,-1.2,-0.01,-0.7,70
8.32,254.32588231218,-1.07538335806896,254.566132899371,-6.58120628600315,-1.2,-0.01,-0.7,70
8.325,254.421065605814,-1.07538335806896,254.540290683669,-6.58120628600315,-1.2,-0.01,-0.7,70
8.33,254.516879625829,-1.07538335806896,254.522960214157,-6.58120628600315,-1.2,-0.01,-0.7,70
8.34,254.710361690622,-1.07538335806896,254.511747583797,-6.58120628600315,-1.2,-0.01,-0.7,70
8.35,254.906285245406,-1.07538335806896,254.527883475656,-6.58120628600315,-1.2,-0.01,-0.7,70
8.36,255.104649226642,-1.07538335806896,254.567268484797,-6.58120628600315,-1.2,-0.01,-0.7,70
8.37,255.305481741425,-1.07538335806896,254.627151669693,-6.58120628600315,-1.2,-0.01,-0.7,70
8.378,255.467956231893,5.03818721046078,254.688477598357,-1.2013860745632,-1.2,-0.01,-0.7,70
8.38,255.508829680934,5.03818721046078,254.705587382451,-1.2013860745632,-1.2,-0.01,-0.7,70
8.39,255.714675197242,5.03818721046078,254.800929486735,-1.2013860745632,-1.2,-0.01,-0.7,70
8.4,255.922512711099,5.03818721046078,254.910409734788,-1.2013860745632,-1.2,-0.01,-0.7,70
8.41,256.13125663185,5.03818721046078,255.030178547002,-1.2013860745632,-1.2,-0.01,-0.7,70
8.42,256.339458677927,5.03818721046078,255.157054412183,-1.2013860745632,-1.2,-0.01,-0.7,70
8.43,256.545486529529,5.03818721046078,255.288917087557,-1.2013860745632,-1.2,-0.01,-0.7,70
8.437,256.687509424763,15.4191792154647,255.383367096826,3.8070776243074,-1.2,-0.01,-0.7,70
8.44,256.747655122473,15.4191792154647,255.424283179278,3.8070776243074,-1.2,-0.01,-0.7,70
8.45,256.944146757912,15.4191792154647,255.561792191629,3.8070776243074,-1.2,-0.01,-0.7,70
8.46,257.132347986497,15.4191792154647,255.698914454368,3.8070776243074,-1.2,-0.01,-0.7,70
8.47,257.30883871685,15.4191792154647,255.832078092066,3.8070776243074,-1.2,-0.01,-0.7,70
8.48,257.46979143943,15.4191792154647,255.958356665228,3.8070776243074,-1.2,-0.01,-0.7,70
8.49,257.611277918597,15.4191792154647,256.075828797876,3.8070776243074,-1.2,-0.01,-0.7,70
8.496,257.685230312543,13.9855312069082,256.141506895525,9.16352735427278,-1.2,-0.01,-0.7,70
8.5,257.729485417109,13.9855312069082,256.183158994654,9.16352735427278,-1.2,-0.01,-0.7,70
8.51,257.820890153068,13.9855312069082,256.27906952598,9.16352735427278,-1.2,-0.01,-0.7,70
8.52,257.882440958258,13.9855312069082,256.36098304483,9.16352735427278,-1.2,-0.01,-0.7,70
8.53,257.911594623766,13.9855312069082,256.425184247535,9.16352735427278,-1.2,-0.01,-0.7,70
8.54,257.906274826304,13.9855312069082,256.468643612278,9.16352735427278,-1.2,-0.01,-0.7,70
8.55,257.864821368961,13.9855312069082,256.489392972846,9.16352735427278,-1.2,-0.01,-0.7,70
8.555,257.830126203222,4.04272788413086,256.490806570654,4.73271491960414,-1.2,-0.01,-0.7,70
8.56,257.785939964748,4.04272788413086,256.486067890584,4.73271491960414,-1.2,-0.01,-0.7,70
8.57,257.66891513794,4.04272788413086,256.458146593999,4.73271491960414,-1.2,-0.01,-0.7,70
8.58,257.514215830837,4.04272788413086,256.406702947519,4.73271491960414,-1.2,-0.01,-0.7,70
8.59,257.32334047107,4.04272788413086,256.334140636236,4.73271491960414,-1.2,-0.01,-0.7,70
8.6,257.098437649457,4.04272788413086,256.242768057549,4.73271491960414,-1.2,-0.01,-0.7,70
8.61,256.842011902716,4.04272788413086,256.134327934077,4.73271491960414,-1.2,-0.01,-0.7,70
8.614,256.731205925535,-12.0314476552341,256.08647927544,-4.6929351950416,-1.2,-0.01,-0.7,70
8.62,256.556715826821,-12.0314476552341,256.010151879091,-4.6929351950416,-1.2,-0.01,-0.7,70
8.63,256.245729968097,-12.0314476552341,255.872051463744,-4.6929351950416,-1.2,-0.01,-0.7,70
8.64,255.913680059063,-12.0314476552341,255.724068566294,-4.6929351950416,-1.2,-0.01,-0.7,70
8.65,255.566289021434,-12.0314476552341,255.572062282388,-4.6929351950416,-1.2,-0.01,-0.7,70
8.66,255.209786264966,-12.0314476552341,255.421451574678,-4.6929351950416,-1.2,-0.01,-0.7,70
8.67,254.850466160399,-12.0314476552341,255.276311489314,-4.6929351950416,-1.2,-0.01,-0.7,70
8.673,254.74303515742,-21.6095674814012,255.234280322816,-11.028664444005,-1.2,-0.01,-0.7,70
8.68,254.494389132817,-21.6095674814012,255.139557649197,-11.028664444005,-1.2,-0.01,-0.7,70
8.69,254.147564045445,-21.6095674814012,255.013822870692,-11.028664444005,-1.2,-0.01,-0.7,70
8.7,253.816383372478,-21.6095674814012,254.902903871783,-11.028664444005,-1.2,-0.01,-0.7,70
8.71,253.50732915573,-21.6095674814012,254.811416562015,-11.028664444005,-1.2,-0.01,-0.7,70
8.72,253.226631512741,-21.6095674814012,254.743143917973,-11.028664444005,-1.2,-0.01,-0.7,70
8.73,252.980047043606,-21.6095674814012,254.700664109507,-11.028664444005,-1.2,-0.01,-0.7,70
8.732,252.935288872143,-1.06983616149116,254.695418076447,-3.9784246252298,-1.2,-0.01,-0.7,70
8.74,252.772682162464,-1.06983616149116,254.685723085439,-3.9784246252298,-1.2,-0.01,-0.7,70
8.75,252.608003198439,-1.06983616149116,254.698511110973,-3.9784246252298,-1.2,-0.01,-0.7,70
8.76,252.48682841007,-1.06983616149116,254.736528931036,-3.9784246252298,-1.2,-0.01,-0.7,70
8.77,252.407918433259,-1.06983616149116,254.795413821858,-3.9784246252298,-1.2,-0.01,-0.7,70
8.78,252.368661694139,-1.06983616149116,254.871295069442,-3.9784246252298,-1.2,-0.01,-0.7,70
8.79,252.365604514767,-1.06983616149116,254.96152574812,-3.9784246252298,-1.2,-0.01,-0.7,70
8.791,252.367142012858,-1.06983616149116,254.971268198586,-1.19882757486806,-1.2,-0.01,-0.7,70
8.796,252.379536333419,-1.06983616149116,255.021738007994,-1.19882757486806,-1.2,-0.01,-0.7,70
8.8,252.394857348643,-1.06983616149116,255.064222924015,-1.19882757486806,-1.2,-0.01,-0.7,70
8.81,252.452399307947,-1.06983616149116,255.177893419709,-1.19882757486806,-1.2,-0.01,-0.7,70
8.82,252.534298714262,-1.06983616149116,255.300589320351,-1.19882757486806,-1.2,-0.01,-0.7,70
8.83,252.636863820108,-1.06983616149116,255.429932177002,-1.19882757486806,-1.2,-0.01,-0.7,70
8.84,252.75673754218,-1.06983616149116,255.564004690751,-1.19882757486806,-1.2,-0.01,-0.7,70
8.85,252.890948140357,-1.06983616149116,255.701522739889,7.96615086422733,-1.2,-0.01,-0.7,70
8.86,253.03692665804,-1.06983616149116,255.841045549948,7.96615086422733,-1.2,-0.01,-0.7,70
8.87,253.192500381072,-1.06983616149116,255.979056224128,7.96615086422733,-1.2,-0.01,-0.7,70
8.88,253.355869980307,-1.06983616149116,256.109986085117,7.96615086422733,-1.2,-0.01,-0.7,70
8.89,253.525576460962,-1.06983616149116,256.228922793039,7.96615086422733,-1.2,-0.01,-0.7,70
8.9,253.700462639929,-1.06983616149116,256.332454535686,7.96615086422733,-1.2,-0.01,-0.7,70
8.909,253.861543666073,-1.06983616149116,256.41043215276,8.90489455109048,-1.2,-0.01,-0.7,70
8.91,253.879632659123,-1.06983616149116,256.41815611113,8.90489455109048,-1.2,-0.01,-0.7,70
8.915,253.970605737213,-1.06983616149116,256.453768335412,8.90489455109048,-1.2,-0.01,-0.7,70
8.92,254.062412034574,-1.06983616149116,256.484305645863,8.90489455109048,-1.2,-0.01,-0.7,70
8.93,254.248309931864,-1.06983616149116,256.529410460157,8.90489455109048,-1.2,-0.01,-0.7,70
8.94,254.436984711081,-1.06983616149116,256.552106071056,8.90489455109048,-1.2,-0.01,-0.7,70
8.95,254.628213323599,-1.06983616149116,256.551379345693,8.90489455109048,-1.2,-0.01,-0.7,70
8.96,254.821864764122,-1.06983616149116,256.526564366371,8.90489455109048,-1.2,-0.01,-0.7,70
8.968,254.978487189956,-1.06983616149116,256.489063679508,1.52221131296618,-1.2,-0.01,-0.7,70
8.97,255.017877539098,-1.06983616149116,256.477218345056,1.52221131296618,-1.2,-0.01,-0.7,70
8.98,255.216240942324,-1.06983616149116,256.403724390037,1.52221131296618,-1.2,-0.01,-0.7,70
8.99,255.416979803804,-1.06983616149116,256.308639093799,1.52221131296618,-1.2,-0.01,-0.7,70
9,255.620142346574,-1.06983616149116,256.196341497186,1.52221131296618,-1.2,-0.01,-0.7,70
9.01,255.825790733907,-1.06983616149116,256.0709884264,1.52221131296618,-1.2,-0.01,-0.7,70
9.02,256.033993909038,-1.06983616149116,255.935730149651,1.52221131296618,-1.2,-0.01,-0.7,70
9.027,256.181294024761,14.3630695043684,255.836438077581,-7.93599289689219,-1.2,-0.01,-0.7,70
9.03,256.244821543991,14.3630695043684,255.792890162611,-7.93599289689219,-1.2,-0.01,-0.7,70
9.04,256.45808256654,14.3630695043684,255.644911329421,-7.93599289689219,-1.2,-0.01,-0.7,70
9.05,256.672241930613,14.3630695043684,255.496192650197,-7.93599289689219,-1.2,-0.01,-0.7,70
9.06,256.884342066714,14.3630695043684,255.352700337295,-7.93599289689219,-1.2,-0.01,-0.7,70
9.07,257.090562586115,14.3630695043684,255.219768794498,-7.93599289689219,-1.2,-0.01,-0.7,70
9.08,257.28666570142,14.3630695043684,255.101328490953,-7.93599289689219,-1.2,-0.01,-0.7,70
9.086,257.397667335034,16.239609353026,255.038415697789,-10.618172771222,-1.2,-0.01,-0.7,70
9.09,257.468323938695,16.239609353026,255.000149778077,-10.618172771222,-1.2,-0.01,-0.7,70
9.1,257.631310134854,16.239609353026,254.918430263268,-10.618172771222,-1.2,-0.01,-0.7,70
9.11,257.771520009527,16.239609353026,254.858602849648,-10.618172771222,-1.2,-0.01,-0.7,70
9.12,257.885070949643,16.239609353026,254.823240060684,-10.618172771222,-1.2,-0.01,-0.7,70
9.13,257.968413654165,16.239609353026,254.814324577322,-10.618172771222,-1.2,-0.01,-0.7,70
9.14,258.018393455044,16.239609353026,254.833141510828,-10.618172771222,-1.2,-0.01,-0.7,70
9.145,258.030000582372,10.0705349912855,254.853225099429,-1.65196627547681,-1.2,-0.01,-0.7,70
9.15,258.032275594244,10.0705349912855,254.880531954922,-1.65196627547681,-1.2,-0.01,-0.7,70
9.16,258.007906163649,10.0705349912855,254.956003501026,-1.65196627547681,-1.2,-0.01,-0.7,70
9.17,257.944094920296,10.0705349912855,255.056235351086,-1.65196627547681,-1.2,-0.01,-0.7,70
9.18,257.840510871823,10.0705349912855,255.175755751433,-1.65196627547681,-1.2,-0.01,-0.7,70
9.19,257.697431756987,10.0705349912855,255.309574657635,-1.65196627547681,-1.2,-0.01,-0.7,70
9.2,257.515543240083,10.0705349912855,255.454145111397,-1.65196627547681,-1.2,-0.01,-0.7,70
9.204,257.43212556269,-5.24081863562218,255.514394093987,5.5240668787227,-1.2,-0.01,-0.7,70
9.21,257.295794323191,-5.24081863562218,255.606921787552,5.5240668787227,-1.2,-0.01,-0.7,70
9.22,257.039784843276,-5.24081863562218,255.765819443816,5.5240668787227,-1.2,-0.01,-0.7,70
9.23,256.750641828233,-5.24081863562218,255.927361868551,5.5240668787227,-1.2,-0.01,-0.7,70
9.24,256.432698867488,-5.24081863562218,256.08656399967,5.5240668787227,-1.2,-0.01,-0.7,70
9.25,256.090942346439,-5.24081863562218,256.239141594106,5.5240668787227,-1.2,-0.01,-0.7,70
9.26,255.7305907933,-5.24081863562218,256.382112091503,5.5240668787227,-1.2,-0.01,-0.7,70
9.263,255.61963427603,-21.8250746981562,256.422806135281,11.2892540261185,-1.2,-0.01,-0.7,70
9.27,255.356812303133,-21.8250746981562,256.51335665931,11.2892540261185,-1.2,-0.01,-0.7,70
9.28,254.975186522531,-21.8250746981562,256.631065282117,11.2892540261185,-1.2,-0.01,-0.7,70
9.29,254.592544106231,-21.8250746981562,256.732200072101,11.2892540261185,-1.2,-0.01,-0.7,70
9.3,254.216493275788,-21.8250746981562,256.812552294322,11.2892540261185,-1.2,-0.01,-0.7,70
9.31,253.854814848511,-21.8250746981562,256.868645422584,11.2892540261185,-1.2,-0.01,-0.7,70
9.32,253.515030724316,-21.8250746981562,256.898145081827,11.2892540261185,-1.2,-0.01,-0.7,70
9.322,253.450327070385,-8.41572944108194,256.900709299417,6.75584483784944,-1.2,-0.01,-0.7,70
9.33,253.204085859356,-8.41572944108194,256.899412420121,6.75584483784944,-1.2,-0.01,-0.7,70
9.34,252.927563278146,-8.41572944108194,256.871728818833,6.75584483784944,-1.2,-0.01,-0.7,70
9.35,252.688950187899,-8.41572944108194,256.816050399333,6.75584483784944,-1.2,-0.01,-0.7,70
9.36,252.490011865362,-8.41572944108194,256.734705435738,6.75584483784944,-1.2,-0.01,-0.7,70
9.37,252.33125370693,-8.41572944108194,256.629908411387,6.75584483784944,-1.2,-0.01,-0.7,70
9.38,252.212291044226,-8.41572944108194,256.503294521088,6.75584483784944,-1.2,-0.01,-0.7,70
9.381,252.202549566543,-1.06413633564044,256.489478255998,-4.28556091590707,-1.2,-0.01,-0.7,70
9.386,252.159621461884,-1.06413633564044,256.417386499505,-4.28556091590707,-1.2,-0.01,-0.7,70
9.39,252.132112890629,-1.06413633564044,256.356100577058,-4.28556091590707,-1.2,-0.01,-0.7,70
9.4,252.088923796558,-1.06413633564044,256.190103852996,-4.28556091590707,-1.2,-0.01,-0.7,70
9.41,252.080005031421,-1.06413633564044,256.00956087456,-4.28556091590707,-1.2,-0.01,-0.7,70
9.42,252.102063762755,-1.06413633564044,255.820873418293,-4.28556091590707,-1.2,-0.01,-0.7,70
9.43,252.151553894874,-1.06413633564044,255.630193212918,-4.28556091590707,-1.2,-0.01,-0.7,70
9.44,252.224912193694,-1.06413633564044,255.442303597464,-13.0863854526405,-1.2,-0.01,-0.7,70
9.45,252.318724566818,-1.06413633564044,255.261373867598,-13.0863854526405,-1.2,-0.01,-0.7,70
9.46,252.42983558746,-1.06413633564044,255.09270925012,-13.0863854526405,-1.2,-0.01,-0.7,70
9.47,252.555413031827,-1.06413633564044,254.942591267084,-13.0863854526405,-1.2,-0.01,-0.7,70
9.48,252.692977888418,-1.06413633564044,254.816435895636,-13.0863854526405,-1.2,-0.01,-0.7,70
9.49,252.840408886911,-1.06413633564044,254.718204482698,-13.0863854526405,-1.2,-0.01,-0.7,70
9.499,252.980056995158,-1.06413633564044,254.655976909892,-6.44045249268373,-1.2,-0.01,-0.7,70
9.5,252.995929128258,-1.06413633564044,254.650652070303,-6.44045249268373,-1.2,-0.01,-0.7,70
9.505,253.076255573031,-1.06413633564044,254.628730037625,-6.44045249268373,-1.2,-0.01,-0.7,70
9.51,253.158080953511,-1.06413633564044,254.614623000319,-6.44045249268373,-1.2,-0.01,-0.7,70
9.52,253.325693883577,-1.06413633564044,254.608080494461,-6.44045249268373,-1.2,-0.01,-0.7,70
9.53,253.497849274645,-1.06413633564044,254.627100282766,-6.44045249268373,-1.2,-0.01,-0.7,70
9.54,253.67384434567,-1.06413633564044,254.668180712637,-6.44045249268373,-1.2,-0.01,-0.7,70
9.55,253.853157456327,-1.06413633564044,254.728955507136,-6.44045249268373,-1.2,-0.01,-0.7,70
9.558,253.998742193535,-1.06413633564044,254.790598243448,-1.19278269226755,-1.2,-0.01,-0.7,70
9.56,254.035415841729,-1.06413633564044,254.807743723038,-1.19278269226755,-1.2,-0.01,-0.7,70
9.57,254.220366532674,-1.06413633564044,254.903046125823,-1.19278269226755,-1.2,-0.01,-0.7,70
9.58,254.40785079965,-1.06413633564044,255.012191833842,-1.19278269226755,-1.2,-0.01,-0.7,70
9.59,254.597782210945,-1.06413633564044,255.131432136631,-1.19278269226755,-1.2,-0.01,-0.7,70
9.6,254.790128181621,-1.06413633564044,255.257660668248,-1.19278269226755,-1.2,-0.01,-0.7,70
9.61,254.984894778497,-1.06413633564044,255.388805770331,-1.19278269226755,-1.2,-0.01,-0.7,70
9.617,255.122688295612,0.538713465334232,255.482729874246,5.11379674957482,-1.2,-0.01,-0.7,70
9.62,255.182114383017,0.538713465334232,255.52341692538,5.11379674957482,-1.2,-0.01,-0.7,70
9.63,255.381809257996,0.538713465334232,255.660089425325,5.11379674957482,-1.2,-0.01,-0.7,70
9.64,255.583871871077,0.538713465334232,255.795916580074,5.11379674957482,-1.2,-0.01,-0.7,70
9.65,255.788051332281,0.538713465334232,255.926625313985,5.11379674957482,-1.2,-0.01,-0.7,70
9.66,255.994007446422,0.538713465334232,256.048662143089,5.11379674957482,-1.2,-0.01,-0.7,70
9.67,256.201353924319,0.538713465334232,256.159677408649,5.11379674957482,-1.2,-0.01,-0.7,70
9.676,256.326262452904,14.8071443855477,256.220285826176,9.0225089462318,-1.2,-0.01,-0.7,70
9.68,256.409687997532,14.8071443855477,256.258029014928,9.0225089462318,-1.2,-0.01,-0.7,70
9.69,256.618301538641,14.8071443855477,256.342329864541,9.0225089462318,-1.2,-0.01,-0.7,70
9.7,256.825197405924,14.8071443855477,256.410358731454,9.0225089462318,-1.2,-0.01,-0.7,70
9.71,257.027152609464,14.8071443855477,256.459150444658,9.0225089462318,-1.2,-0.01,-0.7,70
9.72,257.220239416114,14.8071443855477,256.486322608739,9.0225089462318,-1.2,-0.01,-0.7,70
9.73,257.400227788641,14.8071443855477,256.490323302269,9.0225089462318,-1.2,-0.01,-0.7,70
9.735,257.483979443167,15.6531191852967,256.483285340232,3.70849771288113,-1.2,-0.01,-0.7,70
9.74,257.562877570424,15.6531191852967,256.470082552362,3.70849771288113,-1.2,-0.01,-0.7,70
9.75,257.704117296437,15.6531191852967,256.425365354925,3.70849771288113,-1.2,-0.01,-0.7,70
9.76,257.820117276607,15.6531191852967,256.357716928114,3.70849771288113,-1.2,-0.01,-0.7,70
9.77,257.907373221569,15.6531191852967,256.270175941469,3.70849771288113,-1.2,-0.01,-0.7,70
9.78,257.962767625015,15.6531191852967,256.165644360807,3.70849771288113,-1.2,-0.01,-0.7,70
9.79,257.983593390973,15.6531191852967,256.046319860742,3.70849771288113,-1.2,-0.01,-0.7,70
9.794,257.981716000333,8.42159227689991,255.994830290198,-5.7923358335974,-1.2,-0.01,-0.7,70
9.8,257.967556148336,8.42159227689991,255.913862472505,-5.7923358335974,-1.2,-0.01,-0.7,70
9.81,257.91299089491,8.42159227689991,255.770305323443,-5.7923358335974,-1.2,-0.01,-0.7,70
9.82,257.819278012023,8.42159227689991,255.619838632963,-5.7923358335974,-1.2,-0.01,-0.7,70
9.83,257.686675844728,8.42159227689991,255.468394356546,-5.7923358335974,-1.2,-0.01,-0.7,70
9.84,257.516038240795,8.42159227689991,255.321396561731,-5.7923358335974,-1.2,-0.01,-0.7,70
9.85,257.308592878797,8.42159227689991,255.18289623628,-5.7923358335974,-1.2,-0.01,-0.7,70
9.853,257.239392815769,-7.18000953910432,255.143442550297,-11.1193952378321,-1.2,-0.01,-0.7,70
9.86,257.065794001549,-7.18000953910432,255.055776262929,-11.1193952378321,-1.2,-0.01,-0.7,70
9.87,256.789816553517,-7.18000953910432,254.942568720479,-11.1193952378321,-1.2,-0.01,-0.7,70
9.88,256.484368774851,-7.18000953910432,254.846738579624,-11.1193952378321,-1.2,-0.01,-0.7,70
9.89,256.154280023107,-7.18000953910432,254.772382296579,-11.1193952378321,-1.2,-0.01,-0.7,70
9.9,255.804947720405,-7.18000953910432,254.722792470918,-11.1193952378321,-1.2,-0.01,-0.7,70
9.91,255.441921397747,-7.18000953910432,254.700168777201,-11.1193952378321,-1.2,-0.01,-0.7,70
9.912,255.368153365055,-22.818097439984,254.699011011232,-2.89209195990765,-1.2,-0.01,-0.7,70
9.92,255.070642018329,-22.818097439984,254.70598408903,-2.89209195990765,-1.2,-0.01,-0.7,70
9.93,254.69698045276,-22.818097439984,254.740139964433,-2.89209195990765,-1.2,-0.01,-0.7,70
9.94,254.327917162236,-22.818097439984,254.799652095781,-2.89209195990765,-1.2,-0.01,-0.7,70
9.95,253.971026003979,-22.818097439984,254.879481266396,-2.89209195990765,-1.2,-0.01,-0.7,70
9.96,253.633922653617,-22.818097439984,254.975112882422,-2.89209195990765,-1.2,-0.01,-0.7,70
9.97,253.323879597914,-22.818097439984,255.083419334802,-2.89209195990765,-1.2,-0.01,-0.7,70
9.971,253.294626888977,-5.4264395224494,255.094864611224,0.049118676341263,-1.2,-0.01,-0.7,70
9.976,253.153645252796,-5.4264395224494,255.153524246586,0.049118676341263,-1.2,-0.01,-0.7,70
9.98,253.04751158643,-5.4264395224494,255.202171858784,0.049118676341263,-1.2,-0.01,-0.7,70
9.99,252.809732868114,-5.4264395224494,255.329639494959,0.049118676341263,-1.2,-0.01,-0.7,70
10,252.612996856174,-5.4264395224494,255.463666302542,0.049118676341263,-1.2,-0.01,-0.7,70
10.01,252.457844209897,-5.4264395224494,255.601668061014,0.049118676341263,-1.2,-0.01,-0.7,70
10.02,252.343475430076,-5.4264395224494,255.741572449337,0.049118676341263,-1.2,-0.01,-0.7,70
10.03,252.268199130872,-1.05851824214046,255.881990566178,9.2069959722621,-1.2,-0.01,-0.7,70
10.04,252.229753811905,-1.05851824214046,256.021425680696,9.2069959722621,-1.2,-0.01,-0.7,70
10.05,252.225317545593,-1.05851824214046,256.156336570645,9.2069959722621,-1.2,-0.01,-0.7,70
10.06,252.251557289415,-1.05851824214046,256.281135144112,9.2069959722621,-1.2,-0.01,-0.7,70
10.07,252.304911706814,-1.05851824214046,256.39088177775,9.2069959722621,-1.2,-0.01,-0.7,70
10.08,252.381820511396,-1.05851824214046,256.482129111892,9.2069959722621,-1.2,-0.01,-0.7,70
10.089,252.468363371899,-1.05851824214046,256.546380780149,8.54859784603036,-1.2,-0.01,-0.7,70
10.09,252.47888516664,-1.05851824214046,256.552422781261,8.54859784603036,-1.2,-0.01,-0.7,70
10.095,252.533984911728,-1.05851824214046,256.579183185886,8.54859784603036,-1.2,-0.01,-0.7,70
10.1,252.592973877978,-1.05851824214046,256.60014146177,8.54859784603036,-1.2,-0.01,-0.7,70
10.11,252.721282588819,-1.05851824214046,256.624393212037,8.54859784603036,-1.2,-0.01,-0.7,70
10.12,252.861362341007,-1.05851824214046,256.624830499238,8.54859784603036,-1.2,-0.01,-0.7,70
10.13,253.011121803359,-1.05851824214046,256.601302014693,8.54859784603036,-1.2,-0.01,-0.7,70
10.14,253.168812563809,-1.05851824214046,256.553725118907,8.54859784603036,-1.2,-0.01,-0.7,70
10.148,253.299703912283,-1.05851824214046,256.498332387513,0.0391907052163665,-1.2,-0.01,-0.7,70
10.15,253.333003138493,-1.05851824214046,256.482076807499,0.0391907052163665,-1.2,-0.01,-0.7,70
10.16,253.502546415097,-1.05851824214046,256.387122821166,0.0391907052163665,-1.2,-0.01,-0.7,70
10.17,253.676544107107,-1.05851824214046,256.271961652768,0.0391907052163665,-1.2,-0.01,-0.7,70
10.18,253.854310779341,-1.05851824214046,256.141651125366,0.0391907052163665,-1.2,-0.01,-0.7,70
10.19,254.03533926335,-1.05851824214046,256.001001374101,0.0391907052163665,-1.2,-0.01,-0.7,70
10.2,254.219268620576,-1.05851824214046,255.853676454921,0.0391907052163665,-1.2,-0.01,-0.7,70
10.207,254.349610846389,-1.05851824214046,255.748056253376,-9.19177221677366,-1.2,-0.01,-0.7,70
10.21,254.40585533763,-1.05851824214046,255.702355764314,-9.19177221677366,-1.2,-0.01,-0.7,70
10.22,254.594948078998,-1.05851824214046,255.54969265095,-9.19177221677366,-1.2,-0.01,-0.7,70
10.23,254.786466039417,-1.05851824214046,255.400150420967,-9.19177221677366,-1.2,-0.01,-0.7,70
10.24,254.980380786427,-1.05851824214046,255.259638156165,-9.19177221677366,-1.2,-0.01,-0.7,70
10.25,255.176701331654,-1.05851824214046,255.133372954336,-9.19177221677366,-1.2,-0.01,-0.7,70
10.26,255.375462116929,-1.05851824214046,255.025168564905,-9.19177221677366,-1.2,-0.01,-0.7,70
10.266,255.495910443433,5.42025751714685,254.970069579423,-10.0626607992887,-1.2,-0.01,-0.7,70
10.27,255.576712507313,5.42025751714685,254.937699173873,-10.0626607992887,-1.2,-0.01,-0.7,70
10.28,255.780368088267,5.42025751714685,254.872875276848,-10.0626607992887,-1.2,-0.01,-0.7,70
10.29,255.985751668529,5.42025751714685,254.832292060968,-10.0626607992887,-1.2,-0.01,-0.7,70
10.3,256.191613366337,5.42025751714685,254.817321514125,-10.0626607992887,-1.2,-0.01,-0.7,70
10.31,256.396361231633,5.42025751714685,254.828957126993,-10.0626607992887,-1.2,-0.01,-0.7,70
10.32,256.598240138158,5.42025751714685,254.867834451669,-10.0626607992887,-1.2,-0.01,-0.7,70
10.325,256.697543727845,15.2354929046774,254.897621413875,-1.1874171151646,-1.2,-0.01,-0.7,70
10.33,256.795458971405,15.2354929046774,254.934357570415,-1.1874171151646,-1.2,-0.01,-0.7,70
10.34,256.986011396106,15.2354929046774,255.027835680914,-1.1874171151646,-1.2,-0.01,-0.7,70
10.35,257.167069978034,15.2354929046774,255.144912914673,-1.1874171151646,-1.2,-0.01,-0.7,70
10.36,257.335138248941,15.2354929046774,255.280127274896,-1.1874171151646,-1.2,-0.01,-0.7,70
10.37,257.486419886605,15.2354929046774,255.428503469601,-1.1874171151646,-1.2,-0.01,-0.7,70
10.38,257.617090412954,15.2354929046774,255.586493847698,-1.1874171151646,-1.2,-0.01,-0.7,70
10.384,257.662758195052,13.5897827984458,255.651791835989,7.32785656586153,-1.2,-0.01,-0.7,70
10.39,257.723486767469,13.5897827984458,255.751550274572,7.32785656586153,-1.2,-0.01,-0.7,70
10.4,257.802283711292,13.5897827984458,255.921589989236,7.32785656586153,-1.2,-0.01,-0.7,70
10.41,257.850666783139,13.5897827984458,256.092916682637,7.32785656586153,-1.2,-0.01,-0.7,70
10.42,257.866332192595,13.5897827984458,256.259979713492,7.32785656586153,-1.2,-0.01,-0.7,70
10.43,257.847433051935,13.5897827984458,256.417830224917,7.32785656586153,-1.2,-0.01,-0.7,70
10.44,257.792521163533,13.5897827984458,256.562910356788,7.32785656586153,-1.2,-0.01,-0.7,70
10.443,257.768851572482,3.52570379659546,256.603554782141,12.029335931546,-1.2,-0.01,-0.7,70
10.45,257.700503330789,3.52570379659546,256.692664825345,12.029335931546,-1.2,-0.01,-0.7,70
10.46,257.570983329564,3.52570379659546,256.805040378111,12.029335931546,-1.2,-0.01,-0.7,70
10.47,257.404784900669,3.52570379659546,256.897128300253,12.029335931546,-1.2,-0.01,-0.7,70
10.48,257.203676546698,3.52570379659546,256.965173733251,12.029335931546,-1.2,-0.01,-0.7,70
10.49,256.970004159026,3.52570379659546,257.006136274704,12.029335931546,-1.2,-0.01,-0.7,70
10.5,256.706410196544,3.52570379659546,257.017979532056,12.029335931546,-1.2,-0.01,-0.7,70
10.502,256.650341377577,-12.3440697408755,257.016728219507,6.13604513420444,-1.2,-0.01,-0.7,70
10.51,256.415664235836,-12.3440697408755,256.999278931885,6.13604513420444,-1.2,-0.01,-0.7,70
10.52,256.101258314188,-12.3440697408755,256.949575389921,6.13604513420444,-1.2,-0.01,-0.7,70
10.53,255.768123592992,-12.3440697408755,256.870390045694,6.13604513420444,-1.2,-0.01,-0.7,70
10.54,255.422133132202,-12.3440697408755,256.76489351281,6.13604513420444,-1.2,-0.01,-0.7,70
10.55,255.069547565161,-12.3440697408755,256.636105231763,6.13604513420444,-1.2,-0.01,-0.7,70
10.56,254.716606779523,-12.3440697408755,256.486285502667,6.13604513420444,-1.2,-0.01,-0.7,70
10.561,254.681525407723,-20.6333671818866,256.470208661998,-5.90477653994642,-1.2,-0.01,-0.7,70
10.566,254.50716243629,-20.6333671818866,256.38702936971,-5.90477653994642,-1.2,-0.01,-0.7,70
10.57,254.369277983993,-20.6333671818866,256.317131829152,-5.90477653994642,-1.2,-0.01,-0.7,70
10.58,254.033517808199,-20.6333671818866,256.130748768855,-5.90477653994642,-1.2,-0.01,-0.7,70
10.59,253.715520172861,-20.6333671818866,255.931721839066,-5.90477653994642,-1.2,-0.01,-0.7,70
10.6,253.421403574805,-20.6333671818866,255.726869145369,-5.90477653994642,-1.2,-0.01,-0.7,70
10.61,253.156940130764,-20.6333671818866,255.522827864479,-5.90477653994642,-1.2,-0.01,-0.7,70
10.62,252.927387828645,-1.0530457530038,255.324837643936,-14.3833716670875,-1.2,-0.01,-0.7,70
10.63,252.737287760792,-1.0530457530038,255.13736940492,-14.3833716670875,-1.2,-0.01,-0.7,70
10.64,252.589309968948,-1.0530457530038,254.965840219937,-14.3833716670875,-1.2,-0.01,-0.7,70
10.65,252.483638425649,-1.0530457530038,254.816495422462,-14.3833716670875,-1.2,-0.01,-0.7,70
10.66,252.418644264929,-1.0530457530038,254.694670767591,-14.3833716670875,-1.2,-0.01,-0.7,70
10.67,252.391511416088,-1.0530457530038,254.604256667969,-14.3833716670875,-1.2,-0.01,-0.7,70
10.679,252.396562241533,-1.0530457530038,254.551997524589,-5.03784345869809,-1.2,-0.01,-0.7,70
10.68,252.398719797984,-1.0530457530038,254.547950507166,-5.03784345869809,-1.2,-0.01,-0.7,70
10.685,252.414002081995,-1.0530457530038,254.532830891719,-5.03784345869809,-1.2,-0.01,-0.7,70
10.69,252.436413653396,-1.0530457530038,254.526182665536,-5.03784345869809,-1.2,-0.01,-0.7,70
10.7,252.500675284412,-1.0530457530038,254.535848448929,-5.03784345869809,-1.2,-0.01,-0.7,70
10.71,252.587720442691,-1.0530457530038,254.571548870711,-5.03784345869809,-1.2,-0.01,-0.7,70
10.72,252.694029206367,-1.0530457530038,254.628453159827,-5.03784345869809,-1.2,-0.01,-0.7,70
10.73,252.816425496219,-1.0530457530038,254.703276634405,-5.03784345869809,-1.2,-0.01,-0.7,70
10.738,252.924035612102,-1.0530457530038,254.774436841097,-1.18383751368989,-1.2,-0.01,-0.7,70
10.74,252.952116627791,-1.0530457530038,254.793693811211,-1.18383751368989,-1.2,-0.01,-0.7,70
10.75,253.098703046672,-1.0530457530038,254.89788613558,-1.18383751368989,-1.2,-0.01,-0.7,70
10.76,253.254166948226,-1.0530457530038,255.013395605229,-1.18383751368989,-1.2,-0.01,-0.7,70
10.77,253.416846708258,-1.0530457530038,255.137114503731,-1.18383751368989,-1.2,-0.01,-0.7,70
10.78,253.585402800424,-1.0530457530038,255.266527915827,-1.18383751368989,-1.2,-0.01,-0.7,70
10.79,253.75877941494,-1.0530457530038,255.399956825094,-1.18383751368989,-1.2,-0.01,-0.7,70
10.797,253.882567976094,-1.0530457530038,255.495098595297,5.28433193131457,-1.2,-0.01,-0.7,70
10.8,253.936164915385,-1.0530457530038,255.536231103729,5.28433193131457,-1.2,-0.01,-0.7,70
10.81,254.116953337672,-1.0530457530038,255.674094701241,5.28433193131457,-1.2,-0.01,-0.7,70
10.82,254.300708386056,-1.0530457530038,255.810672656995,5.28433193131457,-1.2,-0.01,-0.7,70
10.83,254.487130816655,-1.0530457530038,255.941661466595,5.28433193131457,-1.2,-0.01,-0.7,70
10.84,254.676029654914,-1.0530457530038,256.063476166315,5.28433193131457,-1.2,-0.01,-0.7,70
10.85,254.867297379253,-1.0530457530038,256.173755199768,5.28433193131457,-1.2,-0.01,-0.7,70
10.856,254.983174295861,-1.0530457530038,256.233671871138,9.05959462100507,-1.2,-0.01,-0.7,70
10.86,255.060888977283,-1.0530457530038,256.270849234895,9.05959462100507,-1.2,-0.01,-0.7,70
10.87,255.256804638378,-1.0530457530038,256.353378727316,9.05959462100507,-1.2,-0.01,-0.7,70
10.88,255.455075734324,-1.0530457530038,256.419172410459,9.05959462100507,-1.2,-0.01,-0.7,70
10.89,255.655753726759,-1.0530457530038,256.46535056692,9.05959462100507,-1.2,-0.01,-0.7,70
10.9,255.858901589764,-1.0530457530038,256.489604355914,9.05959462100507,-1.2,-0.01,-0.7,70
10.91,256.064587364803,-1.0530457530038,256.49043193297,9.05959462100507,-1.2,-0.01,-0.7,70
10.915,256.168403435371,14.2114520094397,256.481723660582,3.5382381859729,-1.2,-0.01,-0.7,70
10.92,256.272873469321,14.2114520094397,256.466799661385,3.5382381859729,-1.2,-0.01,-0.7,70
10.93,256.483391351549,14.2114520094397,256.418515859421,3.5382381859729,-1.2,-0.01,-0.7,70
10.94,256.694300015296,14.2114520094397,256.347215427329,3.5382381859729,-1.2,-0.01,-0.7,70
10.95,256.902460689019,14.2114520094397,256.256070686259,3.5382381859729,-1.2,-0.01,-0.7,70
10.96,257.103979664487,14.2114520094397,256.148117014497,3.5382381859729,-1.2,-0.01,-0.7,70
10.97,257.294623907419,14.2114520094397,256.025660095894,3.5382381859729,-1.2,-0.01,-0.7,70
10.974,257.366876366975,16.0070656203515,255.973017201179,-6.04982304653887,-1.2,-0.01,-0.7,70
10.98,257.470123211333,16.0070656203515,255.890440489472,-6.04982304653887,-1.2,-0.01,-0.7,70
10.99,257.626320751904,16.0070656203515,255.744549793341,-6.04982304653887,-1.2,-0.01,-0.7,70
11,257.759196508396,16.0070656203515,255.592229718548,-6.04982304653887,-1.2,-0.01,-0.7,70
11.01,257.864980234166,16.0070656203515,255.439461288584,-6.04982304653887,-1.2,-0.01,-0.7,70
11.02,257.940249663291,16.0070656203515,255.291712615643,-6.04982304653887,-1.2,-0.01,-0.7,70
11.03,257.981981052276,16.0070656203515,255.153070646547,-6.04982304653887,-1.2,-0.01,-0.7,70
11.033,257.987559624178,9.89815025586977,255.113697003331,-11.2402572192561,-1.2,-0.01,-0.7,70
11.04,257.987573455865,9.89815025586977,255.026442824273,-11.2402572192561,-1.2,-0.01,-0.7,70
11.05,257.955080442162,9.89815025586977,254.914366558673,-11.2402572192561,-1.2,-0.01,-0.7,70
11.06,257.883530464757,9.89815025586977,254.820271252849,-11.2402572192561,-1.2,-0.01,-0.7,70
11.07,257.772749146539,9.89815025586977,254.74818665288,-11.2402572192561,-1.2,-0.01,-0.7,70
11.08,257.623119810975,9.89815025586977,254.701342538015,-11.2402572192561,-1.2,-0.01,-0.7,70
11.09,257.435393852082,9.89815025586977,254.681891664903,-11.2402572192561,-1.2,-0.01,-0.7,70
11.092,257.393360095819,-5.22699007548728,254.681416768993,-2.53024965792307,-1.2,-0.01,-0.7,70
11.1,257.21058060157,-5.22699007548728,254.691273122615,-2.53024965792307,-1.2,-0.01,-0.7,70
11.11,256.950535343763,-5.22699007548728,254.72932091625,-2.53024965792307,-1.2,-0.01,-0.7,70
11.12,256.658645937206,-5.22699007548728,254.792893068455,-2.53024965792307,-1.2,-0.01,-0.7,70
11.13,256.339371438914,-5.22699007548728,254.876711197521,-2.53024965792307,-1.2,-0.01,-0.7,70
11.14,255.997721043631,-5.22699007548728,254.976017857036,-2.53024965792307,-1.2,-0.01,-0.7,70
11.15,255.638862436072,-5.22699007548728,255.087497562738,-2.53024965792307,-1.2,-0.01,-0.7,70
11.151,255.602226528004,-21.5758506069479,255.099227590281,0.115047442423024,-1.2,-0.01,-0.7,70
11.156,255.417403133284,-21.5758506069479,255.159206792054,0.115047442423024,-1.2,-0.01,-0.7,70
11.16,255.267904060468,-21.5758506069479,255.208785030341,0.115047442423024,-1.2,-0.01,-0.7,70
11.17,254.89058401636,-21.5758506069479,255.338077525915,0.115047442423024,-1.2,-0.01,-0.7,70
11.18,254.513856700651,-21.5758506069479,255.47326568384,0.115047442423024,-1.2,-0.01,-0.7,70
11.19,254.145307561246,-21.5758506069479,255.611907465727,0.115047442423024,-1.2,-0.01,-0.7,70
11.2,253.792592843852,-21.5758506069479,255.752058841489,0.115047442423024,-1.2,-0.01,-0.7,70
11.21,253.46304587364,-8.19249038337304,255.892415692411,9.30036151084805,-1.2,-0.01,-0.7,70
11.22,253.163342727446,-8.19249038337304,256.03152363767,9.30036151084805,-1.2,-0.01,-0.7,70
11.23,252.898580671953,-8.19249038337304,256.165847680072,9.30036151084805,-1.2,-0.01,-0.7,70
11.24,252.671793917344,-8.19249038337304,256.289796456009,9.30036151084805,-1.2,-0.01,-0.7,70
11.25,252.48440630557,-8.19249038337304,256.398427329149,9.30036151084805,-1.2,-0.01,-0.7,70
11.26,252.336672491995,-8.19249038337304,256.488294312329,9.30036151084805,-1.2,-0.01,-0.7,70
11.269,252.237163370047,-1.04742988163409,256.551078681507,8.49522295991979,-1.2,-0.01,-0.7,70
11.27,252.228029971022,-1.04742988163409,256.55694453817,8.49522295991979,-1.2,-0.01,-0.7,70
11.275,252.188032694824,-1.04742988163409,256.582787980801,8.49522295991979,-1.2,-0.01,-0.7,70
11.28,252.157315230837,-1.04742988163409,256.602769926417,8.49522295991979,-1.2,-0.01,-0.7,70
11.29,252.122528212096,-1.04742988163409,256.624936135526,8.49522295991979,-1.2,-0.01,-0.7,70
11.3,252.120823035446,-1.04742988163409,256.623190325311,8.49522295991979,-1.2,-0.01,-0.7,70
11.31,252.148868869156,-1.04742988163409,256.5974624326,8.49522295991979,-1.2,-0.01,-0.7,70
11.32,252.203145899588,-1.04742988163409,256.54772600616,8.49522295991979,-1.2,-0.01,-0.7,70
11.328,252.263101697282,-1.04742988163409,256.490662522224,-0.107808817951796,-1.2,-0.01,-0.7,70
11.33,252.280161168789,-1.04742988163409,256.473998990479,-0.107808817951796,-1.2,-0.01,-0.7,70
11.34,252.376598466919,-1.04742988163409,256.377082960295,-0.107808817951796,-1.2,-0.01,-0.7,70
11.35,252.489415145706,-1.04742988163409,256.260122886576,-0.107808817951796,-1.2,-0.01,-0.7,70
11.36,252.615896906224,-1.04742988163409,256.128232893949,-0.107808817951796,-1.2,-0.01,-0.7,70
11.37,252.753680813454,-1.04742988163409,255.986278551734,-0.107808817951796,-1.2,-0.01,-0.7,70
11.38,252.90075503683,-1.04742988163409,255.837968759208,-0.107808817951796,-1.2,-0.01,-0.7,70
11.387,253.008323950565,-1.04742988163409,255.731866652804,-9.30334533808808,-1.2,-0.01,-0.7,70
11.39,253.055442477156,-1.04742988163409,255.686014196462,-9.30334533808808,-1.2,-0.01,-0.7,70
11.4,253.216374009118,-1.04742988163409,255.533086415318,-9.30334533808808,-1.2,-0.01,-0.7,70
11.41,253.382455841904,-1.04742988163409,255.383651480072,-9.30334533808808,-1.2,-0.01,-0.7,70
11.42,253.55283430556,-1.04742988163409,255.243607754539,-9.30334533808808,-1.2,-0.01,-0.7,70
11.43,253.72686053263,-1.04742988163409,255.118155656891,-9.30334533808808,-1.2,-0.01,-0.7,70
11.44,253.904056689818,-1.04742988163409,255.011093117666,-9.30334533808808,-1.2,-0.01,-0.7,70
11.446,254.011750407864,-1.04742988163409,254.956831649098,-9.86165433993269,-1.2,-0.01,-0.7,70
11.45,254.084084837813,-1.04742988163409,254.925081735986,-9.86165433993269,-1.2,-0.01,-0.7,70
11.46,254.266719041498,-1.04742988163409,254.861982474562,-9.86165433993269,-1.2,-0.01,-0.7,70
11.47,254.451820990492,-1.04742988163409,254.823240228475,-9.86165433993269,-1.2,-0.01,-0.7,70
11.48,254.639319173874,-1.04742988163409,254.810010145691,-9.86165433993269,-1.2,-0.01,-0.7,70
11.49,254.829191450545,-1.04742988163409,254.823106088151,-9.86165433993269,-1.2,-0.01,-0.7,70
11.5,255.021450764017,-1.04742988163409,254.863045476251,-9.86165433993269,-1.2,-0.01,-0.7,70
11.505,255.118486324386,0.500523657977396,254.893188005823,-1.17849066260214,-1.2,-0.01,-0.7,70
11.51,255.216133069643,0.500523657977396,254.930152515989,-1.17849066260214,-1.2,-0.01,-0.7,70
11.52,255.41324554313,0.500523657977396,255.023712593761,-1.17849066260214,-1.2,-0.01,-0.7,70
11.53,255.61265431457,0.500523657977396,255.14040748283,-1.17849066260214,-1.2,-0.01,-0.7,70
11.54,255.81409718873,0.500523657977396,255.274855540022,-1.17849066260214,-1.2,-0.01,-0.7,70
11.55,256.017234932648,0.500523657977396,255.422174899778,-1.17849066260214,-1.2,-0.01,-0.7,70
11.56,256.221690642687,0.500523657977396,255.578895564105,-1.17849066260214,-1.2,-0.01,-0.7,70
11.564,256.303755350509,14.5796603151586,255.643639411009,7.23027642223702,-1.2,-0.01,-0.7,70
11.57,256.427067225046,14.5796603151586,255.742527457241,7.23027642223702,-1.2,-0.01,-0.7,70
11.58,256.632488866844,14.5796603151586,255.911017328751,7.23027642223702,-1.2,-0.01,-0.7,70
11.59,256.83570968756,14.5796603151586,256.080694999328,7.23027642223702,-1.2,-0.01,-0.7,70
11.6,257.033380040091,14.5796603151586,256.246060023865,7.23027642223702,-1.2,-0.01,-0.7,70
11.61,257.221542888571,14.5796603151586,256.40222699839,7.23027642223702,-1.2,-0.01,-0.7,70
11.62,257.396007479316,14.5796603151586,256.545698988806,7.23027642223702,-1.2,-0.01,-0.7,70
11.623,257.445050029623,15.4282536049702,256.585882747461,11.9041066106982,-1.2,-0.01,-0.7,70
11.63,257.552617340999,15.4282536049702,256.673968004363,11.9041066106982,-1.2,-0.01,-0.7,70
11.64,257.687399794969,15.4282536049702,256.7850137197,11.9041066106982,-1.2,-0.01,-0.7,70
11.65,257.796632909389,15.4282536049702,256.875956109449,11.9041066106982,-1.2,-0.01,-0.7,70
11.66,257.87692935964,15.4282536049702,256.943070922579,11.9041066106982,-1.2,-0.01,-0.7,70
11.67,257.925289478186,15.4282536049702,256.98334337611,11.9041066106982,-1.2,-0.01,-0.7,70
11.68,257.939118991837,15.4282536049702,256.994756557768,11.9041066106982,-1.2,-0.01,-0.7,70
11.682,257.937541190934,8.32301672278194,256.993451659873,6.05053011492546,-1.2,-0.01,-0.7,70
11.69,257.916239330197,8.32301672278194,256.975900114304,6.05053011492546,-1.2,-0.01,-0.7,70
11.7,257.85519067494,8.32301672278194,256.926322771889,6.05053011492546,-1.2,-0.01,-0.7,70
11.71,257.755551898283,8.32301672278194,256.847541560906,6.05053011492546,-1.2,-0.01,-0.7,70
11.72,257.617706655606,8.32301672278194,256.742712876081,6.05053011492546,-1.2,-0.01,-0.7,70
11.73,257.442577420062,8.32301672278194,256.614841746583,6.05053011492546,-1.2,-0.01,-0.7,70
11.74,257.231418224174,8.32301672278194,256.466177522891,6.05053011492546,-1.2,-0.01,-0.7,70
11.741,257.208374800615,-7.04449193429332,256.450229044231,-5.88073833887206,-1.2,-0.01,-0.7,70
11.746,257.088024574107,-7.04449193429332,256.367725595983,-5.88073833887206,-1.2,-0.01,-0.7,70
11.75,256.985716683232,-7.04449193429332,256.298409571446,-5.88073833887206,-1.2,-0.01,-0.7,70
11.76,256.707888803138,-7.04449193429332,256.113635911238,-5.88073833887206,-1.2,-0.01,-0.7,70
11.77,256.401854343216,-7.04449193429332,255.916425752461,-5.88073833887206,-1.2,-0.01,-0.7,70
11.78,256.072517599049,-7.04449193429332,255.713561012248,-5.88073833887206,-1.2,-0.01,-0.7,70
11.79,255.725250599064,-7.04449193429332,255.511625929047,-5.88073833887206,-1.2,-0.01,-0.7,70
11.8,255.365507771879,-22.4680268325866,255.315806241419,-14.2554295758864,-1.2,-0.01,-0.7,70
11.81,254.99864460431,-22.4680268325866,255.130531800536,-14.2554295758864,-1.2,-0.01,-0.7,70
11.82,254.630657042636,-22.4680268325866,254.961177471431,-14.2554295758864,-1.2,-0.01,-0.7,70
11.83,254.268591763173,-22.4680268325866,254.813932879612,-14.2554295758864,-1.2,-0.01,-0.7,70
11.84,253.919959241731,-22.4680268325866,254.694070512281,-14.2554295758864,-1.2,-0.01,-0.7,70
11.85,253.592225170658,-22.4680268325866,254.605423229425,-14.2554295758864,-1.2,-0.01,-0.7,70
11.859,253.320988802802,-5.37842932621014,254.554551208153,-4.92181085898447,-1.2,-0.01,-0.7,70
11.86,253.292460437868,-5.37842932621014,254.550645488674,-4.92181085898447,-1.2,-0.01,-0.7,70
11.865,253.155098560027,-5.37842932621014,254.536193087142,-4.92181085898447,-1.2,-0.01,-0.7,70
11.87,253.026975164539,-5.37842932621014,254.530146350014,-4.92181085898447,-1.2,-0.01,-0.7,70
11.88,252.800134596406,-5.37842932621014,254.540817206401,-4.92181085898447,-1.2,-0.01,-0.7,70
11.89,252.613940493855,-5.37842932621014,254.577258696953,-4.92181085898447,-1.2,-0.01,-0.7,70
11.9,252.468634592259,-5.37842932621014,254.63463825613,-4.92181085898447,-1.2,-0.01,-0.7,70
11.91,252.363235315625,-5.37842932621014,254.709667298215,-4.92181085898447,-1.2,-0.01,-0.7,70
11.918,252.3064673776,-1.041896439508,254.78079553218,-1.17495714723079,-1.2,-0.01,-0.7,70
11.92,252.295957544518,-1.041896439508,254.800017057713,-1.17495714723079,-1.2,-0.01,-0.7,70
11.93,252.264485049352,-1.041896439508,254.903871248094,-1.17495714723079,-1.2,-0.01,-0.7,70
11.94,252.265927598037,-1.041896439508,255.018803420039,-1.17495714723079,-1.2,-0.01,-0.7,70
11.95,252.296938516878,-1.041896439508,255.141765587808,-1.17495714723079,-1.2,-0.01,-0.7,70
11.96,252.353994439253,-1.041896439508,255.270294448963,-1.17495714723079,-1.2,-0.01,-0.7,70
11.97,252.433607615953,-1.041896439508,255.402745235786,-1.17495714723079,-1.2,-0.01,-0.7,70
11.977,252.500978125564,-1.041896439508,255.497160085958,5.32014445034023,-1.2,-0.01,-0.7,70
11.98,252.532473004824,-1.041896439508,255.53797211961,5.32014445034023,-1.2,-0.01,-0.7,70
11.99,252.647562649903,-1.041896439508,255.674731124833,5.32014445034023,-1.2,-0.01,-0.7,70
12,252.776178838883,-1.041896439508,255.810145966448,5.32014445034023,-1.2,-0.01,-0.7,70
12.01,252.91597571672,-1.041896439508,255.939903351003,5.32014445034023,-1.2,-0.01,-0.7,70
12.02,253.064958097074,-1.041896439508,256.060408909307,5.32014445034023,-1.2,-0.01,-0.7,70
12.03,253.221464453691,-1.041896439508,256.169295241352,5.32014445034023,-1.2,-0.01,-0.7,70
12.036,253.318404305469,-1.041896439508,256.228334397488,8.97428691302565,-1.2,-0.01,-0.7,70
12.04,253.384139785564,-1.041896439508,256.264908893817,8.97428691302565,-1.2,-0.01,-0.7,70
12.05,253.551902758565,-1.041896439508,256.345875474708,8.97428691302565,-1.2,-0.01,-0.7,70
12.06,253.723910451949,-1.041896439508,256.410064930529,8.97428691302565,-1.2,-0.01,-0.7,70
12.07,253.89952306815,-1.041896439508,256.454670017194,8.97428691302565,-1.2,-0.01,-0.7,70
12.08,254.078270270469,-1.041896439508,256.477442566532,8.97428691302565,-1.2,-0.01,-0.7,70
12.09,254.259820188029,-1.041896439508,256.476920242765,8.97428691302565,-1.2,-0.01,-0.7,70
12.095,254.351573420888,-1.041896439508,256.467595400301,3.42586523876121,-1.2,-0.01,-0.7,70
12.1,254.443951686464,-1.041896439508,256.45209749538,3.42586523876121,-1.2,-0.01,-0.7,70
12.11,254.63053016977,-1.041896439508,256.402805801071,3.42586523876121,-1.2,-0.01,-0.7,70
12.12,254.819486914247,-1.041896439508,256.330705992482,3.42586523876121,-1.2,-0.01,-0.7,70
12.13,255.010801802248,-1.041896439508,256.238998578523,3.42586523876121,-1.2,-0.01,-0.7,70
12.14,255.204489180473,-1.041896439508,256.130744505717,3.42586523876121,-1.2,-0.01,-0.7,70
12.15,255.400586525525,-1.041896439508,256.008269002085,3.42586523876121,-1.2,-0.01,-0.7,70
12.154,255.479711528403,5.2252501044445,255.955700741819,-6.09955879058102,-1.2,-0.01,-0.7,70
12.16,255.599140483309,5.2252501044445,255.873326258486,-6.09955879058102,-1.2,-0.01,-0.7,70
12.17,255.799986953978,5.2252501044445,255.728014248173,-6.09955879058102,-1.2,-0.01,-0.7,70
12.18,256.002343230181,5.2252501044445,255.576567269542,-6.09955879058102,-1.2,-0.01,-0.7,70
12.19,256.204918810047,5.2252501044445,255.424942696458,-6.09955879058102,-1.2,-0.01,-0.7,70
12.2,256.406131004004,5.2252501044445,255.278575578365,-6.09955879058102,-1.2,-0.01,-0.7,70
12.21,256.604267957349,5.2252501044445,255.141520942695,-6.09955879058102,-1.2,-0.01,-0.7,70
12.213,256.662850563186,14.9910500516695,255.10265989789,-11.170141055335,-1.2,-0.01,-0.7,70
12.22,256.797592617988,14.9910500516695,255.016661363758,-11.170141055335,-1.2,-0.01,-0.7,70
12.23,256.984028002344,14.9910500516695,254.906507050203,-11.170141055335,-1.2,-0.01,-0.7,70
12.24,257.160639301795,14.9910500516695,254.814436690669,-11.170141055335,-1.2,-0.01,-0.7,70
12.25,257.323900810331,14.9910500516695,254.744411299838,-11.170141055335,-1.2,-0.01,-0.7,70
12.26,257.470044636224,14.9910500516695,254.699600024457,-11.170141055335,-1.2,-0.01,-0.7,70
12.27,257.59531296138,14.9910500516695,254.682110867048,-11.170141055335,-1.2,-0.01,-0.7,70
12.272,257.61754234901,13.4272701871607,254.682017027427,-2.39044757994425,-1.2,-0.01,-0.7,70
12.28,257.696134927403,13.4272701871607,254.693351444864,-2.39044757994425,-1.2,-0.01,-0.7,70
12.29,257.769309385458,13.4272701871607,254.733132166813,-2.39044757994425,-1.2,-0.01,-0.7,70
12.3,257.812144556393,13.4272701871607,254.798283421401,-2.39044757994425,-1.2,-0.01,-0.7,70
12.31,257.822438266219,13.4272701871607,254.883488672113,-2.39044757994425,-1.2,-0.01,-0.7,70
12.32,257.798425942729,13.4272701871607,254.98394968238,-2.39044757994425,-1.2,-0.01,-0.7,70
12.33,257.738724703424,13.4272701871607,255.096316725851,-2.39044757994425,-1.2,-0.01,-0.7,70
12.331,257.730748461524,3.5809335447566,255.108119882511,0.240073334676546,-1.2,-0.01,-0.7,70
12.336,257.685325369369,3.5809335447566,255.168419251123,0.240073334676546,-1.2,-0.01,-0.7,70
12.34,257.64231585136,3.5809335447566,255.218199048381,0.240073334676546,-1.2,-0.01,-0.7,70
12.35,257.509007750008,3.5809335447566,255.347777299498,0.240073334676546,-1.2,-0.01,-0.7,70
12.36,257.339800630267,3.5809335447566,255.482935208199,0.240073334676546,-1.2,-0.01,-0.7,70
12.37,257.136544243446,3.5809335447566,255.621230998194,0.240073334676546,-1.2,-0.01,-0.7,70
12.38,256.9015956027,3.5809335447566,255.760722388416,0.240073334676546,-1.2,-0.01,-0.7,70
12.39,256.637558811127,-12.0424529625711,255.900106248743,9.30419091071373,-1.2,-0.01,-0.7,70
12.4,256.347186383661,-12.0424529625711,256.037929590047,9.30419091071373,-1.2,-0.01,-0.7,70
12.41,256.034168569464,-12.0424529625711,256.170675767116,9.30419091071373,-1.2,-0.01,-0.7,70
12.42,255.703575740655,-12.0424529625711,256.292799585585,9.30419091071373,-1.2,-0.01,-0.7,70
12.43,255.36128653643,-12.0424529625711,256.399414679385,9.30419091071373,-1.2,-0.01,-0.7,70
12.44,255.01347283056,-12.0424529625711,256.487123781024,9.30419091071373,-1.2,-0.01,-0.7,70
12.449,254.700755977128,-20.4651745374288,256.547875224645,8.37099096092064,-1.2,-0.01,-0.7,70
12.45,254.666223857655,-20.4651745374288,256.553510705909,8.37099096092064,-1.2,-0.01,-0.7,70
12.455,254.494632458289,-20.4651745374288,256.578194133797,8.37099096092064,-1.2,-0.01,-0.7,70
12.46,254.325361397315,-20.4651745374288,256.597004283967,8.37099096092064,-1.2,-0.01,-0.7,70
12.47,253.99681919073,-20.4651745374288,256.616838114693,8.37099096092064,-1.2,-0.01,-0.7,70
12.48,253.686750298439,-20.4651745374288,256.612854249259,8.37099096092064,-1.2,-0.01,-0.7,70
12.49,253.401189388446,-20.4651745374288,256.585062496272,8.37099096092064,-1.2,-0.01,-0.7,70
12.5,253.145799634782,-20.4651745374288,256.533491963599,8.37099096092064,-1.2,-0.01,-0.7,70
12.508,252.966683438293,-1.03651067659718,256.475154371181,-0.263545233067515,-1.2,-0.01,-0.7,70
12.51,252.925718344583,-1.03651067659718,256.458200957712,-0.263545233067515,-1.2,-0.01,-0.7,70
12.52,252.745247214089,-1.03651067659718,256.360023101896,-0.263545233067515,-1.2,-0.01,-0.7,70
12.53,252.606557749913,-1.03651067659718,256.242134656459,-0.263545233067515,-1.2,-0.01,-0.7,70
12.54,252.509448769315,-1.03651067659718,256.109678376896,-0.263545233067515,-1.2,-0.01,-0.7,70
12.55,252.452053828883,-1.03651067659718,255.967542807764,-0.263545233067515,-1.2,-0.01,-0.7,70
12.56,252.43143123614,-1.03651067659718,255.819452590886,-0.263545233067515,-1.2,-0.01,-0.7,70
12.567,252.436981579341,-1.03651067659718,255.713747816533,-9.34721005975416,-1.2,-0.01,-0.7,70
12.57,252.444019048295,-1.03651067659718,255.668127672734,-9.34721005975416,-1.2,-0.01,-0.7,70
12.58,252.485980420873,-1.03651067659718,255.51624059692,-9.34721005975416,-1.2,-0.01,-0.7,70
12.59,252.553458765697,-1.03651067659718,255.368236765079,-9.34721005975416,-1.2,-0.01,-0.7,70
12.6,252.64275769909,-1.03651067659718,255.22996914235,-9.34721005975416,-1.2,-0.01,-0.7,70
12.61,252.750460019377,-1.03651067659718,255.10658170182,-9.34721005975416,-1.2,-0.01,-0.7,70
12.62,252.873497999094,-1.03651067659718,255.001820300283,-9.34721005975416,-1.2,-0.01,-0.7,70
12.626,252.953548561507,-1.03651067659718,254.949035968872,-9.6378436727677,-1.2,-0.01,-0.7,70
12.63,253.009186224324,-1.03651067659718,254.918306765324,-9.6378436727677,-1.2,-0.01,-0.7,70
12.64,253.155226697711,-1.03651067659718,254.857838297388,-9.6378436727677,-1.2,-0.01,-0.7,70
12.65,253.309694525031,-1.03651067659718,254.8217153982,-9.6378436727677,-1.2,-0.01,-0.7,70
12.66,253.471010719181,-1.03651067659718,254.810895693869,-9.6378436727677,-1.2,-0.01,-0.7,70
12.67,253.637907484418,-1.03651067659718,254.826030568948,-9.6378436727677,-1.2,-0.01,-0.7,70
12.68,253.809389909644,-1.03651067659718,254.867530269164,-9.6378436727677,-1.2,-0.01,-0.7,70
12.685,253.896604836651,-1.03651067659718,254.898249739986,-1.16964923933122,-1.2,-0.01,-0.7,70
12.69,253.984696982027,-1.03651067659718,254.935646390194,-1.16964923933122,-1.2,-0.01,-0.7,70
12.7,254.163263947353,-1.03651067659718,255.029645079266,-1.16964923933122,-1.2,-0.01,-0.7,70
12.71,254.344687333908,-1.03651067659718,255.146252809414,-1.16964923933122,-1.2,-0.01,-0.7,70
12.72,254.528693432043,-1.03651067659718,255.280180238881,-1.16964923933122,-1.2,-0.01,-0.7,70
12.73,254.715110602074,-1.03651067659718,255.426651221275,-1.16964923933122,-1.2,-0.01,-0.7,70
12.74,254.903845494566,-1.03651067659718,255.582283202162,-1.16964923933122,-1.2,-0.01,-0.7,70
12.744,254.979978999717,-1.03651067659718,255.646539301488,7.2770031943521,-1.2,-0.01,-0.7,70
12.75,255.094863058305,-1.03651067659718,255.744651382003,7.2770031943521,-1.2,-0.01,-0.7,70
12.76,255.288170082181,-1.03651067659718,255.911738017097,7.2770031943521,-1.2,-0.01,-0.7,70
12.77,255.483801915965,-1.03651067659718,256.07988160387,7.2770031943521,-1.2,-0.01,-0.7,70
12.78,255.681812008152,-1.03651067659718,256.24357742919,7.2770031943521,-1.2,-0.01,-0.7,70
12.79,255.882263854735,-1.03651067659718,256.397935030532,7.2770031943521,-1.2,-0.01,-0.7,70
12.8,256.085224984234,-1.03651067659718,256.539456851828,7.2770031943521,-1.2,-0.01,-0.7,70
12.803,256.146612748453,13.9433046879362,256.579028092341,11.7889922618121,-1.2,-0.01,-0.7,70
12.81,256.290740288874,13.9433046879362,256.665635018534,11.7889922618121,-1.2,-0.01,-0.7,70
12.82,256.4982194384,13.9433046879362,256.774456570366,11.7889922618121,-1.2,-0.01,-0.7,70
12.83,256.705555569574,13.9433046879362,256.863091545016,11.7889922618121,-1.2,-0.01,-0.7,70
12.84,256.909482068403,13.9433046879362,256.927908495331,11.7889922618121,-1.2,-0.01,-0.7,70
12.85,257.106082688589,13.9433046879362,256.96597585339,11.7889922618121,-1.2,-0.01,-0.7,70
12.86,257.291175673857,13.9433046879362,256.975335178507,11.7889922618121,-1.2,-0.01,-0.7,70
12.862,257.326443845973,15.7538945123687,256.973641349573,5.88188566937391,-1.2,-0.01,-0.7,70
12.87,257.460587413609,15.7538945123687,256.954618346477,5.88188566937391,-1.2,-0.01,-0.7,70
12.88,257.610258478622,15.7538945123687,256.903409364547,5.88188566937391,-1.2,-0.01,-0.7,70
12.89,257.736273942289,15.7538945123687,256.823266566412,5.88188566937391,-1.2,-0.01,-0.7,70
12.9,257.834983592831,15.7538945123687,256.717394117128,5.88188566937391,-1.2,-0.01,-0.7,70
12.91,257.9030897851,15.7538945123687,256.58884201276,5.88188566937391,-1.2,-0.01,-0.7,70
12.92,257.937690541144,15.7538945123687,256.439895197437,5.88188566937391,-1.2,-0.01,-0.7,70
12.921,257.939208247542,9.76267444414549,256.423941311321,-5.98030699320401,-1.2,-0.01,-0.7,70
12.926,257.941315787961,9.76267444414549,256.34147603779,-5.98030699320401,-1.2,-0.01,-0.7,70
12.93,257.936313457012,9.76267444414549,256.27226880742,-5.98030699320401,-1.2,-0.01,-0.7,70
12.94,257.897217027779,9.76267444414549,256.08807681962,-5.98030699320401,-1.2,-0.01,-0.7,70
12.95,257.819612642708,9.76267444414549,255.891889825172,-5.98030699320401,-1.2,-0.01,-0.7,70
12.96,257.703444661992,9.76267444414549,255.690471377805,-5.98030699320401,-1.2,-0.01,-0.7,70
12.97,257.549165547682,9.76267444414549,255.490371379935,-5.98030699320401,-1.2,-0.01,-0.7,70
12.98,257.357558519945,-5.10458618789797,255.29673870827,-14.183835336576,-1.2,-0.01,-0.7,70
12.99,257.129688306083,-5.10458618789797,255.113971305687,-14.183835336576,-1.2,-0.01,-0.7,70
13,256.867666344767,-5.10458618789797,254.947394146274,-14.183835336576,-1.2,-0.01,-0.7,70
13.01,256.575076713318,-5.10458618789797,254.803116203647,-14.183835336576,-1.2,-0.01,-0.7,70
13.02,256.256443595941,-5.10458618789797,254.686316159141,-14.183835336576,-1.2,-0.01,-0.7,70
13.03,255.916745856794,-5.10458618789797,254.600742192133,-14.183835336576,-1.2,-0.01,-0.7,70
13.039,255.597201575595,-21.200285455262,254.552592511231,-4.68678524714174,-1.2,-0.01,-0.7,70
13.04,255.561054771008,-21.200285455262,254.548985310611,-4.68678524714174,-1.2,-0.01,-0.7,70
13.045,255.378769157098,-21.200285455262,254.536006738949,-4.68678524714174,-1.2,-0.01,-0.7,70
13.05,255.194416623359,-21.200285455262,254.531400266248,-4.68678524714174,-1.2,-0.01,-0.7,70
13.06,254.822720640641,-21.200285455262,254.544813727235,-4.68678524714174,-1.2,-0.01,-0.7,70
13.07,254.452982325613,-21.200285455262,254.583742790519,-4.68678524714174,-1.2,-0.01,-0.7,70
13.08,254.092715437637,-21.200285455262,254.643269401213,-4.68678524714174,-1.2,-0.01,-0.7,70
13.09,253.749415825189,-21.200285455262,254.720036753652,-4.68678524714174,-1.2,-0.01,-0.7,70
13.098,253.491796277863,-8.11642655419889,254.792227216848,-1.16615650496105,-1.2,-0.01,-0.7,70
13.1,253.430203468712,-8.11642655419889,254.811666391986,-1.16615650496105,-1.2,-0.01,-0.7,70
13.11,253.141437650153,-8.11642655419889,254.916320209366,-1.16615650496105,-1.2,-0.01,-0.7,70
13.12,252.887727878934,-8.11642655419889,255.031623090886,-1.16615650496105,-1.2,-0.01,-0.7,70
13.13,252.671722233183,-8.11642655419889,255.154643260144,-1.16615650496105,-1.2,-0.01,-0.7,70
13.14,252.494582363397,-8.11642655419889,255.283019504185,-1.16615650496105,-1.2,-0.01,-0.7,70
13.15,252.356396578937,-8.11642655419889,255.415174176966,-1.16615650496105,-1.2,-0.01,-0.7,70
13.157,252.282514809874,-1.03098413188405,255.509322698909,5.48784241569819,-1.2,-0.01,-0.7,70
13.16,252.256508695869,-1.03098413188405,255.550009032225,5.48784241569819,-1.2,-0.01,-0.7,70
13.17,252.193661741578,-1.03098413188405,255.686298098876,5.48784241569819,-1.2,-0.01,-0.7,70
13.18,252.165713776836,-1.03098413188405,255.821132135445,5.48784241569819,-1.2,-0.01,-0.7,70
13.19,252.16974911852,-1.03098413188405,255.950123061961,5.48784241569819,-1.2,-0.01,-0.7,70
13.2,252.202435092262,-1.03098413188405,256.069605986561,5.48784241569819,-1.2,-0.01,-0.7,70
13.21,252.260297844526,-1.03098413188405,256.177164801856,5.48784241569819,-1.2,-0.01,-0.7,70
13.216,252.305672602833,-1.03098413188405,256.235245991506,8.92908841943924,-1.2,-0.01,-0.7,70
13.22,252.339921893567,-1.03098413188405,256.271111028596,8.92908841943924,-1.2,-0.01,-0.7,70
13.23,252.438087062272,-1.03098413188405,256.350061213942,8.92908841943924,-1.2,-0.01,-0.7,70
13.24,252.551855317483,-1.03098413188405,256.411945992652,8.92908841943924,-1.2,-0.01,-0.7,70
13.25,252.678618132531,-1.03098413188405,256.454077257317,8.92908841943924,-1.2,-0.01,-0.7,70
13.26,252.816114276163,-1.03098413188405,256.474307475133,8.92908841943924,-1.2,-0.01,-0.7,70
13.27,252.962426112221,-1.03098413188405,256.471239025992,8.92908841943924,-1.2,-0.01,-0.7,70
13.275,253.038378288312,-1.03098413188405,256.460654600048,3.26199773401155,-1.2,-0.01,-0.7,70
13.28,253.115961198292,-1.03098413188405,256.443912150249,3.26199773401155,-1.2,-0.01,-0.7,70
13.29,253.275424576035,-1.03098413188405,256.392201626369,3.26199773401155,-1.2,-0.01,-0.7,70
13.3,253.439785965342,-1.03098413188405,256.317834478397,3.26199773401155,-1.2,-0.01,-0.7,70
13.31,253.608244933279,-1.03098413188405,256.224097122668,3.26199773401155,-1.2,-0.01,-0.7,70
13.32,253.780196315903,-1.03098413188405,256.114130888911,3.26199773401155,-1.2,-0.01,-0.7,70
13.33,253.955197400938,-1.03098413188405,255.990322495513,3.26199773401155,-1.2,-0.01,-0.7,70
13.334,254.025978419634,-1.03098413188405,255.937337350907,-6.2483093207566,-1.2,-0.01,-0.7,70
13.34,254.132937838789,-1.03098413188405,255.854469630379,-6.2483093207566,-1.2,-0.01,-0.7,70
13.35,254.3132128239,-1.03098413188405,255.708697416954,-6.2483093207566,-1.2,-0.01,-0.7,70
13.36,254.495899750552,-1.03098413188405,255.557252642295,-6.2483093207566,-1.2,-0.01,-0.7,70
13.37,254.680938350441,-1.03098413188405,255.40609052393,-6.2483093207566,-1.2,-0.01,-0.7,70
13.38,254.868314131648,-1.03098413188405,255.260633366423,-6.2483093207566,-1.2,-0.01,-0.7,70
13.39,255.058044857225,-1.03098413188405,255.124921268932,-6.2483093207566,-1.2,-0.01,-0.7,70
13.393,255.115428746109,0.47702396135111,255.086545413042,-11.153999534225,-1.2,-0.01,-0.7,70
13.4,255.250167490353,0.47702396135111,255.00182382396,-11.153999534225,-1.2,-0.01,-0.7,70
13.41,255.444668391584,0.47702396135111,254.89382800119,-11.153999534225,-1.2,-0.01,-0.7,70
13.42,255.641388380749,0.47702396135111,254.804250561712,-11.153999534225,-1.2,-0.01,-0.7,70
13.43,255.840053992365,0.47702396135111,254.736961535922,-11.153999534225,-1.2,-0.01,-0.7,70
13.44,256.040325324639,0.47702396135111,254.695049036622,-11.153999534225,-1.2,-0.01,-0.7,70
13.45,256.241832153005,0.47702396135111,254.680561694419,-11.153999534225,-1.2,-0.01,-0.7,70
13.452,256.282248686464,14.3514088058171,254.681076918823,-2.19047131762817,-1.2,-0.01,-0.7,70
13.46,256.444165208594,14.3514088058171,254.694865252879,-2.19047131762817,-1.2,-0.01,-0.7,70
13.47,256.64623615818,14.3514088058171,254.737730536975,-2.19047131762817,-1.2,-0.01,-0.7,70
13.48,256.845574362029,14.3514088058171,254.805926177559,-2.19047131762817,-1.2,-0.01,-0.7,70
13.49,257.03872792955,14.3514088058171,254.894044548297,-2.19047131762817,-1.2,-0.01,-0.7,70
13.5,257.221728604853,14.3514088058171,254.997189675473,-2.19047131762817,-1.2,-0.01,-0.7,70
13.51,257.390437749043,14.3514088058171,255.111931343312,-2.19047131762817,-1.2,-0.01,-0.7,70
13.511,257.406364566286,15.1944460430307,255.123952785264,0.455708275776869,-1.2,-0.01,-0.7,70
13.516,257.483104520964,15.1944460430307,255.18528448615,0.455708275776869,-1.2,-0.01,-0.7,70
13.52,257.540789984555,15.1944460430307,255.235819236202,0.455708275776869,-1.2,-0.01,-0.7,70
13.53,257.668914499377,15.1944460430307,255.366992595769,0.455708275776869,-1.2,-0.01,-0.7,70
13.54,257.77120228327,15.1944460430307,255.503302205326,0.455708275776869,-1.2,-0.01,-0.7,70
13.55,257.844386786031,15.1944460430307,255.642277021142,0.455708275776869,-1.2,-0.01,-0.7,70
13.56,257.88558872149,15.1944460430307,255.781953320097,0.455708275776869,-1.2,-0.01,-0.7,70
13.57,257.892328213258,8.20772449661432,255.921013240492,9.3982771571491,-1.2,-0.01,-0.7,70
13.58,257.862555424932,8.20772449661432,256.057997056551,9.3982771571491,-1.2,-0.01,-0.7,70
13.59,257.795030392512,8.20772449661432,256.189403895803,9.3982771571491,-1.2,-0.01,-0.7,70
13.6,257.689516669421,8.20772449661432,256.309732934694,9.3982771571491,-1.2,-0.01,-0.7,70
13.61,257.546513164926,8.20772449661432,256.414150713048,9.3982771571491,-1.2,-0.01,-0.7,70
13.62,257.367004627746,8.20772449661432,256.499303965417,9.3982771571491,-1.2,-0.01,-0.7,70
13.629,257.175286913922,-6.92395862989152,256.557476033113,8.25717990907165,-1.2,-0.01,-0.7,70
13.63,257.15226791619,-6.92395862989152,256.562809317959,8.25717990907165,-1.2,-0.01,-0.7,70
13.635,257.03214280787,-6.92395862989152,256.585941632715,8.25717990907165,-1.2,-0.01,-0.7,70
13.64,256.903855356611,-6.92395862989152,256.603136006754,8.25717990907165,-1.2,-0.01,-0.7,70
13.65,256.62444721335,-6.92395862989152,256.619613899937,8.25717990907165,-1.2,-0.01,-0.7,70
13.66,256.318143740821,-6.92395862989152,256.6122289122,8.25717990907165,-1.2,-0.01,-0.7,70
13.67,255.989901485847,-6.92395862989152,256.581113481273,8.25717990907165,-1.2,-0.01,-0.7,70
13.68,255.64505183435,-6.92395862989152,256.526382082679,8.25717990907165,-1.2,-0.01,-0.7,70
13.688,255.360816293913,-22.1203878270225,256.465675708399,-0.4924714364109,-1.2,-0.01,-0.7,70
13.69,255.288945021238,-22.1203878270225,256.448155095319,-0.4924714364109,-1.2,-0.01,-0.7,70
13.7,254.926886772626,-22.1203878270225,256.347318587749,-0.4924714364109,-1.2,-0.01,-0.7,70
13.71,254.565009956397,-22.1203878270225,256.227111819924,-0.4924714364109,-1.2,-0.01,-0.7,70
13.72,254.210394006124,-22.1203878270225,256.092749059514,-0.4924714364109,-1.2,-0.01,-0.7,70
13.73,253.870462447294,-22.1203878270225,255.949186007049,-0.4924714364109,-1.2,-0.01,-0.7,70
13.74,253.552515683346,-22.1203878270225,255.800199842624,-0.4924714364109,-1.2,-0.01,-0.7,70
13.747,253.346731825097,-5.30640825627433,255.694203826545,-9.48127277642867,-1.2,-0.01,-0.7,70
13.75,253.263413415589,-5.30640825627433,255.6485460736,-9.48127277642867,-1.2,-0.01,-0.7,70
13.76,253.009107865075,-5.30640825627433,255.496915379129,-9.48127277642867,-1.2,-0.01,-0.7,70
13.77,252.793410959407,-5.30640825627433,255.349744262453,-9.48127277642867,-1.2,-0.01,-0.7,70
13.78,252.617904749658,-5.30640825627433,255.212850369715,-9.48127277642867,-1.2,-0.01,-0.7,70
13.79,252.482553236034,-5.30640825627433,255.091331076534,-9.48127277642867,-1.2,-0.01,-0.7,70
13.8,252.386205946724,-5.30640825627433,254.988889120579,-9.48127277642867,-1.2,-0.01,-0.7,70
13.806,252.346361405633,-1.02553697256628,254.937698776066,-9.39716814877967,-1.2,-0.01,-0.7,70
13.81,252.326990674238,-1.02553697256628,254.908112964412,-9.39716814877967,-1.2,-0.01,-0.7,70
13.82,252.302525578473,-1.02553697256628,254.85072547556,-9.39716814877967,-1.2,-0.01,-0.7,70
13.83,252.309854446791,-1.02553697256628,254.817833274294,-9.39716814877967,-1.2,-0.01,-0.7,70
13.84,252.34562666217,-1.02553697256628,254.810120752494,-9.39716814877967,-1.2,-0.01,-0.7,70
13.85,252.406364495454,-1.02553697256628,254.828012409773,-9.39716814877967,-1.2,-0.01,-0.7,70
13.86,252.488658600024,-1.02553697256628,254.87176805319,-9.39716814877967,-1.2,-0.01,-0.7,70
13.865,252.536876508796,-1.02553697256628,254.903394157905,-1.1608515626486,-1.2,-0.01,-0.7,70
13.87,252.589301726489,-1.02553697256628,254.941536674101,-1.1608515626486,-1.2,-0.01,-0.7,70
13.88,252.705372774315,-1.02553697256628,255.03655226299,-1.1608515626486,-1.2,-0.01,-0.7,70
13.89,252.834282282901,-1.02553697256628,255.153588163429,-1.1608515626486,-1.2,-0.01,-0.7,70
13.9,252.973788627905,-1.02553697256628,255.28745692888,-1.1608515626486,-1.2,-0.01,-0.7,70
13.91,253.121993261005,-1.02553697256628,255.433499448166,-1.1608515626486,-1.2,-0.01,-0.7,70
13.92,253.277321586638,-1.02553697256628,255.588429858077,-1.1608515626486,-1.2,-0.01,-0.7,70
13.924,253.341151902724,-1.02553697256628,255.652345480903,7.36165516074059,-1.2,-0.01,-0.7,70
13.93,253.438494822756,-1.02553697256628,255.749895632973,7.36165516074059,-1.2,-0.01,-0.7,70
13.94,253.604496951927,-1.02553697256628,255.915918909035,7.36165516074059,-1.2,-0.01,-0.7,70
13.95,253.774539842717,-1.02553697256628,256.082843556554,7.36165516074059,-1.2,-0.01,-0.7,70
13.96,253.948028708049,-1.02553697256628,256.245147537469,7.36165516074059,-1.2,-0.01,-0.7,70
13.97,254.124529409993,-1.02553697256628,256.397919428705,7.36165516074059,-1.2,-0.01,-0.7,70
13.98,254.303738537685,-1.02553697256628,256.537647536201,7.36165516074059,-1.2,-0.01,-0.7,70
13.983,254.357997314321,-1.02553697256628,256.576638551166,11.6976885518128,-1.2,-0.01,-0.7,70
13.99,254.485456773779,-1.02553697256628,256.661813893227,11.6976885518128,-1.2,-0.01,-0.7,70
14,254.669565756436,-1.02553697256628,256.768407259864,11.6976885518128,-1.2,-0.01,-0.7,70
14.01,254.85600840134,-1.02553697256628,256.854649131015,11.6976885518128,-1.2,-0.01,-0.7,70
14.02,255.044772526768,-1.02553697256628,256.91700725626,11.6976885518128,-1.2,-0.01,-0.7,70
14.03,255.235877496736,-1.02553697256628,256.952638790053,11.6976885518128,-1.2,-0.01,-0.7,70
14.04,255.429363561581,-1.02553697256628,256.959647020277,11.6976885518128,-1.2,-0.01,-0.7,70
14.042,255.468351010293,5.09319114156693,256.957497035337,5.70811996201725,-1.2,-0.01,-0.7,70
14.05,255.625268097533,5.09319114156693,256.936708328407,5.70811996201725,-1.2,-0.01,-0.7,70
14.06,255.823328982719,5.09319114156693,256.883445773111,5.70811996201725,-1.2,-0.01,-0.7,70
14.07,256.022664420077,5.09319114156693,256.801469311566,5.70811996201725,-1.2,-0.01,-0.7,70
14.08,256.22194280718,5.09319114156693,256.694047162989,5.70811996201725,-1.2,-0.01,-0.7,70
14.09,256.419582972663,5.09319114156693,256.564290469992,5.70811996201725,-1.2,-0.01,-0.7,70
14.1,256.613903934548,5.09319114156693,256.414532662187,5.70811996201725,-1.2,-0.01,-0.7,70
14.101,256.633088553453,14.7533656222661,256.398520611304,-6.11208048021989,-1.2,-0.01,-0.7,70
14.106,256.728200848258,14.7533656222661,256.315831020711,-6.11208048021989,-1.2,-0.01,-0.7,70
14.11,256.803194162251,14.7533656222661,256.246524144824,-6.11208048021989,-1.2,-0.01,-0.7,70
14.12,256.985265057325,14.7533656222661,256.062401403625,-6.11208048021989,-1.2,-0.01,-0.7,70
14.13,257.157083510443,14.7533656222661,255.866743326781,-6.11208048021989,-1.2,-0.01,-0.7,70
14.14,257.315106657306,14.7533656222661,255.666305263328,-6.11208048021989,-1.2,-0.01,-0.7,70
14.15,257.455606478433,14.7533656222661,255.467615955181,-6.11208048021989,-1.2,-0.01,-0.7,70
14.16,257.574902273917,13.2396466957229,255.275800425788,-14.1470048814089,-1.2,-0.01,-0.7,70
14.17,257.669527266636,13.2396466957229,255.095233487516,-14.1470048814089,-1.2,-0.01,-0.7,70
14.18,257.736415833138,13.2396466957229,254.931194932731,-14.1470048814089,-1.2,-0.01,-0.7,70
14.19,257.773005687775,13.2396466957229,254.789716379789,-14.1470048814089,-1.2,-0.01,-0.7,70
14.2,257.777205592414,13.2396466957229,254.675886790595,-14.1470048814089,-1.2,-0.01,-0.7,70
14.21,257.747344058146,13.2396466957229,254.593373916038,-14.1470048814089,-1.2,-0.01,-0.7,70
14.219,257.690259819929,3.57418270402405,254.548006325329,-4.42960213096108,-1.2,-0.01,-0.7,70
14.22,257.682114785197,3.57418270402405,254.544708491099,-4.42960213096108,-1.2,-0.01,-0.7,70
14.225,257.635923099253,3.57418270402405,254.533269180606,-4.42960213096108,-1.2,-0.01,-0.7,70
14.23,257.580605351854,3.57418270402405,254.530186582241,-4.42960213096108,-1.2,-0.01,-0.7,70
14.24,257.44285418682,3.57418270402405,254.546555026859,-4.42960213096108,-1.2,-0.01,-0.7,70
14.25,257.270031378546,3.57418270402405,254.588224371499,-4.42960213096108,-1.2,-0.01,-0.7,70
14.26,257.064068692567,3.57418270402405,254.650165621153,-4.42960213096108,-1.2,-0.01,-0.7,70
14.27,256.827340454564,3.57418270402405,254.728933087619,-4.42960213096108,-1.2,-0.01,-0.7,70
14.278,256.617535418216,-11.8073868401224,254.802380660321,-1.15739368940695,-1.2,-0.01,-0.7,70
14.28,256.562422263145,-11.8073868401224,254.822083482699,-1.15739368940695,-1.2,-0.01,-0.7,70
14.29,256.272101565552,-11.8073868401224,254.927748232796,-1.15739368940695,-1.2,-0.01,-0.7,70
14.3,255.960293396825,-11.8073868401224,255.043605437606,-1.15739368940695,-1.2,-0.01,-0.7,70
14.31,255.632187974932,-11.8073868401224,255.166849440402,-1.15739368940695,-1.2,-0.01,-0.7,70
14.32,255.293658760049,-11.8073868401224,255.295230079546,-1.15739368940695,-1.2,-0.01,-0.7,70
14.33,254.95078472502,-11.8073868401224,255.427242637303,-1.15739368940695,-1.2,-0.01,-0.7,70
14.337,254.71138142288,-20.2113345139112,255.521233128799,5.65220793225822,-1.2,-0.01,-0.7,70
14.34,254.609505610111,-20.2113345139112,255.561840584471,5.65220793225822,-1.2,-0.01,-0.7,70
14.35,254.275527725365,-20.2113345139112,255.697817906311,5.65220793225822,-1.2,-0.01,-0.7,70
14.36,253.954764583243,-20.2113345139112,255.832234078691,5.65220793225822,-1.2,-0.01,-0.7,70
14.37,253.653296825309,-20.2113345139112,255.960628650777,5.65220793225822,-1.2,-0.01,-0.7,70
14.38,253.377037319506,-20.2113345139112,256.079267612564,5.65220793225822,-1.2,-0.01,-0.7,70
14.39,253.13149996211,-20.2113345139112,256.18568667127,5.65220793225822,-1.2,-0.01,-0.7,70
14.396,253.001019391893,-1.02023633169156,256.242927041501,8.8968964386474,-1.2,-0.01,-0.7,70
14.4,252.92165887123,-1.02023633169156,256.27816260976,8.8968964386474,-1.2,-0.01,-0.7,70
14.41,252.751477587828,-1.02023633169156,256.35530207952,8.8968964386474,-1.2,-0.01,-0.7,70
14.42,252.622605231482,-1.02023633169156,256.415091190525,8.8968964386474,-1.2,-0.01,-0.7,70
14.43,252.534473825306,-1.02023633169156,256.454951794846,8.8968964386474,-1.2,-0.01,-0.7,70
14.44,252.48499681966,-1.02023633169156,256.472829215846,8.8968964386474,-1.2,-0.01,-0.7,70
14.45,252.471123375965,-1.02023633169156,256.467385512493,8.8968964386474,-1.2,-0.01,-0.7,70
14.455,252.476428124958,-1.02023633169156,256.455618776448,3.11385095890779,-1.2,-0.01,-0.7,70
14.46,252.489264890825,-1.02023633169156,256.43770313295,3.11385095890779,-1.2,-0.01,-0.7,70
14.47,252.535617152266,-1.02023633169156,256.383697245351,3.11385095890779,-1.2,-0.01,-0.7,70
14.48,252.606396551205,-1.02023633169156,256.30715777998,3.11385095890779,-1.2,-0.01,-0.7,70
14.49,252.698004745557,-1.02023633169156,256.211453315717,3.11385095890779,-1.2,-0.01,-0.7,70
14.5,252.807135650886,-1.02023633169156,256.099802068378,3.11385095890779,-1.2,-0.01,-0.7,70
14.51,252.930836669201,-1.02023633169156,255.974649428362,3.11385095890779,-1.2,-0.01,-0.7,70
14.514,252.983807499621,-1.02023633169156,255.92123158181,-6.39020317667864,-1.2,-0.01,-0.7,70
14.52,253.066534990874,-1.02023633169156,255.83783443325,-6.39020317667864,-1.2,-0.01,-0.7,70
14.53,253.212038268574,-1.02023633169156,255.691508104418,-6.39020317667864,-1.2,-0.01,-0.7,70
14.54,253.365517559268,-1.02023633169156,255.539930343529,-6.39020317667864,-1.2,-0.01,-0.7,70
14.55,253.525478695365,-1.02023633169156,255.389057257988,-6.39020317667864,-1.2,-0.01,-0.7,70
14.56,253.690727102641,-1.02023633169156,255.244302969095,-6.39020317667864,-1.2,-0.01,-0.7,70
14.57,253.860329715968,-1.02023633169156,255.10969717916,-6.39020317667864,-1.2,-0.01,-0.7,70
14.573,253.911948251925,-1.02023633169156,255.071730496639,-11.1477003314606,-1.2,-0.01,-0.7,70
14.58,254.033576676312,-1.02023633169156,254.988100077505,-11.1477003314606,-1.2,-0.01,-0.7,70
14.59,254.209944657868,-1.02023633169156,254.881979017015,-11.1477003314606,-1.2,-0.01,-0.7,70
14.6,254.389063007432,-1.02023633169156,254.794595244624,-11.1477003314606,-1.2,-0.01,-0.7,70
14.61,254.570683389711,-1.02023633169156,254.729736684118,-11.1477003314606,-1.2,-0.01,-0.7,70
14.62,254.754653240998,-1.02023633169156,254.690418773603,-11.1477003314606,-1.2,-0.01,-0.7,70
14.63,254.940893068683,-1.02023633169156,254.678637378606,-11.1477003314606,-1.2,-0.01,-0.7,70
14.632,254.978410428397,-1.02023633169156,254.679703905917,-2.00594796283688,-1.2,-0.01,-0.7,70
14.64,255.1293774431,-1.02023633169156,254.695721143714,-2.00594796283688,-1.2,-0.01,-0.7,70
14.65,255.320119411084,-1.02023633169156,254.74140517002,-2.00594796283688,-1.2,-0.01,-0.7,70
14.66,255.513157974106,-1.02023633169156,254.812401025748,-2.00594796283688,-1.2,-0.01,-0.7,70
14.67,255.708548266068,-1.02023633169156,254.903215471757,-2.00594796283688,-1.2,-0.01,-0.7,70
14.68,255.906354034495,-1.02023633169156,255.008858844382,-2.00594796283688,-1.2,-0.01,-0.7,70
14.69,256.106642058368,-1.02023633169156,255.125822750918,-2.00594796283688,-1.2,-0.01,-0.7,70
14.691,256.126809943575,13.7008671345389,255.138049137634,0.648621917429894,-1.2,-0.01,-0.7,70
14.696,256.228028067189,13.7008671345389,255.200351797106,0.648621917429894,-1.2,-0.01,-0.7,70
14.7,256.309419082069,13.7008671345389,255.251598795754,0.648621917429894,-1.2,-0.01,-0.7,70
14.71,256.513834755125,13.7008671345389,255.384286208708,0.648621917429894,-1.2,-0.01,-0.7,70
14.72,256.717544611846,13.7008671345389,255.521706125607,0.648621917429894,-1.2,-0.01,-0.7,70
14.73,256.91717507158,13.7008671345389,255.661363280748,0.648621917429894,-1.2,-0.01,-0.7,70
14.74,257.10879880377,13.7008671345389,255.801276691614,0.648621917429894,-1.2,-0.01,-0.7,70
14.75,257.28828971516,15.5066446207992,255.940116551843,9.48936720588724,-1.2,-0.01,-0.7,70
14.76,257.451566808644,15.5066446207992,256.076417722451,9.48936720588724,-1.2,-0.01,-0.7,70
14.77,257.594660074918,15.5066446207992,256.206692804832,9.48936720588724,-1.2,-0.01,-0.7,70
14.78,257.713758979132,15.5066446207992,256.325478505842,9.48936720588724,-1.2,-0.01,-0.7,70
14.79,257.805332511877,15.5066446207992,256.427985617738,9.48936720588724,-1.2,-0.01,-0.7,70
14.8,257.866206590913,15.5066446207992,256.510897358389,9.48936720588724,-1.2,-0.01,-0.7,70
14.809,257.892438168042,9.62056737904849,256.56679188955,8.16100933834921,-1.2,-0.01,-0.7,70
14.81,257.89359987059,9.62056737904849,256.571857496932,8.16100933834921,-1.2,-0.01,-0.7,70
14.815,257.893985934757,9.62056737904849,256.59361341598,8.16100933834921,-1.2,-0.01,-0.7,70
14.82,257.885179954642,9.62056737904849,256.609369995377,8.16100933834921,-1.2,-0.01,-0.7,70
14.83,257.83941801989,9.62056737904849,256.622849970282,8.16100933834921,-1.2,-0.01,-0.7,70
14.84,257.755696292602,9.62056737904849,256.612411640766,8.16100933834921,-1.2,-0.01,-0.7,70
14.85,257.63407025902,9.62056737904849,256.578297421928,8.16100933834921,-1.2,-0.01,-0.7,70
14.86,257.47505750138,9.62056737904849,256.520698710389,8.16100933834921,-1.2,-0.01,-0.7,70
14.868,257.321469121467,-5.00496096577682,256.457831681815,-0.696697856408695,-1.2,-0.01,-0.7,70
14.87,257.279471823794,-5.00496096577682,256.439791922018,-0.696697856408695,-1.2,-0.01,-0.7,70
14.88,257.048471584757,-5.00496096577682,256.336510452341,-0.696697856408695,-1.2,-0.01,-0.7,70
14.89,256.784439537853,-5.00496096577682,256.214150706564,-0.696697856408695,-1.2,-0.01,-0.7,70
14.9,256.491129936857,-5.00496096577682,256.077992369014,-0.696697856408695,-1.2,-0.01,-0.7,70
14.91,256.173115887466,-5.00496096577682,255.933053159059,-0.696697856408695,-1.2,-0.01,-0.7,70
14.92,255.835337426962,-5.00496096577682,255.783159220979,-0.696697856408695,-1.2,-0.01,-0.7,70
14.927,255.589801615107,-20.8525909820361,255.676824875508,-9.60648012365017,-1.2,-0.01,-0.7,70
14.93,255.482767630989,-20.8525909820361,255.631099400174,-9.60648012365017,-1.2,-0.01,-0.7,70
14.94,255.120440365614,-20.8525909820361,255.479581813134,-9.60648012365017,-1.2,-0.01,-0.7,70
14.95,254.754404020635,-20.8525909820361,255.333036619636,-9.60648012365017,-1.2,-0.01,-0.7,70
14.96,254.391708884137,-20.8525909820361,255.197252437107,-9.60648012365017,-1.2,-0.01,-0.7,70
14.97,254.039781407682,-20.8525909820361,255.077288237635,-9.60648012365017,-1.2,-0.01,-0.7,70
14.98,253.705949852694,-20.8525909820361,254.976811349661,-9.60648012365017,-1.2,-0.01,-0.7,70
14.986,253.517234160298,-8.01244351556808,254.926985074155,-9.18221384147628,-1.2,-0.01,-0.7,70
14.99,253.397118140783,-8.01244351556808,254.898382805504,-9.18221384147628,-1.2,-0.01,-0.7,70
15,253.119291099679,-8.01244351556808,254.843659210932,-9.18221384147628,-1.2,-0.01,-0.7,70
